{"fmus":{"{Control}":"file:////home/student/fmss/into-cps/FMUs/line_following_robot.fmu","{Plant}":"file:////home/student/fmss/into-cps/FMUs/Body_Block.fmu","{SensorLeft}":"file:////home/student/fmss/into-cps/FMUs/Sensor_Block_01.fmu","{SensorRight}":"file:////home/student/fmss/into-cps/FMUs/Sensor_Block_02.fmu","{Attack}":"file:////home/student/fmss/into-cps/FMUs/Attack_fmu.fmu"},"connections":{"{Control}.ControlInstance.servoLeftVal":["{Plant}.PlantInstance.servo_left_input"],"{Control}.ControlInstance.servoRightVal":["{Plant}.PlantInstance.servo_right_input"],"{Plant}.PlantInstance.robot_x":["{SensorLeft}.SensorLeftInstance.robot_x","{SensorRight}.SensorRightInstance.robot_x"],"{Plant}.PlantInstance.robot_y":["{SensorRight}.SensorRightInstance.robot_y","{SensorLeft}.SensorLeftInstance.robot_y"],"{Plant}.PlantInstance.robot_z":["{SensorLeft}.SensorLeftInstance.robot_z","{SensorRight}.SensorRightInstance.robot_z"],"{Plant}.PlantInstance.robot_theta":["{SensorLeft}.SensorLeftInstance.robot_theta","{SensorRight}.SensorRightInstance.robot_theta"],"{SensorLeft}.SensorLeftInstance.lf_1_sensor_reading":["{Control}.ControlInstance.lfLeftVal"],"{SensorRight}.SensorRightInstance.lf_1_sensor_reading":["{Attack}.AttackInstance.input"],"{Attack}.AttackInstance.output":["{Control}.ControlInstance.lfRightVal"]},"parameters":{"{Control}.ControlInstance.backwardRotate":0.1,"{Control}.ControlInstance.forwardRotate":0.4,"{Control}.ControlInstance.forwardSpeed":0.5,"{Control}.ControlInstance.LSR_THRESHOLD":150,"{SensorLeft}.SensorLeftInstance.lf_position_x":-0.01,"{SensorLeft}.SensorLeftInstance.lf_position_y":0.065,"{SensorRight}.SensorRightInstance.lf_position_y":0.065,"{SensorRight}.SensorRightInstance.lf_position_x":0.01,"{Attack}.AttackInstance.attack_time":5,"{Attack}.AttackInstance.attack_value":255,"{Attack}.AttackInstance.step_size":0.1},"liveGraphColumns":1,"liveGraphVisibleRowCount":1,"logVariables":{},"algorithm":{"type":"fixed-step","size":0.1},"parallelSimulation":false,"stabalizationEnabled":false,"global_absolute_tolerance":0,"global_relative_tolerance":0.01,"simulationProgramDelay":false,"livestream":{"{Control}.ControlInstance":["servoLeftVal","servoRightVal"],"{Plant}.PlantInstance":["robot_theta","robot_x","robot_y","robot_z"]}}