time,step-size,{attack1}.attack1Instance.output,{attack2}.attack2Instance.output,{control}.controlInstance.servoLeftVal,{control}.controlInstance.servoRightVal,{plant}.plantInstance.robot_theta,{plant}.plantInstance.robot_x,{plant}.plantInstance.robot_y,{plant}.plantInstance.robot_z,{sensor_far_left}.sensor_far_leftInstance.lf_1_sensor_reading,{sensor_far_right}.sensor_far_rightInstance.lf_1_sensor_reading,{sensor_mid_left}.sensor_mid_leftInstance.lf_1_sensor_reading,{sensor_mid_right}.sensor_mid_rightInstance.lf_1_sensor_reading
0.0,0.0,0.0,0.0,0.0,0.0,0.0,0.0,0.0,0.0,1.0000000000000002,1.0000000000000002,1.0000000000000002,0.0
0.1,0.1,0.0,0.0,0.4,-0.4,0.0,0.138,-0.08,0.0,255.00000000000006,254.00000000000006,254.00000000000006,254.00000000000006
0.2,0.1,0.4,-0.4,0.4,-0.4,0.0,0.138,-0.08,0.0,254.00000000000006,254.00000000000006,254.00000000000006,255.00000000000006
0.30000000000000004,0.1,0.4,-0.4,0.4,-0.4,0.0,0.138,-0.0781205777356358,0.0,254.00000000000006,254.00000000000006,254.00000000000006,255.00000000000006
0.4,0.1,0.4,-0.4,0.4,-0.4,0.0,0.138,-0.07516805482427268,0.0,255.00000000000006,255.00000000000006,254.00000000000006,254.00000000000006
0.5,0.1,0.4,-0.4,0.4,-0.4,0.0,0.138,-0.07143901247151024,0.0,255.00000000000006,255.00000000000006,254.00000000000006,254.00000000000006
0.6,0.1,0.4,-0.4,0.4,-0.4,0.0,0.138,-0.06708661330582183,0.0,254.00000000000006,255.00000000000006,254.00000000000006,255.00000000000006
0.7,0.1,0.4,-0.4,0.4,-0.4,0.0,0.138,-0.0622338097774027,0.0,254.00000000000006,255.00000000000006,254.00000000000006,255.00000000000006
0.7999999999999999,0.1,0.4,-0.4,0.4,-0.4,0.0,0.138,-0.0569793028889697,0.0,254.00000000000006,254.00000000000006,254.00000000000006,254.00000000000006
0.8999999999999999,0.1,0.4,-0.4,0.4,-0.4,0.0,0.138,-0.051402325611657806,0.0,254.00000000000006,254.00000000000006,255.00000000000006,254.00000000000006
0.9999999999999999,0.1,0.4,-0.4,0.4,-0.4,0.0,0.138,-0.04556648280805284,0.0,254.00000000000006,255.00000000000006,255.00000000000006,254.00000000000006
1.0999999999999999,0.1,0.4,-0.4,0.4,-0.4,0.0,0.138,-0.03946149389147694,0.0,254.00000000000006,254.00000000000006,254.00000000000006,255.00000000000006
1.2,0.1,0.4,-0.4,0.4,-0.4,0.0,0.138,-0.03324953682293243,0.0,254.00000000000006,254.00000000000006,255.00000000000006,254.00000000000006
1.3,0.1,0.4,-0.4,0.4,-0.4,0.0,0.138,-0.026903959223477297,0.0,255.00000000000006,254.00000000000006,254.00000000000006,254.00000000000006
1.4000000000000001,0.1,0.4,-0.4,0.4,-0.4,0.0,0.138,-0.020451116739398208,0.0,254.00000000000006,254.00000000000006,254.00000000000006,254.00000000000006
1.5000000000000002,0.1,0.4,-0.4,0.4,-0.4,0.0,0.138,-0.013912166563671835,0.0,254.00000000000006,254.00000000000006,254.00000000000006,254.00000000000006
1.6000000000000003,0.1,0.4,-0.4,0.4,-0.4,0.0,0.138,-0.007304092791842104,0.0,255.00000000000006,254.00000000000006,255.00000000000006,254.00000000000006
1.7000000000000004,0.1,0.4,-0.4,0.4,-0.4,0.0,0.138,-6.405295341505718E-4,0.0,255.00000000000006,254.00000000000006,254.00000000000006,254.00000000000006
1.8000000000000005,0.1,0.4,-0.4,0.4,-0.4,0.0,0.138,0.006067578325019821,0.0,255.00000000000006,254.00000000000006,254.00000000000006,254.00000000000006
1.9000000000000006,0.1,0.4,-0.4,0.4,-0.4,0.0,0.138,0.012811444697539115,0.0,254.00000000000006,255.00000000000006,254.00000000000006,254.00000000000006
2.0000000000000004,0.1,0.4,-0.4,0.4,-0.4,0.0,0.138,0.019584016485181016,0.0,254.00000000000006,254.00000000000006,254.00000000000006,254.00000000000006
2.1000000000000005,0.1,0.4,-0.4,0.4,-0.4,0.0,0.138,0.026379631760378525,0.0,254.00000000000006,254.00000000000006,254.00000000000006,254.00000000000006
2.2000000000000006,0.1,0.4,-0.4,0.4,-0.4,0.0,0.138,0.03319374536825852,0.0,254.00000000000006,254.00000000000006,254.00000000000006,255.00000000000006
2.3000000000000007,0.1,0.4,-0.4,0.4,-0.4,0.0,0.138,0.040022708651614225,0.0,254.00000000000006,254.00000000000006,254.00000000000006,254.00000000000006
2.400000000000001,0.1,0.4,-0.4,0.4,-0.4,0.0,0.138,0.04686359262347296,0.0,254.00000000000006,255.00000000000006,255.00000000000006,254.00000000000006
2.500000000000001,0.1,0.4,-0.4,0.4,-0.4,0.0,0.138,0.05371404601754719,0.0,255.00000000000006,254.00000000000006,255.00000000000006,255.00000000000006
2.600000000000001,0.1,0.4,-0.4,0.4,-0.4,0.0,0.138,0.0605721813371672,0.0,254.00000000000006,255.00000000000006,254.00000000000006,254.00000000000006
2.700000000000001,0.1,0.4,-0.4,0.4,-0.4,0.0,0.138,0.06743648338020712,0.0,254.00000000000006,254.00000000000006,254.00000000000006,255.00000000000006
2.800000000000001,0.1,0.4,-0.4,0.4,-0.4,0.0,0.138,0.07430573580678206,0.0,254.00000000000006,255.00000000000006,254.00000000000006,254.00000000000006
2.9000000000000012,0.1,0.4,-0.4,0.4,-0.4,0.0,0.138,0.08117896219091487,0.0,254.00000000000006,254.00000000000006,254.00000000000006,255.00000000000006
3.0000000000000013,0.1,0.4,-0.4,0.4,-0.4,0.0,0.138,0.0880553786993203,0.0,254.00000000000006,254.00000000000006,254.00000000000006,254.00000000000006
3.1000000000000014,0.1,0.8,-0.4,0.4,-0.4,0.0,0.138,0.09493435610394226,0.0,255.00000000000006,254.00000000000006,254.00000000000006,254.00000000000006
3.2000000000000015,0.1,0.8,-0.4,0.4,-0.4,-0.038751766748944094,0.1386123910584872,0.1027444104496278,0.0,254.00000000000006,254.00000000000006,254.00000000000006,254.00000000000006
3.3000000000000016,0.1,0.8,-0.4,0.4,-0.4,-0.08986035610596893,0.13977704780623335,0.111045348418861,0.0,254.00000000000006,254.00000000000006,254.00000000000006,16.000000000000004
3.4000000000000017,0.1,0.8,-0.4,0.3,-0.1,-0.1480972358500379,0.1415300562530372,0.11964609160600344,0.0,254.00000000000006,254.00000000000006,254.00000000000006,1.0000000000000002
3.5000000000000018,0.1,0.6,-0.1,0.3,-0.1,-0.2108141267685019,0.14391154198265244,0.12842253411540372,0.0,255.00000000000006,254.00000000000006,1.0000000000000002,1.0000000000000002
3.600000000000002,0.1,0.6,-0.1,0.4,-0.4,-0.28604245339341183,0.14680588321330015,0.13608285214854599,0.0,254.00000000000006,254.00000000000006,1.0000000000000002,254.00000000000006
3.700000000000002,0.1,0.8,-0.4,0.1,-0.3,-0.3661319639280698,0.15020044976457306,0.14302922009175073,0.0,254.00000000000006,254.00000000000006,254.00000000000006,254.00000000000006
3.800000000000002,0.1,0.2,-0.3,0.1,-0.3,-0.43941950340640973,0.15438511232365087,0.15050599874326998,0.0,254.00000000000006,255.00000000000006,255.00000000000006,254.00000000000006
3.900000000000002,0.1,0.2,-0.3,0.1,-0.3,-0.4630040293624954,0.15785035381277013,0.15692290026686573,0.0,255.00000000000006,254.00000000000006,254.00000000000006,255.00000000000006
4.000000000000002,0.1,0.2,-0.3,0.1,-0.3,-0.4704983471499665,0.16092200499522458,0.1627921004924172,0.0,255.00000000000006,254.00000000000006,255.00000000000006,255.00000000000006
4.100000000000001,0.1,0.1,-0.3,0.1,-0.3,-0.46867688546093994,0.16369704650610048,0.1682988745329282,0.0,254.00000000000006,254.00000000000006,255.00000000000006,254.00000000000006
4.200000000000001,0.1,0.1,-0.3,0.1,-0.3,-0.4513104916524478,0.16598124146955937,0.17337721164176428,0.0,255.00000000000006,255.00000000000006,254.00000000000006,254.00000000000006
4.300000000000001,0.1,0.1,-0.3,0.1,-0.3,-0.427174930090482,0.16789635797053354,0.17815184634971087,0.0,255.00000000000006,254.00000000000006,254.00000000000006,254.00000000000006
4.4,0.1,0.1,-0.3,0.1,-0.3,-0.3989450417232932,0.1695037460544953,0.18269059943731375,0.0,255.00000000000006,254.00000000000006,254.00000000000006,254.00000000000006
4.5,0.1,0.1,-0.3,0.1,-0.3,-0.3681424963149905,0.17084557536065645,0.1870388975128694,0.0,254.00000000000006,255.00000000000006,255.00000000000006,254.00000000000006
4.6,0.1,0.1,-0.3,0.1,-0.3,-0.3357235208134523,0.17195562510093704,0.19123284751455,0.0,254.00000000000006,254.00000000000006,254.00000000000006,255.00000000000006
4.699999999999999,0.1,0.1,-0.3,0.1,-0.3,-0.3022889775261555,0.17286040093432808,0.19530134249233855,0.0,254.00000000000006,254.00000000000006,254.00000000000006,255.00000000000006
4.799999999999999,0.1,0.1,-0.3,0.1,-0.3,-0.26821641100214355,0.173580419899314,0.1992674640780706,0.0,254.00000000000006,254.00000000000006,255.00000000000006,254.00000000000006
4.899999999999999,0.1,0.1,-0.3,0.1,-0.3,-0.23374303597766832,0.17413141855659525,0.20314951367308687,0.0,254.00000000000006,254.00000000000006,254.00000000000006,254.00000000000006
4.999999999999998,0.1,0.1,-0.3,0.1,-0.3,-0.1993660459258444,0.17452220072503985,0.20692400896599678,0.0,254.00000000000006,254.00000000000006,254.00000000000006,255.00000000000006
5.099999999999998,0.1,0.1,-0.3,0.1,-0.3,-0.1644840063380508,0.1747697159983939,0.21067815949781005,0.0,254.00000000000006,254.00000000000006,254.00000000000006,254.00000000000006
5.1999999999999975,0.1,0.05,-0.3,0.1,-0.3,-0.12950218685341344,0.17487619732884566,0.21438182883830736,0.0,254.00000000000006,254.00000000000006,254.00000000000006,254.00000000000006
5.299999999999997,0.1,0.05,-0.3,0.1,-0.3,-0.08961121524029061,0.17476732441399623,0.21793060877135245,0.0,254.00000000000006,254.00000000000006,255.00000000000006,254.00000000000006
5.399999999999997,0.1,0.05,-0.3,0.1,-0.3,-0.0481361713361798,0.17448555372302796,0.22136955908996447,0.0,254.00000000000006,254.00000000000006,254.00000000000006,255.00000000000006
5.4999999999999964,0.1,0.05,-0.3,0.1,-0.3,-0.0057455313141935764,0.17404598757531436,0.2247156646769522,0.0,255.00000000000006,254.00000000000006,254.00000000000006,254.00000000000006
5.599999999999996,0.1,0.05,-0.3,0.1,-0.3,0.037220327627432895,0.173457632753871,0.22797695717130745,0.0,254.00000000000006,254.00000000000006,254.00000000000006,254.00000000000006
5.699999999999996,0.1,0.05,-0.3,0.1,-0.3,0.08054754923277675,0.17272745974861542,0.23115915151244076,0.0,254.00000000000006,254.00000000000006,255.00000000000006,254.00000000000006
5.799999999999995,0.1,0.05,-0.3,0.1,-0.3,0.12410177538248095,0.17186098817203532,0.23426600654561142,0.0,255.00000000000006,255.00000000000006,254.00000000000006,255.00000000000006
5.899999999999995,0.1,0.05,-0.3,0.1,-0.3,0.16779859608128564,0.1708627346923268,0.23729964876565812,0.0,254.00000000000006,254.00000000000006,254.00000000000006,254.00000000000006
5.999999999999995,0.1,0.05,-0.3,0.1,-0.3,0.21158498273828905,0.16973655003015187,0.24026085925363044,0.0,254.00000000000006,255.00000000000006,255.00000000000006,254.00000000000006
6.099999999999994,0.1,0.05,-0.3,0.1,-0.3,0.2554276226411237,0.16848586938892593,0.2431493242708032,0.0,254.00000000000006,255.00000000000006,254.00000000000006,254.00000000000006
6.199999999999994,0.1,0.1,-0.3,0.1,-0.3,0.2993055896036612,0.16711389661773268,0.24596385129845538,0.0,254.00000000000006,254.00000000000006,254.00000000000006,254.00000000000006
6.299999999999994,0.1,0.1,-0.3,0.1,-0.3,0.3383589958117581,0.16564901798150203,0.24883597036006877,0.0,254.00000000000006,254.00000000000006,254.00000000000006,255.00000000000006
6.399999999999993,0.1,0.1,-0.3,0.1,-0.3,0.3758816909577157,0.16407506993945267,0.25170981282669,0.0,255.00000000000006,254.00000000000006,254.00000000000006,255.00000000000006
6.499999999999993,0.1,0.1,-0.3,0.1,-0.3,0.4125223097722415,0.16239078517954725,0.25456443089981784,0.0,254.00000000000006,254.00000000000006,254.00000000000006,254.00000000000006
6.5999999999999925,0.1,0.1,-0.3,0.1,-0.3,0.4486087520678115,0.16059693860722085,0.2573879443906859,0.0,254.00000000000006,255.00000000000006,254.00000000000006,254.00000000000006
6.699999999999992,0.1,0.1,-0.3,0.1,-0.3,0.4843470311220728,0.15869531684829033,0.2601701629423149,0.0,254.00000000000006,254.00000000000006,254.00000000000006,254.00000000000006
6.799999999999992,0.1,0.1,-0.3,0.1,-0.3,0.5198665782995762,0.1566883428976221,0.2629022922771084,0.0,254.00000000000006,254.00000000000006,254.00000000000006,255.00000000000006
6.8999999999999915,0.1,0.1,-0.3,0.1,-0.3,0.5552487106984171,0.15457884465057511,0.2655766861271803,0.0,255.00000000000006,254.00000000000006,255.00000000000006,255.00000000000006
6.999999999999991,0.1,0.1,-0.3,0.1,-0.3,0.5905445165528844,0.15236991201222685,0.26818664207469683,0.0,254.00000000000006,254.00000000000006,254.00000000000006,254.00000000000006
7.099999999999991,0.1,0.1,-0.3,0.1,-0.3,0.6257860921670981,0.15006480892723892,0.2707262358885739,0.0,254.00000000000006,255.00000000000006,254.00000000000006,254.00000000000006
7.19999999999999,0.1,0.1,-0.3,0.1,-0.3,0.6609936018061241,0.14766691966694237,0.273190188259597,0.0,254.00000000000006,254.00000000000006,254.00000000000006,254.00000000000006
7.29999999999999,0.1,0.1,-0.3,0.1,-0.3,0.6961797132558044,0.14517971652961328,0.2755737582304167,0.0,254.00000000000006,254.00000000000006,255.00000000000006,255.00000000000006
7.39999999999999,0.1,0.1,-0.3,0.1,-0.3,0.7313523845745222,0.142606740885036,0.27787265835784,0.0,254.00000000000006,254.00000000000006,254.00000000000006,254.00000000000006
7.499999999999989,0.1,0.1,-0.3,0.1,-0.3,0.7665166149338829,0.13995159245163025,0.2800829874368533,0.0,254.00000000000006,254.00000000000006,254.00000000000006,254.00000000000006
7.599999999999989,0.1,0.1,-0.3,0.1,-0.3,0.8016755446181508,0.1372179235494406,0.2822011773461946,0.0,254.00000000000006,254.00000000000006,254.00000000000006,254.00000000000006
7.699999999999989,0.1,0.1,-0.3,0.1,-0.3,0.836831146114268,0.134409436249237,0.2842239512082498,0.0,255.00000000000006,255.00000000000006,254.00000000000006,255.00000000000006
7.799999999999988,0.1,0.1,-0.3,0.1,-0.3,0.8719846582937318,0.13152988109195615,0.28614829058766716,0.0,254.00000000000006,254.00000000000006,254.00000000000006,254.00000000000006
7.899999999999988,0.1,0.1,-0.3,0.1,-0.3,0.9071368591859579,0.12858305653946997,0.28797140989183834,0.0,255.00000000000006,254.00000000000006,254.00000000000006,254.00000000000006
7.999999999999988,0.1,0.1,-0.3,0.1,-0.3,0.9422882373437397,0.12557280863363227,0.28969073649476723,0.0,254.00000000000006,254.00000000000006,254.00000000000006,254.00000000000006
8.099999999999987,0.1,0.1,-0.3,0.1,-0.3,0.9774390994979524,0.12250303054624119,0.2913038953966394,0.0,255.00000000000006,254.00000000000006,254.00000000000006,254.00000000000006
8.199999999999987,0.1,0.1,-0.3,0.1,-0.3,1.0125896381857298,0.11937766183640476,0.29280869746639526,0.0,255.00000000000006,254.00000000000006,254.00000000000006,255.00000000000006
8.299999999999986,0.1,0.1,-0.3,0.1,-0.3,1.047739974232284,0.11620068731851182,0.29420313050393915,0.0,254.00000000000006,254.00000000000006,254.00000000000006,254.00000000000006
8.399999999999986,0.1,0.1,-0.3,0.1,-0.3,1.0828901834350717,0.11297613549963265,0.2954853525109135,0.0,254.00000000000006,254.00000000000006,254.00000000000006,254.00000000000006
8.499999999999986,0.1,0.1,-0.3,0.1,-0.3,1.1180403133237395,0.10970807658021918,0.29665368668124037,0.0,255.00000000000006,254.00000000000006,254.00000000000006,254.00000000000006
8.599999999999985,0.1,0.1,-0.3,0.1,-0.3,1.153190393685813,0.10640062003339466,0.2977066177207746,0.0,254.00000000000006,254.00000000000006,227.00000000000006,254.00000000000006
8.699999999999985,0.1,0.1,-0.3,0.1,-0.3,1.1883404431763218,0.10305791179054466,0.2986427891840668,0.0,255.00000000000006,254.00000000000006,112.00000000000003,254.00000000000006
8.799999999999985,0.1,0.1,-0.3,0.1,-0.3,1.223490473467687,0.09968413106744527,0.2994610015792548,0.0,255.00000000000006,254.00000000000006,15.000000000000004,255.00000000000006
8.899999999999984,0.1,0.1,-0.3,0.1,-0.3,1.2586404918547318,0.09628348686787039,0.30016021104257534,0.0,254.00000000000006,255.00000000000006,1.0000000000000002,254.00000000000006
8.999999999999984,0.1,0.1,-0.3,0.1,-0.3,1.2937905028895285,0.09286021420190946,0.3007395284243589,0.0,254.00000000000006,254.00000000000006,1.0000000000000002,254.00000000000006
9.099999999999984,0.1,0.1,-0.3,0.1,-0.3,1.3289405094070403,0.08941857005504236,0.30119821866068736,0.0,254.00000000000006,255.00000000000006,0.0,254.00000000000006
9.199999999999983,0.1,0.1,-0.3,0.1,-0.3,1.3640905131683314,0.08596282914198713,0.3015357003307121,0.0,254.00000000000006,254.00000000000006,1.0000000000000002,255.00000000000006
9.299999999999983,0.1,0.1,-0.3,0.1,-0.3,1.3992405152637024,0.0824972794768776,0.3017515453202869,0.0,254.00000000000006,254.00000000000006,0.0,217.00000000000006
9.399999999999983,0.1,0.1,-0.3,0.1,-0.3,1.4343905163652084,0.07902621778871252,0.3018454785290496,0.0,254.00000000000006,254.00000000000006,0.0,118.00000000000003
9.499999999999982,0.1,0.1,-0.3,0.1,-0.3,1.4695405168846805,0.07555394480841786,0.3018173775712711,0.0,254.00000000000006,254.00000000000006,1.0000000000000002,24.000000000000007
9.599999999999982,0.1,0.1,-0.3,0.4,-0.4,1.5046905170725058,0.07208476045138532,0.30166727243131275,0.0,254.00000000000006,254.00000000000006,1.0000000000000002,1.0000000000000002
9.699999999999982,0.1,0.4,-0.4,0.4,-0.4,1.539840517079287,0.06862295891705043,0.3013953450429289,0.0,254.00000000000006,255.00000000000006,1.0000000000000002,1.0000000000000002
9.799999999999981,0.1,0.4,-0.4,0.4,-0.4,1.555604741029777,0.06423515793117571,0.30128966888247627,0.0,254.00000000000006,254.00000000000006,20.000000000000004,1.0000000000000002
9.89999999999998,0.1,0.4,-0.4,0.4,-0.4,1.5652661669745276,0.05926208120904951,0.3012173619983198,0.0,255.00000000000006,254.00000000000006,2.0000000000000004,1.0000000000000002
9.99999999999998,0.1,0.4,-0.4,0.4,-0.4,1.5712615817037159,0.053949387422290565,0.3011539905834493,0.0,254.00000000000006,254.00000000000006,0.0,1.0000000000000002
10.09999999999998,0.1,0.4,-0.4,0.4,-0.4,1.5750287609637053,0.04832597287751221,0.3010925039346308,0.0,254.00000000000006,254.00000000000006,1.0000000000000002,125.00000000000003
10.19999999999998,0.1,0.4,-0.4,0.1,-0.3,1.5773958935203864,0.0424529995937422,0.30103035672306283,0.0,254.00000000000006,254.00000000000006,1.0000000000000002,254.00000000000006
10.29999999999998,0.1,0.1,-0.3,0.1,-0.3,1.5788833226607064,0.03637964661190911,0.300966692055086,0.0,254.00000000000006,254.00000000000006,12.000000000000004,254.00000000000006
10.399999999999979,0.1,0.1,-0.3,0.1,-0.3,1.5991991213160799,0.031090150227724517,0.30062719241347274,0.0,255.00000000000006,254.00000000000006,255.00000000000006,254.00000000000006
10.499999999999979,0.1,0.1,-0.3,0.1,-0.3,1.625347335930018,0.02622027826475999,0.3001017342465522,0.0,254.00000000000006,255.00000000000006,254.00000000000006,255.00000000000006
10.599999999999978,0.1,0.1,-0.3,0.1,-0.3,1.6548418505810008,0.02165377164130393,0.2994178151685391,0.0,254.00000000000006,254.00000000000006,254.00000000000006,255.00000000000006
10.699999999999978,0.1,0.1,-0.3,0.1,-0.3,1.6864389569644096,0.01734028628730548,0.2985905790026529,0.0,254.00000000000006,255.00000000000006,255.00000000000006,254.00000000000006
10.799999999999978,0.1,0.1,-0.3,0.1,-0.3,1.7193571159890413,0.013239760076719106,0.2976319011958032,0.0,254.00000000000006,254.00000000000006,254.00000000000006,255.00000000000006
10.899999999999977,0.1,0.1,-0.3,0.1,-0.3,1.7531052466677188,0.00932043905041971,0.29655073485794886,0.0,254.00000000000006,255.00000000000006,255.00000000000006,255.00000000000006
10.999999999999977,0.1,0.1,-0.3,0.1,-0.3,1.7873747911654443,0.005557328916162924,0.29535369091034114,0.0,254.00000000000006,254.00000000000006,254.00000000000006,255.00000000000006
11.099999999999977,0.1,0.1,-0.3,0.1,-0.3,1.8219718835265653,0.0019309416808478697,0.2940456218174228,0.0,255.00000000000006,254.00000000000006,254.00000000000006,254.00000000000006
11.199999999999976,0.1,0.1,-0.3,0.1,-0.3,1.856774723691955,-0.0015737327020122482,0.2926301241854525,0.0,254.00000000000006,254.00000000000006,254.00000000000006,254.00000000000006
11.299999999999976,0.1,0.1,-0.3,0.1,-0.3,1.8917067920368331,-0.00496807340668759,0.29110994018797903,0.0,254.00000000000006,254.00000000000006,254.00000000000006,254.00000000000006
11.399999999999975,0.1,0.1,-0.3,0.1,-0.3,1.9267200184881192,-0.008260526091331044,0.28948726427548266,0.0,254.00000000000006,255.00000000000006,254.00000000000006,254.00000000000006
11.499999999999975,0.1,0.1,-0.3,0.1,-0.3,1.9617842070588636,-0.011457175654566526,0.28776397049075975,0.0,254.00000000000006,254.00000000000006,254.00000000000006,254.00000000000006
11.599999999999975,0.1,0.1,-0.3,0.1,-0.3,1.996880391107803,-0.014562215344197993,0.2859417768977235,0.0,254.00000000000006,254.00000000000006,254.00000000000006,254.00000000000006
11.699999999999974,0.1,0.1,-0.3,0.1,-0.3,2.0319966584709617,-0.01757832995502212,0.2840223618407142,0.0,254.00000000000006,254.00000000000006,254.00000000000006,254.00000000000006
11.799999999999974,0.1,0.1,-0.3,0.1,-0.3,2.0671255284913133,-0.020507008128638204,0.2820074441118776,0.0,254.00000000000006,254.00000000000006,255.00000000000006,254.00000000000006
11.899999999999974,0.1,0.1,-0.3,0.1,-0.3,2.102262304127433,-0.023348796389819598,0.27989883650870545,0.0,254.00000000000006,254.00000000000006,254.00000000000006,255.00000000000006
11.999999999999973,0.1,0.1,-0.3,0.1,-0.3,2.137404036700998,-0.02610350547830126,0.27769848003215597,0.0,254.00000000000006,254.00000000000006,254.00000000000006,254.00000000000006
12.099999999999973,0.1,0.1,-0.3,0.1,-0.3,2.1725488755523545,-0.028770377742218384,0.27540846417521947,0.0,254.00000000000006,255.00000000000006,254.00000000000006,255.00000000000006
12.199999999999973,0.1,0.1,-0.3,0.1,-0.3,2.2076956595183264,-0.031348222830086064,0.27303103734889256,0.0,254.00000000000006,254.00000000000006,254.00000000000006,255.00000000000006
12.299999999999972,0.1,0.1,-0.3,0.1,-0.3,2.24284366033189,-0.03383552762775033,0.2705686104218877,0.0,254.00000000000006,255.00000000000006,254.00000000000006,254.00000000000006
12.399999999999972,0.1,0.1,-0.3,0.1,-0.3,2.277992421460993,-0.036230545307667256,0.2680237555440414,0.0,255.00000000000006,254.00000000000006,254.00000000000006,255.00000000000006
12.499999999999972,0.1,0.1,-0.3,0.1,-0.3,2.313141656900438,-0.038531367462058236,0.26539920182146315,0.0,254.00000000000006,254.00000000000006,254.00000000000006,254.00000000000006
12.599999999999971,0.1,0.1,-0.3,0.1,-0.3,2.348291187622812,-0.0407359825520211,0.2626978289652507,0.0,254.00000000000006,254.00000000000006,255.00000000000006,255.00000000000006
12.69999999999997,0.1,0.1,-0.3,0.1,-0.3,2.383440901682866,-0.04284232329700338,0.2599226597067303,0.0,254.00000000000006,254.00000000000006,254.00000000000006,254.00000000000006
12.79999999999997,0.1,0.1,-0.3,0.1,-0.3,2.4185907291770667,-0.04484830513146279,0.25707685153125137,0.0,254.00000000000006,254.00000000000006,254.00000000000006,255.00000000000006
12.89999999999997,0.1,0.1,-0.3,0.1,-0.3,2.453740626531569,-0.04675185744927787,0.25416368810721485,0.0,255.00000000000006,254.00000000000006,254.00000000000006,254.00000000000006
12.99999999999997,0.1,0.1,-0.3,0.1,-0.3,2.488890566647118,-0.04855094902559426,0.2511865706603877,0.0,255.00000000000006,254.00000000000006,254.00000000000006,254.00000000000006
13.09999999999997,0.1,0.1,-0.3,0.1,-0.3,2.5240405327205746,-0.050243608736848355,0.248149009453002,0.0,254.00000000000006,254.00000000000006,254.00000000000006,254.00000000000006
13.199999999999969,0.1,0.1,-0.3,0.1,-0.3,2.559190514373796,-0.05182794248152259,0.24505461546318819,0.0,254.00000000000006,254.00000000000006,254.00000000000006,254.00000000000006
13.299999999999969,0.1,0.1,-0.3,0.1,-0.3,2.5943405052301074,-0.05330214702745914,0.24190709231584856,0.0,254.00000000000006,254.00000000000006,254.00000000000006,254.00000000000006
13.399999999999968,0.1,0.1,-0.3,0.1,-0.3,2.6294905013985685,-0.05466452136864239,0.23871022848588147,0.0,255.00000000000006,254.00000000000006,254.00000000000006,254.00000000000006
13.499999999999968,0.1,0.1,-0.3,0.1,-0.3,2.6646405005272378,-0.05591347605894595,0.23546788977477334,0.0,254.00000000000006,255.00000000000006,254.00000000000006,254.00000000000006
13.599999999999968,0.1,0.1,-0.3,0.1,-0.3,2.699790501212832,-0.05704754089727149,0.23218401204905192,0.0,255.00000000000006,254.00000000000006,255.00000000000006,254.00000000000006
13.699999999999967,0.1,0.1,-0.3,0.1,-0.3,2.7349405026334326,-0.058065371263566284,0.22886259422182542,0.0,254.00000000000006,254.00000000000006,167.00000000000003,254.00000000000006
13.799999999999967,0.1,0.1,-0.3,0.1,-0.3,2.7700905043205957,-0.05896575334493953,0.22550769145498106,0.0,254.00000000000006,254.00000000000006,52.000000000000014,254.00000000000006
13.899999999999967,0.1,0.1,-0.3,0.1,-0.3,2.80524050601851,-0.05974760844270616,0.22212340855845292,0.0,255.00000000000006,254.00000000000006,1.0000000000000002,255.00000000000006
13.999999999999966,0.1,0.1,-0.3,0.1,-0.3,2.840390507597366,-0.06040999651238593,0.2187138935634479,0.0,255.00000000000006,255.00000000000006,0.0,254.00000000000006
14.099999999999966,0.1,0.1,-0.3,0.1,-0.3,2.8755405090004174,-0.06095211905762141,0.21528333144801054,0.0,254.00000000000006,255.00000000000006,1.0000000000000002,254.00000000000006
14.199999999999966,0.1,0.1,-0.3,0.1,-0.3,2.91069051021193,-0.06137332147414648,0.21183593799541967,0.0,254.00000000000006,255.00000000000006,1.0000000000000002,254.00000000000006
14.299999999999965,0.1,0.1,-0.3,0.1,-0.3,2.9458405112380164,-0.06167309492012871,0.20837595376831103,0.0,254.00000000000006,255.00000000000006,1.0000000000000002,147.00000000000003
14.399999999999965,0.1,0.1,-0.3,0.1,-0.3,2.9809905120953504,-0.0618510777734233,0.20490763818391577,0.0,254.00000000000006,254.00000000000006,1.0000000000000002,9.000000000000002
14.499999999999964,0.1,0.1,-0.3,0.4,-0.4,3.016140512804714,-0.06190705672373631,0.20143526367826747,0.0,254.00000000000006,254.00000000000006,32.00000000000001,1.0000000000000002
14.599999999999964,0.1,0.4,-0.4,0.4,-0.4,3.051290513387439,-0.0618409675377492,0.19796310994956035,0.0,254.00000000000006,255.00000000000006,219.00000000000006,1.0000000000000002
14.699999999999964,0.1,0.4,-0.4,0.3,-0.1,3.0670547383766222,-0.06199574553478021,0.19357650966823625,0.0,254.00000000000006,254.00000000000006,254.00000000000006,1.0000000000000002
14.799999999999963,0.1,0.3,-0.1,0.3,-0.1,3.0766410317002686,-0.06221615591741428,0.188658957158645,0.0,254.00000000000006,255.00000000000006,255.00000000000006,1.0000000000000002
14.899999999999963,0.1,0.3,-0.1,0.3,-0.1,3.063282142102372,-0.06268431911279321,0.1843118327586355,0.0,255.00000000000006,254.00000000000006,254.00000000000006,1.0000000000000002
14.999999999999963,0.1,0.3,-0.1,0.3,-0.1,3.0415052388791883,-0.06332074440720767,0.1802075513479725,0.0,255.00000000000006,254.00000000000006,254.00000000000006,1.0000000000000002
15.099999999999962,0.1,0.3,-0.1,0.3,-0.1,3.014757519371637,-0.06410403391160927,0.17626426649845894,0.0,255.00000000000006,255.00000000000006,255.00000000000006,1.0000000000000002
15.199999999999962,0.1,0.3,-0.1,0.3,-0.1,2.984886512950191,-0.06502250371212046,0.1724600857408236,0.0,254.00000000000006,254.00000000000006,126.00000000000003,1.0000000000000002
15.299999999999962,0.1,0.3,-0.1,0.3,-0.1,2.9530531183642377,-0.06606734399535463,0.16877800659869757,0.0,254.00000000000006,254.00000000000006,4.000000000000001,0.0
15.399999999999961,0.1,0.3,-0.1,0.4,-0.4,2.919986762834539,-0.06723201735666717,0.16520490800273585,0.0,255.00000000000006,254.00000000000006,1.0000000000000002,26.000000000000007
15.499999999999961,0.1,0.4,-0.4,0.4,-0.4,2.886145758632207,-0.06851166053131341,0.16173082680073098,0.0,254.00000000000006,254.00000000000006,1.0000000000000002,152.00000000000003
15.59999999999996,0.1,0.4,-0.4,0.1,-0.3,2.871203420418974,-0.06988948136613954,0.15736729634959257,0.0,255.00000000000006,255.00000000000006,0.0,234.00000000000006
15.69999999999996,0.1,0.1,-0.3,0.1,-0.3,2.8621334112750247,-0.07137804371779444,0.15251803633930716,0.0,254.00000000000006,254.00000000000006,0.0,161.00000000000003
15.79999999999996,0.1,0.1,-0.3,0.1,-0.3,2.875816442260552,-0.07243315162481506,0.14815070325171786,0.0,254.00000000000006,255.00000000000006,1.0000000000000002,7.000000000000002
15.89999999999996,0.1,0.1,-0.3,0.4,-0.4,2.897796984908834,-0.0732401589589273,0.1439778774637896,0.0,254.00000000000006,254.00000000000006,11.000000000000002,1.0000000000000002
15.99999999999996,0.1,0.4,-0.4,0.4,-0.4,2.9246726623808574,-0.07384819262377748,0.1399252948724204,0.0,254.00000000000006,255.00000000000006,247.00000000000006,1.0000000000000002
16.09999999999996,0.1,0.4,-0.4,0.3,-0.1,2.935239733106266,-0.07473983538250975,0.13510722416822418,0.0,255.00000000000006,139.00000000000003,255.00000000000006,5.000000000000001
16.19999999999996,0.1,0.3,-0.1,0.3,-0.1,2.9415608372859183,-0.07573671203464344,0.1298674709065129,0.0,250.00000000000006,1.0000000000000002,254.00000000000006,254.00000000000006
16.29999999999996,0.1,0.3,-0.1,0.3,-0.1,2.9261508853786067,-0.07688366457905996,0.12530559297160038,0.0,0.0,1.0000000000000002,254.00000000000006,254.00000000000006
16.399999999999963,0.1,0.3,-0.1,0.4,-0.4,2.903085283455613,-0.07815319167630086,0.12107243636957447,0.0,0.0,1.0000000000000002,254.00000000000006,254.00000000000006
16.499999999999964,0.1,0.4,-0.4,0.4,-0.4,2.875527810250888,-0.07953757634299935,0.11707152419999807,0.0,1.0000000000000002,37.00000000000001,254.00000000000006,255.00000000000006
16.599999999999966,0.1,0.4,-0.4,0.4,-0.4,2.864532145716943,-0.08102106192638253,0.11228751195672866,0.0,0.0,177.00000000000003,254.00000000000006,254.00000000000006
16.699999999999967,0.1,0.4,-0.4,0.1,-0.3,2.8579416981748245,-0.08260203416098857,0.107102087493453,0.0,1.0000000000000002,254.00000000000006,255.00000000000006,255.00000000000006
16.79999999999997,0.1,0.1,-0.3,0.1,-0.3,2.853800586596628,-0.08426236296673306,0.10163837920328016,0.0,123.00000000000003,254.00000000000006,254.00000000000006,255.00000000000006
16.89999999999997,0.1,0.1,-0.3,0.1,-0.3,2.8705798345451736,-0.08545141230084238,0.0967746625212584,0.0,254.00000000000006,254.00000000000006,254.00000000000006,254.00000000000006
16.99999999999997,0.1,0.1,-0.3,0.1,-0.3,2.894505798687023,-0.0863581999855399,0.09220111083557535,0.0,254.00000000000006,255.00000000000006,255.00000000000006,254.00000000000006
17.099999999999973,0.1,0.1,-0.3,0.1,-0.3,2.922603905989422,-0.08703865418301493,0.08782509386279048,0.0,254.00000000000006,255.00000000000006,254.00000000000006,254.00000000000006
17.199999999999974,0.1,0.1,-0.3,0.1,-0.3,2.953323522110644,-0.08751849428153705,0.08361155508391678,0.0,254.00000000000006,254.00000000000006,254.00000000000006,254.00000000000006
17.299999999999976,0.1,0.1,-0.3,0.1,-0.3,2.985690255000735,-0.08781804160838946,0.07953269616914439,0.0,254.00000000000006,254.00000000000006,254.00000000000006,255.00000000000006
17.399999999999977,0.1,0.1,-0.3,0.1,-0.3,3.019091846820079,-0.08795300425852853,0.0755664665500655,0.0,254.00000000000006,254.00000000000006,254.00000000000006,254.00000000000006
17.49999999999998,0.1,0.1,-0.3,0.1,-0.3,3.0531435992911264,-0.08793536898636073,0.07169550134943863,0.0,255.00000000000006,254.00000000000006,254.00000000000006,254.00000000000006
17.59999999999998,0.1,0.1,-0.3,0.1,-0.3,3.087603803813594,-0.08777422510246832,0.06790630267563254,0.0,254.00000000000006,255.00000000000006,254.00000000000006,254.00000000000006
17.69999999999998,0.1,0.1,-0.3,0.1,-0.3,3.122320598114411,-0.08747646127486436,0.06418857383356562,0.0,255.00000000000006,254.00000000000006,254.00000000000006,254.00000000000006
17.799999999999983,0.1,0.1,-0.3,0.1,-0.3,3.1571985724333382,-0.08704732786398775,0.06053466437127937,0.0,254.00000000000006,254.00000000000006,254.00000000000006,255.00000000000006
17.899999999999984,0.1,0.1,-0.3,0.1,-0.3,3.192177786434001,-0.08649087835195104,0.056939103723376835,0.0,254.00000000000006,255.00000000000006,254.00000000000006,254.00000000000006
17.999999999999986,0.1,0.1,-0.3,0.1,-0.3,3.2272205847907913,-0.08581030983399679,0.05339820921728798,0.0,255.00000000000006,254.00000000000006,254.00000000000006,254.00000000000006
18.099999999999987,0.1,0.1,-0.3,0.1,-0.3,3.2623033131668104,-0.0850082225450575,0.04990975756310288,0.0,255.00000000000006,254.00000000000006,254.00000000000006,254.00000000000006
18.19999999999999,0.1,0.1,-0.3,0.1,-0.3,3.2974111133273802,-0.08408681594084752,0.04647271061012419,0.0,254.00000000000006,255.00000000000006,254.00000000000006,254.00000000000006
18.29999999999999,0.1,0.1,-0.3,0.1,-0.3,3.3325346529665,-0.08304803576662456,0.043086987262517265,0.0,254.00000000000006,255.00000000000006,254.00000000000006,254.00000000000006
18.39999999999999,0.1,0.1,-0.3,0.1,-0.3,3.3676680711449536,-0.08189368360420185,0.03975327439460158,0.0,254.00000000000006,254.00000000000006,254.00000000000006,254.00000000000006
18.499999999999993,0.1,0.1,-0.3,0.1,-0.3,3.402807687501153,-0.08062549786507098,0.03647287049913216,0.0,254.00000000000006,255.00000000000006,254.00000000000006,254.00000000000006
18.599999999999994,0.1,0.1,-0.3,0.1,-0.3,3.437951191332904,-0.07924521314554883,0.03324755664832535,0.0,255.00000000000006,254.00000000000006,254.00000000000006,254.00000000000006
18.699999999999996,0.1,0.1,-0.3,0.1,-0.3,3.4730971321707207,-0.07775460323832767,0.030079490132533,0.0,255.00000000000006,255.00000000000006,254.00000000000006,255.00000000000006
18.799999999999997,0.1,0.1,-0.3,0.1,-0.3,3.5082445997664444,-0.07615551183446206,0.02697111685145019,0.0,255.00000000000006,254.00000000000006,254.00000000000006,254.00000000000006
18.9,0.1,0.1,-0.3,0.1,-0.3,3.54304153542391,-0.07446745115485642,0.023955241524330456,0.0,254.00000000000006,254.00000000000006,254.00000000000006,255.00000000000006
19.0,0.1,0.1,-0.3,0.1,-0.3,3.5781905516796217,-0.07265834236086544,0.020973732689370014,0.0,254.00000000000006,254.00000000000006,255.00000000000006,254.00000000000006
19.1,0.1,0.1,-0.3,0.1,-0.3,3.6133399429086075,-0.07074686207488606,0.018060296474868717,0.0,254.00000000000006,255.00000000000006,254.00000000000006,255.00000000000006
19.200000000000003,0.1,0.1,-0.3,0.1,-0.3,3.6484895678958162,-0.06873528601510442,0.015217927196261166,0.0,254.00000000000006,254.00000000000006,254.00000000000006,254.00000000000006
19.300000000000004,0.1,0.1,-0.3,0.1,-0.3,3.683639338278261,-0.0666260133111799,0.012449653428304383,0.0,255.00000000000006,254.00000000000006,254.00000000000006,254.00000000000006
19.400000000000006,0.1,0.1,-0.3,0.1,-0.3,3.7187891988284347,-0.0644215670808628,0.009758510131457579,0.0,254.00000000000006,254.00000000000006,254.00000000000006,254.00000000000006
19.500000000000007,0.1,0.1,-0.3,0.1,-0.3,3.753939115080462,-0.062124593454572746,0.007147515442743585,0.0,255.00000000000006,254.00000000000006,254.00000000000006,254.00000000000006
19.60000000000001,0.1,0.1,-0.3,0.1,-0.3,3.789089065566934,-0.05973785946419072,0.004619651275594147,0.0,254.00000000000006,255.00000000000006,254.00000000000006,254.00000000000006
19.70000000000001,0.1,0.1,-0.3,0.1,-0.3,3.8242390369503854,-0.05726425010428582,0.0021778470313403575,0.0,254.00000000000006,255.00000000000006,255.00000000000006,254.00000000000006
19.80000000000001,0.1,0.1,-0.3,0.1,-0.3,3.859389020971709,-0.05470676479269032,-1.7503414492854585E-4,0.0,254.00000000000006,254.00000000000006,254.00000000000006,254.00000000000006
19.900000000000013,0.1,0.1,-0.3,0.1,-0.3,3.8945390125386936,-0.05206851339637794,-0.002436207024736514,0.0,254.00000000000006,254.00000000000006,255.00000000000006,254.00000000000006
20.000000000000014,0.1,0.1,-0.3,0.1,-0.3,3.9296890085297713,-0.04935271194308882,-0.004602974246110017,0.0,254.00000000000006,255.00000000000006,254.00000000000006,254.00000000000006
20.100000000000016,0.1,0.1,-0.3,0.1,-0.3,3.964839007046147,-0.04656267810535786,-0.006672734854968165,0.0,254.00000000000006,254.00000000000006,255.00000000000006,255.00000000000006
20.200000000000017,0.1,0.1,-0.3,0.1,-0.3,3.999989006944981,-0.04370182651868576,-0.008642991681865261,0.0,254.00000000000006,255.00000000000006,254.00000000000006,254.00000000000006
20.30000000000002,0.1,0.1,-0.3,0.1,-0.3,4.035139007548507,-0.04077366397735574,-0.010511357750637954,0.0,254.00000000000006,254.00000000000006,255.00000000000006,254.00000000000006
20.40000000000002,0.1,0.1,-0.3,0.1,-0.3,4.070289008463212,-0.03778178453819658,-0.012275561877084298,0.0,254.00000000000006,254.00000000000006,255.00000000000006,255.00000000000006
20.50000000000002,0.1,0.1,-0.3,0.1,-0.3,4.105439009467803,-0.034729864553137785,-0.013933453584647731,0.0,255.00000000000006,254.00000000000006,255.00000000000006,254.00000000000006
20.600000000000023,0.1,0.1,-0.3,0.1,-0.3,4.140589010444079,-0.031621657644755,-0.0154830074388531,0.0,255.00000000000006,254.00000000000006,255.00000000000006,255.00000000000006
20.700000000000024,0.1,0.1,-0.3,0.1,-0.3,4.175739011334496,-0.0284609896344106,-0.01692232688186282,0.0,254.00000000000006,255.00000000000006,254.00000000000006,255.00000000000006
20.800000000000026,0.1,0.1,-0.3,0.1,-0.3,4.210889012116329,-0.025251753429521906,-0.01824964763208193,0.0,254.00000000000006,254.00000000000006,255.00000000000006,255.00000000000006
20.900000000000027,0.1,0.1,-0.3,0.1,-0.3,4.2460390127860705,-0.02199790387451203,-0.019463340700504532,0.0,254.00000000000006,254.00000000000006,254.00000000000006,254.00000000000006
21.00000000000003,0.1,0.1,-0.3,0.1,-0.3,4.281189013350177,-0.018703452568807816,-0.020561915064866917,0.0,254.00000000000006,254.00000000000006,254.00000000000006,255.00000000000006
21.10000000000003,0.1,0.1,-0.3,0.1,-0.3,4.316339013819648,-0.015372462654618863,-0.021544020034149236,0.0,255.00000000000006,255.00000000000006,255.00000000000006,254.00000000000006
21.20000000000003,0.1,0.1,-0.3,0.1,-0.3,4.351489014206967,-0.012009043576976769,-0.022408447329159815,0.0,254.00000000000006,255.00000000000006,254.00000000000006,254.00000000000006
21.300000000000033,0.1,0.1,-0.3,0.1,-0.3,4.386639014524455,-0.008617345818522665,-0.023154132899507088,0.0,254.00000000000006,254.00000000000006,254.00000000000006,254.00000000000006
21.400000000000034,0.1,0.1,-0.3,0.1,-0.3,4.421789014783444,-0.005201555611707154,-0.02378015849295405,0.0,254.00000000000006,255.00000000000006,254.00000000000006,255.00000000000006
21.500000000000036,0.1,0.1,-0.3,0.1,-0.3,4.456939014993944,-0.0017658896313340056,-0.02428575298974083,0.0,254.00000000000006,254.00000000000006,254.00000000000006,255.00000000000006
21.600000000000037,0.1,0.1,-0.3,0.1,-0.3,4.492089015164553,0.0016854103292917588,-0.024670293511776527,0.0,254.00000000000006,254.00000000000006,254.00000000000006,254.00000000000006
21.70000000000004,0.1,0.1,-0.3,0.1,-0.3,4.52723901530253,0.005148082695004386,-0.024933306314504737,0.0,254.00000000000006,254.00000000000006,255.00000000000006,255.00000000000006
21.80000000000004,0.1,0.1,-0.3,0.1,-0.3,4.562389015413935,0.008617851454257086,-0.025074467467615012,0.0,254.00000000000006,254.00000000000006,255.00000000000006,255.00000000000006
21.90000000000004,0.1,0.1,-0.3,0.1,-0.3,4.5975390155037665,0.012090431509161226,-0.025093603329522277,0.0,254.00000000000006,254.00000000000006,254.00000000000006,254.00000000000006
22.000000000000043,0.1,0.1,-0.3,0.1,-0.3,4.632689015576137,0.015561534025505822,-0.024990690819585416,0.0,254.00000000000006,254.00000000000006,255.00000000000006,254.00000000000006
22.100000000000044,0.1,0.1,-0.3,0.1,-0.3,4.667839015634394,0.019026871777900772,-0.024765857491326863,0.0,254.00000000000006,255.00000000000006,255.00000000000006,254.00000000000006
22.200000000000045,0.1,0.1,-0.3,0.1,-0.3,4.702989015681259,0.022482164484952757,-0.024419381409400975,0.0,254.00000000000006,254.00000000000006,254.00000000000006,255.00000000000006
22.300000000000047,0.1,0.1,-0.3,0.1,-0.3,4.738139015718946,0.025923144129172918,-0.02395169083269686,0.0,254.00000000000006,254.00000000000006,254.00000000000006,255.00000000000006
22.40000000000005,0.1,0.1,-0.3,0.1,-0.3,4.773289015749235,0.029345560256143877,-0.023363363705722895,0.0,254.00000000000006,254.00000000000006,254.00000000000006,255.00000000000006
22.50000000000005,0.1,0.1,-0.3,0.1,-0.3,4.808439015773574,0.03274518524733075,-0.022655126960278986,0.0,254.00000000000006,254.00000000000006,254.00000000000006,254.00000000000006
22.60000000000005,0.1,0.1,-0.3,0.1,-0.3,4.843589015793135,0.03611781956080756,-0.0218278556293579,0.0,254.00000000000006,254.00000000000006,254.00000000000006,254.00000000000006
22.700000000000053,0.1,0.1,-0.3,0.1,-0.3,4.878739015808843,0.03945929693408731,-0.02088257177521418,0.0,254.00000000000006,254.00000000000006,254.00000000000006,254.00000000000006
22.800000000000054,0.1,0.1,-0.3,0.1,-0.3,4.913889015821456,0.04276548954318017,-0.019820443233582022,0.0,254.00000000000006,254.00000000000006,254.00000000000006,254.00000000000006
22.900000000000055,0.1,0.1,-0.3,0.1,-0.3,4.949039015831587,0.046032313111971535,-0.018642782176107014,0.0,254.00000000000006,254.00000000000006,254.00000000000006,254.00000000000006
23.000000000000057,0.1,0.1,-0.3,0.1,-0.3,4.984189015839723,0.04925573196599181,-0.0173510434931642,0.0,254.00000000000006,254.00000000000006,254.00000000000006,254.00000000000006
23.10000000000006,0.1,0.1,-0.3,0.1,-0.3,5.0193390158462545,0.05243176402465698,-0.015946822999369434,0.0,254.00000000000006,254.00000000000006,254.00000000000006,254.00000000000006
23.20000000000006,0.1,0.1,-0.3,0.1,-0.3,5.0544890158515,0.05555648572607813,-0.014431855464239335,0.0,255.00000000000006,254.00000000000006,254.00000000000006,254.00000000000006
23.30000000000006,0.1,0.1,-0.3,0.1,-0.3,5.089639015855711,0.058626036878576065,-0.01280801247061572,0.0,255.00000000000006,254.00000000000006,254.00000000000006,254.00000000000006
23.400000000000063,0.1,0.1,-0.3,0.1,-0.3,5.124789015859091,0.06163662543308897,-0.011077300103641677,0.0,255.00000000000006,254.00000000000006,254.00000000000006,254.00000000000006
23.500000000000064,0.1,0.1,-0.3,0.1,-0.3,5.1599390158618075,0.06458453217072826,-0.009241856473252999,0.0,170.00000000000003,254.00000000000006,254.00000000000006,255.00000000000006
23.600000000000065,0.1,0.1,-0.3,0.1,-0.3,5.195089015863984,0.06746611529981374,-0.007303949073327237,0.0,3.000000000000001,254.00000000000006,255.00000000000006,254.00000000000006
23.700000000000067,0.1,0.1,-0.3,0.1,-0.3,5.230239015865734,0.07027781495681061,-0.005265971980815798,0.0,0.0,130.00000000000003,255.00000000000006,254.00000000000006
23.800000000000068,0.1,0.1,-0.3,0.1,-0.3,5.2653890158671395,0.07301615760569147,-0.0031304428983674887,0.0,1.0000000000000002,5.000000000000001,254.00000000000006,255.00000000000006
23.90000000000007,0.1,0.1,-0.3,0.4,-0.4,5.300539015868269,0.07567776033035499,-9.000000441313633E-4,0.0,0.0,0.0,254.00000000000006,254.00000000000006
24.00000000000007,0.1,0.4,-0.4,0.4,-0.4,5.335689015869171,0.07825933501485538,0.0014226011073904393,0.0,1.0000000000000002,1.0000000000000002,255.00000000000006,254.00000000000006
24.100000000000072,0.1,0.4,-0.4,0.4,-0.4,5.3514532401197625,0.08167684142097278,0.004176802666324142,0.0,1.0000000000000002,1.0000000000000002,254.00000000000006,254.00000000000006
24.200000000000074,0.1,0.4,-0.4,0.4,-0.4,5.361039532890061,0.08553873626579217,0.007228941689129409,0.0,217.00000000000006,0.0,255.00000000000006,254.00000000000006
24.300000000000075,0.1,0.4,-0.4,0.3,-0.1,5.367062872199516,0.08971308376619647,0.010510337781395152,0.0,255.00000000000006,25.000000000000007,254.00000000000006,12.000000000000004
24.400000000000077,0.1,0.3,-0.1,0.3,-0.1,5.370847596804433,0.09413568819014323,0.013979707795648513,0.0,255.00000000000006,254.00000000000006,180.00000000000003,1.0000000000000002
24.500000000000078,0.1,0.3,-0.1,0.3,-0.1,5.3538442414882,0.09818338822559099,0.01680360123960563,0.0,254.00000000000006,254.00000000000006,1.0000000000000002,0.0
24.60000000000008,0.1,0.3,-0.1,0.4,-0.4,5.329777448434673,0.10207315435436494,0.019268953381140652,0.0,254.00000000000006,254.00000000000006,1.0000000000000002,91.00000000000001
24.70000000000008,0.1,0.4,-0.4,0.1,-0.3,5.301590859643618,0.10586901380256927,0.021459583783746322,0.0,254.00000000000006,254.00000000000006,32.00000000000001,254.00000000000006
24.800000000000082,0.1,0.1,-0.3,0.1,-0.3,5.29019966707386,0.11023010504803649,0.024157818824457222,0.0,254.00000000000006,254.00000000000006,254.00000000000006,255.00000000000006
24.900000000000084,0.1,0.1,-0.3,0.1,-0.3,5.302742415156766,0.11396795240810005,0.02680258464701306,0.0,255.00000000000006,255.00000000000006,255.00000000000006,254.00000000000006
25.000000000000085,0.1,0.1,-0.3,0.1,-0.3,5.324006427304398,0.11737561631261573,0.029455926192020934,0.0,255.00000000000006,254.00000000000006,255.00000000000006,254.00000000000006
25.100000000000087,0.1,0.1,-0.3,0.1,-0.3,5.350431886970959,0.12054188453686825,0.03214335163484637,0.0,254.00000000000006,254.00000000000006,255.00000000000006,254.00000000000006
25.200000000000088,0.1,0.1,-0.3,0.1,-0.3,5.38010044326756,0.12349739350881335,0.03486816283647691,0.0,254.00000000000006,254.00000000000006,254.00000000000006,255.00000000000006
25.30000000000009,0.1,0.1,-0.3,0.1,-0.3,5.411806676271475,0.12626605983280267,0.037633074837613995,0.0,254.00000000000006,254.00000000000006,254.00000000000006,255.00000000000006
25.40000000000009,0.1,0.1,-0.3,0.1,-0.3,5.444793175201312,0.12886639431153457,0.040440461369608244,0.0,254.00000000000006,254.00000000000006,254.00000000000006,254.00000000000006
25.500000000000092,0.1,0.1,-0.3,0.1,-0.3,5.47858404118529,0.13131257142927813,0.04329232541148931,0.0,254.00000000000006,254.00000000000006,255.00000000000006,254.00000000000006
25.600000000000094,0.1,0.1,-0.3,0.1,-0.3,5.512880262216597,0.13361530948587227,0.04619021277263259,0.0,254.00000000000006,255.00000000000006,254.00000000000006,254.00000000000006
25.700000000000095,0.1,0.1,-0.3,0.1,-0.3,5.547493969982566,0.1357825923847191,0.04913514382965718,0.0,254.00000000000006,254.00000000000006,254.00000000000006,254.00000000000006
25.800000000000097,0.1,0.1,-0.3,0.1,-0.3,5.5823071299463525,0.13782025688699315,0.052127580957436095,0.0,254.00000000000006,254.00000000000006,254.00000000000006,254.00000000000006
25.900000000000098,0.1,0.1,-0.3,0.1,-0.3,5.6172455847056,0.13973246662196587,0.05516742830130285,0.0,255.00000000000006,254.00000000000006,254.00000000000006,254.00000000000006
26.0000000000001,0.1,0.1,-0.3,0.1,-0.3,5.65226274472626,0.14152209219305031,0.05825405489573644,0.0,254.00000000000006,254.00000000000006,254.00000000000006,254.00000000000006
26.1000000000001,0.1,0.1,-0.3,0.1,-0.3,5.687329340959286,0.14319101447914295,0.06138633226978914,0.0,254.00000000000006,254.00000000000006,254.00000000000006,254.00000000000006
26.200000000000102,0.1,0.1,-0.3,0.1,-0.3,5.72242698634092,0.14474036578843807,0.06456267957239216,0.0,254.00000000000006,254.00000000000006,254.00000000000006,254.00000000000006
26.300000000000104,0.1,0.1,-0.3,0.1,-0.3,5.757544130502788,0.14617072111570042,0.06778111132308585,0.0,254.00000000000006,255.00000000000006,254.00000000000006,254.00000000000006
26.400000000000105,0.1,0.1,-0.3,0.1,-0.3,5.792673518169328,0.14748224955561437,0.07103928462033778,0.0,254.00000000000006,254.00000000000006,254.00000000000006,254.00000000000006
26.500000000000107,0.1,0.1,-0.3,0.1,-0.3,5.827810592330041,0.14867483401528533,0.074334543921015,0.0,254.00000000000006,254.00000000000006,254.00000000000006,254.00000000000006
26.600000000000108,0.1,0.1,-0.3,0.1,-0.3,5.862952491011057,0.14974816576459526,0.07766396239284441,0.0,254.00000000000006,254.00000000000006,255.00000000000006,255.00000000000006
26.70000000000011,0.1,0.1,-0.3,0.1,-0.3,5.898097416998152,0.15070181904424576,0.08102437942676256,0.0,254.00000000000006,254.00000000000006,254.00000000000006,255.00000000000006
26.80000000000011,0.1,0.1,-0.3,0.1,-0.3,5.933244241877363,0.15153530988247269,0.0844124342631609,0.0,254.00000000000006,254.00000000000006,254.00000000000006,255.00000000000006
26.900000000000112,0.1,0.1,-0.3,0.1,-0.3,5.968392257289754,0.15224814241311668,0.0878245959033127,0.0,255.00000000000006,255.00000000000006,254.00000000000006,254.00000000000006
27.000000000000114,0.1,0.1,-0.3,0.1,-0.3,6.003541018674361,0.15283984530252379,0.0912571895949736,0.0,254.00000000000006,254.00000000000006,254.00000000000006,254.00000000000006
27.100000000000115,0.1,0.1,-0.3,0.1,-0.3,6.038690247115829,0.15331000034772863,0.09470642023463631,0.0,255.00000000000006,254.00000000000006,254.00000000000006,254.00000000000006
27.200000000000117,0.1,0.1,-0.3,0.1,-0.3,6.0738397676946425,0.15365826487583975,0.09816839304236709,0.0,254.00000000000006,254.00000000000006,254.00000000000006,254.00000000000006
27.300000000000118,0.1,0.1,-0.3,0.1,-0.3,6.108989470768174,0.15388438923176764,0.1016391318546891,0.0,255.00000000000006,255.00000000000006,254.00000000000006,254.00000000000006
27.40000000000012,0.1,0.1,-0.3,0.1,-0.3,6.14413928765612,0.15398823037003728,0.10511459535716423,0.0,254.00000000000006,255.00000000000006,189.00000000000003,254.00000000000006
27.50000000000012,0.1,0.1,-0.3,0.1,-0.3,6.179289175373748,0.15396976235168253,0.10859069154795421,0.0,255.00000000000006,254.00000000000006,13.000000000000004,254.00000000000006
27.600000000000122,0.1,0.1,-0.3,0.1,-0.3,6.214439107047863,0.15382908437740056,0.11206329069096178,0.0,255.00000000000006,254.00000000000006,1.0000000000000002,254.00000000000006
27.700000000000124,0.1,0.1,-0.3,0.1,-0.3,6.249589065901707,0.15356642685392913,0.11552823698474758,0.0,254.00000000000006,254.00000000000006,1.0000000000000002,254.00000000000006
27.800000000000125,0.1,0.1,-0.3,0.1,-0.3,6.2847390414808775,0.15318215588459963,0.11898135914276638,0.0,254.00000000000006,254.00000000000006,1.0000000000000002,237.00000000000006
27.900000000000126,0.1,0.1,-0.3,0.1,-0.3,6.319889027286245,0.15267677649135414,0.12241848005236396,0.0,254.00000000000006,254.00000000000006,1.0000000000000002,28.000000000000007
28.000000000000128,0.1,0.1,-0.3,0.4,-0.4,6.355039019290104,0.15205093480954165,0.12583542565474215,0.0,254.00000000000006,254.00000000000006,33.00000000000001,1.0000000000000002
28.10000000000013,0.1,0.4,-0.4,0.4,-0.4,6.390189015006541,0.1513054194448422,0.12922803316580672,0.0,255.00000000000006,254.00000000000006,229.00000000000006,0.0
28.20000000000013,0.1,0.4,-0.4,0.3,-0.1,6.405953238583543,0.15059722550587426,0.13356048703497814,0.0,254.00000000000006,255.00000000000006,255.00000000000006,1.0000000000000002
28.300000000000132,0.1,0.3,-0.1,0.3,-0.1,6.415539531413604,0.1498493169652082,0.13842633441673696,0.0,255.00000000000006,254.00000000000006,254.00000000000006,1.0000000000000002
28.400000000000134,0.1,0.3,-0.1,0.3,-0.1,6.402180642459902,0.14945618710108446,0.14278128944468205,0.0,254.00000000000006,254.00000000000006,254.00000000000006,0.0
28.500000000000135,0.1,0.3,-0.1,0.3,-0.1,6.380403739748922,0.14927567462549307,0.14693101910495776,0.0,255.00000000000006,254.00000000000006,255.00000000000006,1.0000000000000002
28.600000000000136,0.1,0.3,-0.1,0.3,-0.1,6.353656020547719,0.1492707500242361,0.15095160260356427,0.0,254.00000000000006,254.00000000000006,255.00000000000006,1.0000000000000002
28.700000000000138,0.1,0.3,-0.1,0.3,-0.1,6.323785014250964,0.14942566153666534,0.15486222946318695,0.0,254.00000000000006,254.00000000000006,111.00000000000003,1.0000000000000002
28.80000000000014,0.1,0.3,-0.1,0.3,-0.1,6.291951619660985,0.14972843456462215,0.15867785507819243,0.0,254.00000000000006,254.00000000000006,0.0,3.000000000000001
28.90000000000014,0.1,0.3,-0.1,0.4,-0.4,6.258885264048527,0.15017008416598585,0.16241007230502497,0.0,254.00000000000006,254.00000000000006,1.0000000000000002,247.00000000000006
29.000000000000142,0.1,0.4,-0.4,0.1,-0.3,6.225044259722685,0.1507438865942393,0.1660677040223526,0.0,254.00000000000006,254.00000000000006,0.0,254.00000000000006
29.100000000000144,0.1,0.1,-0.3,0.1,-0.3,6.210101921210191,0.15123960615277374,0.17061675237590923,0.0,254.00000000000006,254.00000000000006,109.00000000000003,254.00000000000006
29.200000000000145,0.1,0.1,-0.3,0.1,-0.3,6.2204143100113205,0.15140285463979794,0.17474679174681157,0.0,254.00000000000006,254.00000000000006,254.00000000000006,254.00000000000006
29.300000000000146,0.1,0.1,-0.3,0.1,-0.3,6.240277062568218,0.15136788130355344,0.17870785604048306,0.0,255.00000000000006,254.00000000000006,254.00000000000006,254.00000000000006
29.400000000000148,0.1,0.1,-0.3,0.1,-0.3,6.2658220730072784,0.15116746521061783,0.18256896206852807,0.0,254.00000000000006,254.00000000000006,254.00000000000006,254.00000000000006
29.50000000000015,0.1,0.1,-0.3,0.1,-0.3,6.294937357891643,0.1508157925423466,0.1863426957994635,0.0,254.00000000000006,255.00000000000006,254.00000000000006,254.00000000000006
29.60000000000015,0.1,0.1,-0.3,0.1,-0.3,6.326295874399988,0.15032331497174267,0.1900386177718706,0.0,255.00000000000006,254.00000000000006,255.00000000000006,255.00000000000006
29.700000000000152,0.1,0.1,-0.3,0.1,-0.3,6.359063811936474,0.14969770656900475,0.19366393563375367,0.0,254.00000000000006,254.00000000000006,253.00000000000006,254.00000000000006
29.800000000000153,0.1,0.1,-0.3,0.1,-0.3,6.392717275571625,0.14894464156347126,0.19722391529178096,0.0,255.00000000000006,254.00000000000006,246.00000000000006,255.00000000000006
29.900000000000155,0.1,0.1,-0.3,0.1,-0.3,6.426927098724502,0.1480683932775843,0.2007221917782231,0.0,254.00000000000006,254.00000000000006,196.00000000000006,255.00000000000006
30.000000000000156,0.1,0.1,-0.3,0.1,-0.3,6.46148646631693,0.14707228057935293,0.2041610326581842,0.0,255.00000000000006,255.00000000000006,88.00000000000001,254.00000000000006
30.100000000000158,0.1,0.1,-0.3,0.1,-0.3,6.496265438166378,0.14595899354188943,0.20754156910226673,0.0,254.00000000000006,255.00000000000006,17.000000000000004,255.00000000000006
30.20000000000016,0.1,0.1,-0.3,0.1,-0.3,6.531182374993432,0.14473082741263402,0.210863998385437,0.0,254.00000000000006,254.00000000000006,1.0000000000000002,254.00000000000006
30.30000000000016,0.1,0.1,-0.3,0.1,-0.3,6.5661859849251565,0.1433898488081927,0.21412775923159783,0.0,255.00000000000006,255.00000000000006,1.0000000000000002,254.00000000000006
30.400000000000162,0.1,0.1,-0.3,0.1,-0.3,6.60124404313545,0.1419380126499743,0.21733168165837036,0.0,254.00000000000006,255.00000000000006,0.0,254.00000000000006
30.500000000000163,0.1,0.1,-0.3,0.1,-0.3,6.636336304346962,0.14037724367446863,0.22047411359639552,0.0,254.00000000000006,255.00000000000006,0.0,254.00000000000006
30.600000000000165,0.1,0.1,-0.3,0.1,-0.3,6.671450049764632,0.13870949263036292,0.22355302695470058,0.0,254.00000000000006,254.00000000000006,1.0000000000000002,245.00000000000006
30.700000000000166,0.1,0.1,-0.3,0.1,-0.3,6.706577289244256,0.1369367744557314,0.22656610590798326,0.0,255.00000000000006,254.00000000000006,1.0000000000000002,176.00000000000003
30.800000000000168,0.1,0.1,-0.3,0.1,-0.3,6.74171300345095,0.13506119365415956,0.22951082006982654,0.0,254.00000000000006,254.00000000000006,1.0000000000000002,72.00000000000001
30.90000000000017,0.1,0.1,-0.3,0.1,-0.3,6.776854039441774,0.13308496058862038,0.2323844849793587,0.0,254.00000000000006,254.00000000000006,1.0000000000000002,8.000000000000002
31.00000000000017,0.1,0.1,-0.3,0.4,-0.4,6.811998416790844,0.13101040133812353,0.23518431203775708,0.0,255.00000000000006,254.00000000000006,1.0000000000000002,1.0000000000000002
31.100000000000172,0.1,0.4,-0.4,0.4,-0.4,6.847144891653571,0.1288399629975317,0.23790744973028266,0.0,255.00000000000006,254.00000000000006,4.000000000000001,0.0
31.200000000000173,0.1,0.4,-0.4,0.4,-0.4,6.86290692189777,0.12628907224457678,0.2414888851342628,0.0,254.00000000000006,254.00000000000006,41.00000000000001,1.0000000000000002
31.300000000000175,0.1,0.4,-0.4,0.4,-0.4,6.872491841100724,0.12346789327873936,0.24553025424781583,0.0,255.00000000000006,254.00000000000006,4.000000000000001,0.0
31.400000000000176,0.1,0.4,-0.4,0.4,-0.4,6.878514319950938,0.1204370430690885,0.24989606641052775,0.0,254.00000000000006,255.00000000000006,0.0,1.0000000000000002
31.500000000000178,0.1,0.4,-0.4,0.4,-0.4,6.8822985051986185,0.11723381320410865,0.2545200098448007,0.0,254.00000000000006,255.00000000000006,1.0000000000000002,102.00000000000003
31.60000000000018,0.1,0.4,-0.4,0.1,-0.3,6.88467632379863,0.11389032775966741,0.2593500530672468,0.0,254.00000000000006,255.00000000000006,0.0,254.00000000000006
31.70000000000018,0.1,0.1,-0.3,0.1,-0.3,6.88617046781011,0.11043340594835249,0.2643450268731842,0.0,254.00000000000006,254.00000000000006,7.000000000000002,254.00000000000006
31.800000000000182,0.1,0.1,-0.3,0.1,-0.3,6.906490485086538,0.10718742022172524,0.2685360782076479,0.0,254.00000000000006,254.00000000000006,254.00000000000006,254.00000000000006
31.900000000000183,0.1,0.1,-0.3,0.1,-0.3,6.932641350605086,0.10402266251092739,0.27227526013502734,0.0,254.00000000000006,255.00000000000006,255.00000000000006,254.00000000000006
32.000000000000185,0.1,0.1,-0.3,0.1,-0.3,6.962137531110017,0.10089673967679431,0.27567429325793247,0.0,254.00000000000006,255.00000000000006,254.00000000000006,254.00000000000006
32.100000000000186,0.1,0.1,-0.3,0.1,-0.3,6.993735684397986,0.09779396991445863,0.27878337922118535,0.0,254.00000000000006,254.00000000000006,254.00000000000006,254.00000000000006
32.20000000000019,0.1,0.1,-0.3,0.1,-0.3,7.026654501400075,0.09470172860725523,0.28164236864240333,0.0,254.00000000000006,254.00000000000006,255.00000000000006,254.00000000000006
32.30000000000019,0.1,0.1,-0.3,0.1,-0.3,7.060403045656411,0.09160962835685128,0.2842825903808916,0.0,255.00000000000006,254.00000000000006,254.00000000000006,254.00000000000006
32.40000000000019,0.1,0.1,-0.3,0.1,-0.3,7.094672850143827,0.08850913136163711,0.2867284597256839,0.0,255.00000000000006,254.00000000000006,254.00000000000006,254.00000000000006
32.50000000000019,0.1,0.1,-0.3,0.1,-0.3,7.12927010596899,0.08539333023991327,0.28899884407511794,0.0,254.00000000000006,255.00000000000006,254.00000000000006,254.00000000000006
32.60000000000019,0.1,0.1,-0.3,0.1,-0.3,7.1640730489296995,0.08225678781217496,0.29110819670312066,0.0,254.00000000000006,254.00000000000006,254.00000000000006,255.00000000000006
32.700000000000195,0.1,0.1,-0.3,0.1,-0.3,7.199005181934094,0.07909539471756394,0.293067483614201,0.0,254.00000000000006,254.00000000000006,255.00000000000006,254.00000000000006
32.800000000000196,0.1,0.1,-0.3,0.1,-0.3,7.234018449069882,0.07590623251559311,0.2948849332555619,0.0,255.00000000000006,254.00000000000006,254.00000000000006,254.00000000000006
32.9000000000002,0.1,0.1,-0.3,0.1,-0.3,7.269082663250084,0.07268744087920052,0.2965666384874968,0.0,254.00000000000006,255.00000000000006,255.00000000000006,254.00000000000006
33.0000000000002,0.1,0.1,-0.3,0.1,-0.3,7.304178863427523,0.06943809080511891,0.2981170374253864,0.0,255.00000000000006,254.00000000000006,255.00000000000006,254.00000000000006
33.1000000000002,0.1,0.1,-0.3,0.1,-0.3,7.339295140954801,0.06615806608744974,0.29953929609923663,0.0,254.00000000000006,254.00000000000006,254.00000000000006,254.00000000000006
33.2000000000002,0.1,0.1,-0.3,0.1,-0.3,7.374424017385837,0.06284795464166637,0.30083561213992766,0.0,254.00000000000006,255.00000000000006,255.00000000000006,254.00000000000006
33.3000000000002,0.1,0.1,-0.3,0.1,-0.3,7.409560797069525,0.05950895045003152,0.30200745527578793,0.0,255.00000000000006,254.00000000000006,254.00000000000006,254.00000000000006
33.400000000000205,0.1,0.1,-0.3,0.1,-0.3,7.444702532202012,0.05614276621470557,0.30305575745226626,0.0,254.00000000000006,255.00000000000006,254.00000000000006,254.00000000000006
33.500000000000206,0.1,0.1,-0.3,0.1,-0.3,7.4798473726738575,0.05275155631841978,0.30398106289286936,0.0,254.00000000000006,255.00000000000006,254.00000000000006,254.00000000000006
33.60000000000021,0.1,0.1,-0.3,0.1,-0.3,7.51499415766819,0.04933784938791684,0.3047836463659738,0.0,255.00000000000006,254.00000000000006,254.00000000000006,254.00000000000006
33.70000000000021,0.1,0.1,-0.3,0.1,-0.3,7.550142159136073,0.04590448959197632,0.3054636062527691,0.0,255.00000000000006,254.00000000000006,255.00000000000006,254.00000000000006
33.80000000000021,0.1,0.1,-0.3,0.1,-0.3,7.585290920682874,0.04245458574282708,0.3060209376655063,0.0,254.00000000000006,255.00000000000006,255.00000000000006,254.00000000000006
33.90000000000021,0.1,0.1,-0.3,0.1,-0.3,7.620440156390032,0.038991467273353564,0.30645558978560417,0.0,254.00000000000006,255.00000000000006,254.00000000000006,254.00000000000006
34.00000000000021,0.1,0.1,-0.3,0.1,-0.3,7.655589687284857,0.03551864620741621,0.3067675107283435,0.0,254.00000000000006,254.00000000000006,254.00000000000006,254.00000000000006
34.100000000000215,0.1,0.1,-0.3,0.1,-0.3,7.690739401456661,0.03203978430885453,0.3069566825530588,0.0,254.00000000000006,254.00000000000006,254.00000000000006,254.00000000000006
34.200000000000216,0.1,0.1,-0.3,0.1,-0.3,7.725889229023809,0.028558664674113318,0.3070231484904085,0.0,254.00000000000006,255.00000000000006,255.00000000000006,254.00000000000006
34.30000000000022,0.1,0.1,-0.3,0.1,-0.3,7.761039126426337,0.025079167115926226,0.30696703402341197,0.0,254.00000000000006,254.00000000000006,254.00000000000006,254.00000000000006
34.40000000000022,0.1,0.1,-0.3,0.1,-0.3,7.796189066573824,0.021605246766094682,0.30678856311380925,0.0,254.00000000000006,254.00000000000006,254.00000000000006,255.00000000000006
34.50000000000022,0.1,0.1,-0.3,0.1,-0.3,7.831339032668762,0.01814091540115946,0.3064880705917186,0.0,254.00000000000006,254.00000000000006,255.00000000000006,254.00000000000006
34.60000000000022,0.1,0.1,-0.3,0.1,-0.3,7.866489014336617,0.014690225064106138,0.3060660115099302,0.0,254.00000000000006,255.00000000000006,254.00000000000006,254.00000000000006
34.70000000000022,0.1,0.1,-0.3,0.1,-0.3,7.901639005203034,0.01125725361751062,0.30552296809285334,0.0,254.00000000000006,254.00000000000006,254.00000000000006,255.00000000000006
34.800000000000225,0.1,0.1,-0.3,0.1,-0.3,7.93678900137858,0.00784609191863822,0.3048596547747843,0.0,255.00000000000006,254.00000000000006,254.00000000000006,254.00000000000006
34.900000000000226,0.1,0.1,-0.3,0.1,-0.3,7.971939000512284,0.004460832355232369,0.30407692171539247,0.0,255.00000000000006,254.00000000000006,254.00000000000006,254.00000000000006
35.00000000000023,0.1,0.1,-0.3,0.1,-0.3,8.007089001201514,0.0011055585225388243,0.30317575709619254,0.0,254.00000000000006,255.00000000000006,254.00000000000006,255.00000000000006
35.10000000000023,0.1,0.1,-0.3,0.1,-0.3,8.042239002624774,-0.002215664141902607,0.3021572884356028,0.0,254.00000000000006,254.00000000000006,254.00000000000006,254.00000000000006
35.20000000000023,0.1,0.1,-0.3,0.1,-0.3,8.077389004313918,-0.005498796918399995,0.30102278310821773,0.0,255.00000000000006,255.00000000000006,254.00000000000006,255.00000000000006
35.30000000000023,0.1,0.1,-0.3,0.1,-0.3,8.112539006013316,-0.008739835686718544,0.2997736482131665,0.0,254.00000000000006,254.00000000000006,254.00000000000006,255.00000000000006
35.40000000000023,0.1,0.1,-0.3,0.1,-0.3,8.147689007593302,-0.011934818233544392,0.2984114299045605,0.0,254.00000000000006,254.00000000000006,254.00000000000006,254.00000000000006
35.500000000000234,0.1,0.1,-0.3,0.1,-0.3,8.182839008997217,-0.015079831071531519,0.2969378122721307,0.0,254.00000000000006,254.00000000000006,254.00000000000006,254.00000000000006
35.600000000000236,0.1,0.1,-0.3,0.1,-0.3,8.217989010209406,-0.018171015839995586,0.29535461584075756,0.0,254.00000000000006,255.00000000000006,254.00000000000006,254.00000000000006
35.70000000000024,0.1,0.1,-0.3,0.1,-0.3,8.253139011236017,-0.02120457534421724,0.29366379574254275,0.0,255.00000000000006,254.00000000000006,255.00000000000006,254.00000000000006
35.80000000000024,0.1,0.1,-0.3,0.1,-0.3,8.288289012093761,-0.02417677927940398,0.29186743960338474,0.0,255.00000000000006,255.00000000000006,254.00000000000006,254.00000000000006
35.90000000000024,0.1,0.1,-0.3,0.1,-0.3,8.323439012803448,-0.02708396967628751,0.28996776517701345,0.0,254.00000000000006,255.00000000000006,254.00000000000006,254.00000000000006
36.00000000000024,0.1,0.1,-0.3,0.1,-0.3,8.358589013386423,-0.029922566097823067,0.28796711775250644,0.0,254.00000000000006,254.00000000000006,254.00000000000006,254.00000000000006
36.10000000000024,0.1,0.1,-0.3,0.1,-0.3,8.393739013862755,-0.032689070610262994,0.28586796735599307,0.0,254.00000000000006,254.00000000000006,254.00000000000006,255.00000000000006
36.200000000000244,0.1,0.1,-0.3,0.1,-0.3,8.428889014250368,-0.035380072546776165,0.28367290576321397,0.0,255.00000000000006,254.00000000000006,254.00000000000006,254.00000000000006
36.300000000000246,0.1,0.1,-0.3,0.1,-0.3,8.464039014564833,-0.03799225307760673,0.28138464333653146,0.0,254.00000000000006,255.00000000000006,254.00000000000006,255.00000000000006
36.40000000000025,0.1,0.1,-0.3,0.1,-0.3,8.499189014819327,-0.0405223895973538,0.27900600569769096,0.0,255.00000000000006,254.00000000000006,255.00000000000006,254.00000000000006
36.50000000000025,0.1,0.1,-0.3,0.1,-0.3,8.534339015024932,-0.04296735993717868,0.27653993024590756,0.0,254.00000000000006,254.00000000000006,254.00000000000006,254.00000000000006
36.60000000000025,0.1,0.1,-0.3,0.1,-0.3,8.56948901519081,-0.04532414640750229,0.2739894625295975,0.0,254.00000000000006,254.00000000000006,255.00000000000006,254.00000000000006
36.70000000000025,0.1,0.1,-0.3,0.1,-0.3,8.604639015324482,-0.04758983967494851,0.2713577524791506,0.0,255.00000000000006,254.00000000000006,254.00000000000006,255.00000000000006
36.80000000000025,0.1,0.1,-0.3,0.1,-0.3,8.639789015432108,-0.049761642475846385,0.26864805050749374,0.0,254.00000000000006,255.00000000000006,254.00000000000006,255.00000000000006
36.900000000000254,0.1,0.1,-0.3,0.1,-0.3,8.6749390155187,-0.05183687316745958,0.26586370348473864,0.0,254.00000000000006,255.00000000000006,254.00000000000006,255.00000000000006
37.000000000000256,0.1,0.1,-0.3,0.1,-0.3,8.710089015588347,-0.05381296911721811,0.26300815059291227,0.0,255.00000000000006,254.00000000000006,254.00000000000006,254.00000000000006
37.10000000000026,0.1,0.1,-0.3,0.1,-0.3,8.745239015644334,-0.05568748992952932,0.26008491906657993,0.0,254.00000000000006,255.00000000000006,254.00000000000006,254.00000000000006
37.20000000000026,0.1,0.1,-0.3,0.1,-0.3,8.780389015689323,-0.057458120509229826,0.2570976198250714,0.0,255.00000000000006,254.00000000000006,255.00000000000006,254.00000000000006
37.30000000000026,0.1,0.1,-0.3,0.1,-0.3,8.815539015725474,-0.05912267396033982,0.25404994300197714,0.0,254.00000000000006,255.00000000000006,254.00000000000006,255.00000000000006
37.40000000000026,0.1,0.1,-0.3,0.1,-0.3,8.850689015754515,-0.060679094318520616,0.25094565337758834,0.0,254.00000000000006,255.00000000000006,255.00000000000006,254.00000000000006
37.50000000000026,0.1,0.1,-0.3,0.1,-0.3,8.885839015777837,-0.06212545911544484,0.24778858571999024,0.0,254.00000000000006,254.00000000000006,255.00000000000006,255.00000000000006
37.600000000000264,0.1,0.1,-0.3,0.1,-0.3,8.920989015796568,-0.06345998177319095,0.24458264004056451,0.0,254.00000000000006,255.00000000000006,254.00000000000006,254.00000000000006
37.700000000000266,0.1,0.1,-0.3,0.1,-0.3,8.956139015811614,-0.06468101382672695,0.24133177676973944,0.0,254.00000000000006,254.00000000000006,254.00000000000006,255.00000000000006
37.80000000000027,0.1,0.1,-0.3,0.1,-0.3,8.991289015823691,-0.06578704697255866,0.23804001185888912,0.0,254.00000000000006,254.00000000000006,254.00000000000006,255.00000000000006
37.90000000000027,0.1,0.1,-0.3,0.1,-0.3,9.026439015833386,-0.066776714941671,0.23471141181436772,0.0,254.00000000000006,255.00000000000006,254.00000000000006,254.00000000000006
38.00000000000027,0.1,0.1,-0.3,0.1,-0.3,9.061589015841173,-0.06764879519497063,0.23135008866974455,0.0,255.00000000000006,255.00000000000006,254.00000000000006,254.00000000000006
38.10000000000027,0.1,0.1,-0.3,0.1,-0.3,9.096739015847424,-0.06840221043955849,0.22796019490237518,0.0,254.00000000000006,255.00000000000006,254.00000000000006,254.00000000000006
38.20000000000027,0.1,0.1,-0.3,0.1,-0.3,9.131889015852444,-0.06903602996429001,0.22454591830052223,0.0,254.00000000000006,255.00000000000006,254.00000000000006,254.00000000000006
38.300000000000274,0.1,0.1,-0.3,0.1,-0.3,9.167039015856473,-0.06954947079324283,0.22111147678730025,0.0,254.00000000000006,254.00000000000006,254.00000000000006,254.00000000000006
38.400000000000276,0.1,0.1,-0.3,0.1,-0.3,9.202189015859707,-0.06994189865587572,0.2176611132077793,0.0,255.00000000000006,254.00000000000006,170.00000000000003,254.00000000000006
38.50000000000028,0.1,0.1,-0.3,0.1,-0.3,9.237339015862307,-0.07021282877285098,0.21419909008563143,0.0,254.00000000000006,255.00000000000006,15.000000000000004,255.00000000000006
38.60000000000028,0.1,0.1,-0.3,0.1,-0.3,9.272489015864387,-0.07036192645668185,0.2107296843557554,0.0,254.00000000000006,254.00000000000006,1.0000000000000002,254.00000000000006
38.70000000000028,0.1,0.1,-0.3,0.1,-0.3,9.30763901586606,-0.0703890075265694,0.2072571820793339,0.0,254.00000000000006,255.00000000000006,1.0000000000000002,255.00000000000006
38.80000000000028,0.1,0.1,-0.3,0.1,-0.3,9.343140515867422,-0.07029247276507211,0.20375118059868186,0.0,254.00000000000006,254.00000000000006,1.0000000000000002,255.00000000000006
38.90000000000028,0.1,0.1,-0.3,0.1,-0.3,9.378290515868489,-0.07007435282308108,0.2002854298889835,0.0,254.00000000000006,254.00000000000006,1.0000000000000002,71.00000000000001
39.000000000000284,0.1,0.1,-0.3,0.1,-0.3,9.413440515869352,-0.06973457155793808,0.19682948536208145,0.0,255.00000000000006,254.00000000000006,1.0000000000000002,1.0000000000000002
39.100000000000286,0.1,0.1,-0.3,0.4,-0.4,9.448590515870043,-0.0692735487379389,0.19338761646398028,0.0,254.00000000000006,254.00000000000006,197.00000000000006,0.0
39.20000000000029,0.1,0.4,-0.4,0.3,-0.1,9.483740515870618,-0.06869185391148425,0.18996407525389813,0.0,254.00000000000006,254.00000000000006,254.00000000000006,0.0
39.30000000000029,0.1,0.3,-0.1,0.3,-0.1,9.499504740120786,-0.06819258449916926,0.18560337512320724,0.0,254.00000000000006,254.00000000000006,254.00000000000006,1.0000000000000002
39.40000000000029,0.1,0.3,-0.1,0.3,-0.1,9.48970840135655,-0.06802566838915328,0.18162421027426406,0.0,254.00000000000006,254.00000000000006,254.00000000000006,1.0000000000000002
39.50000000000029,0.1,0.3,-0.1,0.3,-0.1,9.4701698335423,-0.06805413316367057,0.1777839110442972,0.0,254.00000000000006,255.00000000000006,254.00000000000006,1.0000000000000002
39.60000000000029,0.1,0.3,-0.1,0.3,-0.1,9.444828509157004,-0.06824526395418354,0.17401930061025994,0.0,255.00000000000006,254.00000000000006,254.00000000000006,1.0000000000000002
39.700000000000294,0.1,0.3,-0.1,0.3,-0.1,9.415841222987599,-0.06858544916492121,0.17032246482784408,0.0,254.00000000000006,254.00000000000006,254.00000000000006,1.0000000000000002
39.800000000000296,0.1,0.3,-0.1,0.3,-0.1,9.38456315753288,-0.06906488614155876,0.16668759860918347,0.0,254.00000000000006,255.00000000000006,254.00000000000006,0.0
39.9000000000003,0.1,0.3,-0.1,0.3,-0.1,9.351845796691043,-0.06967648264360016,0.1631105187924275,0.0,254.00000000000006,254.00000000000006,254.00000000000006,0.0
40.0000000000003,0.1,0.3,-0.1,0.3,-0.1,9.318224136764595,-0.07041503437763594,0.1595883986962348,0.0,254.00000000000006,254.00000000000006,240.00000000000006,1.0000000000000002
40.1000000000003,0.1,0.3,-0.1,0.3,-0.1,9.28403431849299,-0.07127662399120441,0.15611957191004094,0.0,254.00000000000006,254.00000000000006,176.00000000000003,0.0
40.2000000000003,0.1,0.3,-0.2,0.3,-0.1,9.24948753884717,-0.07225818919761506,0.1527033599154934,0.0,254.00000000000006,255.00000000000006,114.00000000000003,1.0000000000000002
40.3000000000003,0.1,0.3,-0.2,0.3,-0.1,9.22440921597215,-0.07327014794733969,0.14908208382049903,0.0,254.00000000000006,254.00000000000006,64.00000000000001,1.0000000000000002
40.400000000000304,0.1,0.3,-0.2,0.3,-0.1,9.202279251337025,-0.0743535128254898,0.14535908688035237,0.0,254.00000000000006,254.00000000000006,124.00000000000003,1.0000000000000002
40.500000000000306,0.1,0.3,-0.2,0.3,-0.1,9.18184245929631,-0.07551473522983645,0.14157086014460907,0.0,254.00000000000006,255.00000000000006,212.00000000000006,1.0000000000000002
40.60000000000031,0.1,0.3,-0.2,0.3,-0.1,9.162469471814816,-0.07675529389911598,0.1377358822477594,0.0,254.00000000000006,254.00000000000006,255.00000000000006,1.0000000000000002
40.70000000000031,0.1,0.3,-0.2,0.3,-0.1,9.143764858070695,-0.07807534187554446,0.1338692383454277,0.0,254.00000000000006,249.00000000000006,254.00000000000006,1.0000000000000002
40.80000000000031,0.1,0.3,-0.2,0.3,-0.1,9.12548017321713,-0.07947431088916751,0.1299832630313411,0.0,255.00000000000006,98.00000000000003,254.00000000000006,30.000000000000007
40.90000000000031,0.1,0.3,-0.2,0.3,-0.1,9.107459321510468,-0.08095125569852188,0.12608807546067236,0.0,254.00000000000006,2.0000000000000004,254.00000000000006,207.00000000000006
41.00000000000031,0.1,0.3,-0.2,0.3,-0.1,9.089604229280427,-0.08250505025630545,0.12219201521061564,0.0,254.00000000000006,0.0,255.00000000000006,255.00000000000006
41.100000000000314,0.1,0.3,-0.2,0.3,-0.1,9.071853277791602,-0.08413449855938335,0.11830199391927722,0.0,231.00000000000006,1.0000000000000002,254.00000000000006,254.00000000000006
41.200000000000315,0.1,0.3,-0.2,0.3,-0.1,9.05416775280606,-0.08583839585987121,0.11442377775435196,0.0,108.00000000000003,1.0000000000000002,254.00000000000006,254.00000000000006
41.30000000000032,0.1,0.3,-0.2,0.3,-0.1,9.036523330902755,-0.08761556080153188,0.11056221386727068,0.0,12.000000000000004,1.0000000000000002,254.00000000000006,254.00000000000006
41.40000000000032,0.1,0.3,-0.2,0.4,-0.4,9.018904730342726,-0.08946485051235442,0.10672141176690224,0.0,0.0,1.0000000000000002,254.00000000000006,254.00000000000006
41.50000000000032,0.1,0.4,-0.8,0.4,-0.4,9.001302350205444,-0.09138516578524114,0.10290488851115799,0.0,1.0000000000000002,1.0000000000000002,254.00000000000006,254.00000000000006
41.60000000000032,0.1,0.4,-0.8,0.4,-0.4,9.032161488625098,-0.09340071005478262,0.09732804716985503,0.0,1.0000000000000002,6.000000000000002,254.00000000000006,254.00000000000006
41.70000000000032,0.1,0.4,-0.8,0.4,-0.4,9.07847008821252,-0.09534721108307653,0.09072116246818764,0.0,1.0000000000000002,255.00000000000006,254.00000000000006,254.00000000000006
41.800000000000324,0.1,0.4,-0.8,0.1,-0.3,9.133690138629554,-0.0970629483841233,0.08333877522847326,0.0,242.00000000000006,254.00000000000006,254.00000000000006,254.00000000000006
41.900000000000325,0.1,0.1,-0.6,0.1,-0.3,9.194510369674585,-0.09842085568027353,0.07532038001617951,0.0,255.00000000000006,254.00000000000006,254.00000000000006,254.00000000000006
42.00000000000033,0.1,0.1,-0.6,0.1,-0.3,9.26854648238026,-0.09894279078281346,0.06791911507675853,0.0,254.00000000000006,255.00000000000006,255.00000000000006,254.00000000000006
42.10000000000033,0.1,0.1,-0.6,0.1,-0.3,9.347885958548494,-0.09878626186748263,0.06080549147642443,0.0,255.00000000000006,255.00000000000006,254.00000000000006,254.00000000000006
42.20000000000033,0.1,0.1,-0.6,0.1,-0.3,9.430398584788868,-0.0980068488931827,0.05392736072994671,0.0,255.00000000000006,254.00000000000006,254.00000000000006,254.00000000000006
42.30000000000033,0.1,0.1,-0.6,0.1,-0.3,9.514905045517201,-0.09663819439308602,0.04730075202095484,0.0,254.00000000000006,254.00000000000006,254.00000000000006,254.00000000000006
42.40000000000033,0.1,0.1,-0.6,0.1,-0.3,9.600664240305633,-0.09471195824411585,0.040945183422303785,0.0,254.00000000000006,254.00000000000006,254.00000000000006,254.00000000000006
42.500000000000334,0.1,0.1,-0.6,0.1,-0.3,9.687210477393085,-0.0922584881384714,0.03488276502115492,0.0,254.00000000000006,254.00000000000006,255.00000000000006,254.00000000000006
42.600000000000335,0.1,0.1,-0.6,0.1,-0.3,9.774251140363008,-0.08930762978965645,0.02913748635510005,0.0,254.00000000000006,254.00000000000006,254.00000000000006,255.00000000000006
42.70000000000034,0.1,0.1,-0.6,0.1,-0.3,9.861602374159014,-0.08588948987779246,0.023734558554856247,0.0,254.00000000000006,255.00000000000006,254.00000000000006,254.00000000000006
42.80000000000034,0.1,0.1,-0.6,0.1,-0.3,9.949148667070084,-0.0820350688524712,0.018699774177287132,0.0,254.00000000000006,254.00000000000006,254.00000000000006,255.00000000000006
42.90000000000034,0.1,0.1,-0.6,0.1,-0.3,10.036817451078758,-0.07777673665982673,0.0140588836142658,0.0,254.00000000000006,255.00000000000006,254.00000000000006,254.00000000000006
43.00000000000034,0.1,0.1,-0.6,0.1,-0.3,10.124563140685432,-0.07314855290183778,0.009836998034324307,0.0,254.00000000000006,254.00000000000006,255.00000000000006,254.00000000000006
43.10000000000034,0.1,0.1,-0.6,0.1,-0.3,10.212357103238794,-0.06818644599806725,0.00605802988497274,0.0,255.00000000000006,255.00000000000006,254.00000000000006,254.00000000000006
43.200000000000344,0.1,0.1,-0.6,0.1,-0.3,10.30018135673213,-0.06292827072317672,0.002744179658580398,0.0,254.00000000000006,254.00000000000006,254.00000000000006,254.00000000000006
43.300000000000345,0.1,0.1,-0.6,0.1,-0.3,10.388024609933657,-0.05741376409552015,-8.452535040644193E-5,0.0,254.00000000000006,254.00000000000006,254.00000000000006,254.00000000000006
43.40000000000035,0.1,0.1,-0.6,0.1,-0.3,10.475879774391005,-0.05168441823608,-0.002410637188302256,0.0,254.00000000000006,254.00000000000006,254.00000000000006,254.00000000000006
43.50000000000035,0.1,0.1,-0.6,0.1,-0.3,10.563742401301917,-0.04578328670082013,-0.004219637175907356,0.0,255.00000000000006,255.00000000000006,254.00000000000006,255.00000000000006
43.60000000000035,0.1,0.1,-0.6,0.1,-0.3,10.651609699513195,-0.039754738524049926,-0.005500229928416631,0.0,254.00000000000006,254.00000000000006,254.00000000000006,255.00000000000006
43.70000000000035,0.1,0.1,-0.6,0.1,-0.3,10.739479918650094,-0.03364417208464485,-0.006244582682002689,0.0,254.00000000000006,254.00000000000006,254.00000000000006,254.00000000000006
43.80000000000035,0.1,0.1,-0.6,0.1,-0.3,10.82735196165115,-0.027497699038313672,-0.006448511719991307,0.0,254.00000000000006,254.00000000000006,254.00000000000006,254.00000000000006
43.900000000000354,0.1,0.1,-0.6,0.1,-0.3,10.915225141426836,-0.021361806976580716,-0.006111618020156362,0.0,255.00000000000006,254.00000000000006,254.00000000000006,254.00000000000006
44.000000000000355,0.1,0.1,-0.6,0.1,-0.3,11.003099028057221,-0.015283008163022693,-0.005237374414192086,0.0,254.00000000000006,254.00000000000006,254.00000000000006,254.00000000000006
44.10000000000036,0.1,0.1,-0.6,0.1,-0.3,11.090973352861829,-0.009307480627398113,-0.0038331666229968614,0.0,254.00000000000006,254.00000000000006,254.00000000000006,254.00000000000006
44.20000000000036,0.1,0.1,-0.6,0.1,-0.3,11.178847948189873,-0.0034807070306940024,-0.0019102905505948703,0.0,254.00000000000006,254.00000000000006,254.00000000000006,254.00000000000006
44.30000000000036,0.1,0.1,-0.6,0.1,-0.3,11.266722709642588,0.0021528839885236184,5.160917853447022E-4,0.0,254.00000000000006,255.00000000000006,255.00000000000006,254.00000000000006
44.40000000000036,0.1,0.1,-0.6,0.1,-0.3,11.354597572380358,0.0075502698476408725,0.0034270353186033886,0.0,255.00000000000006,254.00000000000006,254.00000000000006,254.00000000000006
44.50000000000036,0.1,0.1,-0.6,0.1,-0.3,11.442472496271458,0.0126701757643565,0.006799931631659872,0.0,255.00000000000006,254.00000000000006,255.00000000000006,254.00000000000006
44.600000000000364,0.1,0.1,-0.6,0.1,-0.3,11.530347456589393,0.017473402935398938,0.010608662914315517,0.0,254.00000000000006,254.00000000000006,255.00000000000006,254.00000000000006
44.700000000000365,0.1,0.1,-0.6,0.1,-0.3,11.618222438191092,0.02192314020861852,0.014823787791873544,0.0,254.00000000000006,255.00000000000006,255.00000000000006,255.00000000000006
44.80000000000037,0.1,0.1,-0.6,0.1,-0.3,11.706097431877728,0.025985256602080162,0.019412756596604436,0.0,254.00000000000006,255.00000000000006,254.00000000000006,254.00000000000006
44.90000000000037,0.1,0.1,-0.6,0.1,-0.3,11.793972432123251,0.029628572290234426,0.024340153610291043,0.0,254.00000000000006,254.00000000000006,254.00000000000006,254.00000000000006
45.00000000000037,0.1,0.1,-0.6,0.1,-0.3,11.881847435659346,0.03282510592539355,0.029567963751053833,0.0,254.00000000000006,254.00000000000006,254.00000000000006,255.00000000000006
45.10000000000037,0.1,0.1,-0.6,0.1,-0.3,11.969722440596135,0.035550296400003636,0.035055861117704215,0.0,254.00000000000006,255.00000000000006,254.00000000000006,254.00000000000006
45.20000000000037,0.1,0.1,-0.6,0.1,-0.3,12.057597445877636,0.037783197387008485,0.040761516743022946,0.0,254.00000000000006,254.00000000000006,254.00000000000006,254.00000000000006
45.300000000000374,0.1,0.1,-0.6,0.1,-0.3,12.145472450945897,0.03950664322574002,0.04664092284702932,0.0,254.00000000000006,254.00000000000006,254.00000000000006,255.00000000000006
45.400000000000375,0.1,0.1,-0.6,0.1,-0.3,12.233347455535085,0.04070738495172212,0.05264873082570061,0.0,255.00000000000006,255.00000000000006,254.00000000000006,254.00000000000006
45.50000000000038,0.1,0.1,-0.6,0.1,-0.3,12.321222459546245,0.04137619550195411,0.05873860016266834,0.0,254.00000000000006,254.00000000000006,255.00000000000006,254.00000000000006
45.60000000000038,0.1,0.1,-0.6,0.1,-0.3,12.409097462971792,0.0415079433632375,0.06486355541375886,0.0,254.00000000000006,254.00000000000006,254.00000000000006,254.00000000000006
45.70000000000038,0.1,0.1,-0.6,0.1,-0.3,12.496972465850854,0.041101634169833964,0.07097634838910531,0.0,255.00000000000006,255.00000000000006,255.00000000000006,254.00000000000006
45.80000000000038,0.1,0.1,-0.6,0.1,-0.3,12.584847468243233,0.040160419997622834,0.07702982264683116,0.0,254.00000000000006,254.00000000000006,254.00000000000006,254.00000000000006
45.90000000000038,0.1,0.1,-0.6,0.1,-0.3,12.672722470214728,0.03869157634397194,0.08297727741750448,0.0,254.00000000000006,254.00000000000006,254.00000000000006,254.00000000000006
46.000000000000384,0.1,0.1,-0.6,0.1,-0.3,12.760597471829414,0.03670644702449122,0.08877282810086955,0.0,254.00000000000006,255.00000000000006,254.00000000000006,254.00000000000006
46.100000000000385,0.1,0.1,-0.6,0.1,-0.3,12.848472473145758,0.03422035745823461,0.09437176051661701,0.0,254.00000000000006,254.00000000000006,255.00000000000006,255.00000000000006
46.20000000000039,0.1,0.1,-0.6,0.1,-0.3,12.936347474215125,0.031252497050137495,0.09973087614968416,0.0,254.00000000000006,254.00000000000006,254.00000000000006,254.00000000000006
46.30000000000039,0.1,0.1,-0.6,0.1,-0.3,13.024222475081517,0.027825771611833597,0.10480882570802004,0.0,254.00000000000006,255.00000000000006,255.00000000000006,255.00000000000006
46.40000000000039,0.1,0.1,-0.6,0.1,-0.3,13.112097475782026,0.023966626987758463,0.10956642840686663,0.0,254.00000000000006,254.00000000000006,255.00000000000006,254.00000000000006
46.50000000000039,0.1,0.1,-0.6,0.1,-0.3,13.199972476347497,0.019704845270875945,0.11396697450810898,0.0,254.00000000000006,254.00000000000006,254.00000000000006,255.00000000000006
46.60000000000039,0.1,0.1,-0.6,0.1,-0.3,13.287847476803412,0.01507331519976289,0.11797650877561365,0.0,254.00000000000006,254.00000000000006,254.00000000000006,254.00000000000006
46.700000000000394,0.1,0.1,-0.6,0.1,-0.3,13.375722477170637,0.01010777852450917,0.12156409265696665,0.0,255.00000000000006,254.00000000000006,254.00000000000006,254.00000000000006
46.800000000000395,0.1,0.1,-0.6,0.1,-0.3,13.463597477466204,0.004846554311363743,0.12470204316772567,0.0,254.00000000000006,255.00000000000006,173.00000000000003,254.00000000000006
46.9000000000004,0.1,0.1,-0.6,0.1,-0.3,13.551472477703967,-6.697566761768581E-4,0.12736614663509904,0.0,254.00000000000006,254.00000000000006,1.0000000000000002,53.000000000000014
47.0000000000004,0.1,0.1,-0.6,0.1,-0.3,13.639347477895143,-0.006398585230453252,0.12953584565261123,0.0,255.00000000000006,249.00000000000006,94.00000000000001,1.0000000000000002
47.1000000000004,0.1,0.1,-0.6,0.3,-0.1,13.727222478048805,-0.012295722163122719,0.1311943978044099,0.0,1.0000000000000002,1.0000000000000002,254.00000000000006,255.00000000000006
47.2000000000004,0.1,0.3,-0.2,0.4,-0.4,13.815097478172271,-0.018315659439253146,0.1323290049358975,0.0,1.0000000000000002,250.00000000000006,254.00000000000006,254.00000000000006
47.3000000000004,0.1,0.4,-0.8,0.1,-0.3,13.844835215262155,-0.0237339282770839,0.13362875912008293,0.0,254.00000000000006,254.00000000000006,254.00000000000006,255.00000000000006
47.400000000000404,0.1,0.1,-0.6,0.1,-0.3,13.904476685752845,-0.030619687246866062,0.13472142491161748,0.0,254.00000000000006,254.00000000000006,254.00000000000006,254.00000000000006
47.500000000000405,0.1,0.1,-0.6,0.1,-0.3,13.978568300448638,-0.037176865840143625,0.13509055078548848,0.0,254.00000000000006,254.00000000000006,254.00000000000006,254.00000000000006
47.600000000000406,0.1,0.1,-0.6,0.1,-0.3,14.057941765556293,-0.043605751537812654,0.13486635149525256,0.0,254.00000000000006,254.00000000000006,254.00000000000006,255.00000000000006
47.70000000000041,0.1,0.1,-0.6,0.1,-0.3,14.140474929189736,-0.049932047332061746,0.13407996269582473,0.0,254.00000000000006,254.00000000000006,254.00000000000006,254.00000000000006
47.80000000000041,0.1,0.1,-0.6,0.1,-0.3,14.224993560778277,-0.05611738792973811,0.13274537020914984,0.0,254.00000000000006,254.00000000000006,255.00000000000006,255.00000000000006
47.90000000000041,0.1,0.1,-0.6,0.1,-0.3,14.31075977571248,-0.06212319475158398,0.1308791282343459,0.0,254.00000000000006,255.00000000000006,254.00000000000006,255.00000000000006
48.00000000000041,0.1,0.1,-0.6,0.1,-0.3,14.397309900888239,-0.0679111038400631,0.12850034712536995,0.0,255.00000000000006,255.00000000000006,254.00000000000006,255.00000000000006
48.10000000000041,0.1,0.1,-0.6,0.1,-0.3,14.484352577304186,-0.0734433377939818,0.12563076793461198,0.0,254.00000000000006,254.00000000000006,255.00000000000006,254.00000000000006
48.200000000000415,0.1,0.1,-0.6,0.1,-0.3,14.571704726419247,-0.07868307336472366,0.12229484579250081,0.0,254.00000000000006,254.00000000000006,254.00000000000006,254.00000000000006
48.300000000000416,0.1,0.1,-0.6,0.1,-0.3,14.659251311147985,-0.0835948143560109,0.11851980039335584,0.0,254.00000000000006,255.00000000000006,254.00000000000006,255.00000000000006
48.40000000000042,0.1,0.1,-0.6,0.1,-0.3,14.746920049819828,-0.08814476449111422,0.11433561456849485,0.0,254.00000000000006,254.00000000000006,254.00000000000006,254.00000000000006
48.50000000000042,0.1,0.1,-0.6,0.1,-0.3,14.83466552671063,-0.09230119115066215,0.10977497518708064,0.0,254.00000000000006,254.00000000000006,50.000000000000014,254.00000000000006
48.60000000000042,0.1,0.1,-0.6,0.1,-0.3,14.922459207390721,-0.09603477136025446,0.10487315778098767,0.0,254.00000000000006,254.00000000000006,1.0000000000000002,251.00000000000006
48.70000000000042,0.1,0.1,-0.6,0.1,-0.3,15.010283164626467,-0.09931891315266442,0.0996678597916462,0.0,254.00000000000006,254.00000000000006,156.00000000000003,1.0000000000000002
48.80000000000042,0.1,0.1,-0.6,0.3,-0.1,15.098126135949263,-0.10213004727842509,0.09419898877605083,0.0,254.00000000000006,254.00000000000006,254.00000000000006,2.0000000000000004
48.900000000000425,0.1,0.3,-0.2,0.3,-0.1,15.185981046402,-0.10444788580342132,0.0885084122514191,0.0,254.00000000000006,25.000000000000007,254.00000000000006,254.00000000000006
49.000000000000426,0.1,0.3,-0.2,0.3,-0.1,15.215706273180677,-0.1068052733570494,0.08344294609856075,0.0,150.00000000000003,1.0000000000000002,254.00000000000006,254.00000000000006
49.10000000000043,0.1,0.3,-0.2,0.3,-0.1,15.226897808621702,-0.1091536259708705,0.07868753908353594,0.0,0.0,5.000000000000001,254.00000000000006,254.00000000000006
49.20000000000043,0.1,0.3,-0.2,0.4,-0.4,15.22739856182693,-0.11150442662197038,0.07415579848277305,0.0,1.0000000000000002,119.00000000000003,254.00000000000006,254.00000000000006
49.30000000000043,0.1,0.4,-0.8,0.1,-0.3,15.221181412054275,-0.11387086660067353,0.06981029317724967,0.0,0.0,192.00000000000006,254.00000000000006,255.00000000000006
49.40000000000043,0.1,0.1,-0.6,0.1,-0.3,15.259190635110118,-0.11638120784306971,0.06383508813372375,0.0,1.0000000000000002,189.00000000000003,254.00000000000006,254.00000000000006
49.50000000000043,0.1,0.1,-0.6,0.1,-0.3,15.319687758897938,-0.11819530671424106,0.0579351256496131,0.0,1.0000000000000002,255.00000000000006,254.00000000000006,255.00000000000006
49.600000000000435,0.1,0.1,-0.6,0.1,-0.3,15.390518272073919,-0.11946500366675322,0.05194993812044811,0.0,26.000000000000007,254.00000000000006,254.00000000000006,254.00000000000006
49.700000000000436,0.1,0.1,-0.6,0.1,-0.3,15.467682819982429,-0.12020932325862083,0.04587019902854901,0.0,255.00000000000006,254.00000000000006,254.00000000000006,254.00000000000006
49.80000000000044,0.1,0.1,-0.6,0.1,-0.3,15.54882757790994,-0.12041978784545793,0.0397448525974447,0.0,254.00000000000006,255.00000000000006,254.00000000000006,254.00000000000006
49.90000000000044,0.1,0.1,-0.6,0.1,-0.3,15.632473430644843,-0.120093213030463,0.03362274213326959,0.0,255.00000000000006,254.00000000000006,254.00000000000006,254.00000000000006
