time,step-size,{Controller}.ControllerInstance.servoLeftVal,{Controller}.ControllerInstance.servoRightVal,{Plant}.PlantInstance.robot_theta,{Plant}.PlantInstance.robot_x,{Plant}.PlantInstance.robot_y,{Plant}.PlantInstance.robot_z,{SensorLeft}.SensorLeftFarInstance.lf_1_sensor_reading,{SensorLeft}.SensorLeftMidInstance.lf_1_sensor_reading,{SensorRight}.SensorRightFarInstance.lf_1_sensor_reading,{SensorRight}.SensorRightMidInstance.lf_1_sensor_reading
0.0,0.0,0.0,0.0,0.0,0.0,0.0,0.0,0.0,0.0,1.0000000000000002,1.0000000000000002
0.1,0.1,0.4,-0.4,0.0,0.138,-0.08,0.0,254.00000000000006,254.00000000000006,254.00000000000006,255.00000000000006
0.2,0.1,0.4,-0.4,0.0,0.138,-0.0781205777356358,0.0,254.00000000000006,255.00000000000006,254.00000000000006,254.00000000000006
0.30000000000000004,0.1,0.4,-0.4,0.0,0.138,-0.07516805482427268,0.0,254.00000000000006,254.00000000000006,254.00000000000006,254.00000000000006
0.4,0.1,0.4,-0.4,0.0,0.138,-0.07143901247151024,0.0,254.00000000000006,254.00000000000006,255.00000000000006,255.00000000000006
0.5,0.1,0.4,-0.4,0.0,0.138,-0.06708661330582183,0.0,254.00000000000006,254.00000000000006,254.00000000000006,254.00000000000006
0.6,0.1,0.4,-0.4,0.0,0.138,-0.0622338097774027,0.0,254.00000000000006,254.00000000000006,254.00000000000006,254.00000000000006
0.7,0.1,0.4,-0.4,0.0,0.138,-0.0569793028889697,0.0,254.00000000000006,254.00000000000006,255.00000000000006,254.00000000000006
0.7999999999999999,0.1,0.4,-0.4,0.0,0.138,-0.051402325611657806,0.0,254.00000000000006,254.00000000000006,254.00000000000006,254.00000000000006
0.8999999999999999,0.1,0.4,-0.4,0.0,0.138,-0.04556648280805284,0.0,254.00000000000006,254.00000000000006,254.00000000000006,254.00000000000006
0.9999999999999999,0.1,0.4,-0.4,0.0,0.138,-0.03952283375924206,0.0,255.00000000000006,254.00000000000006,255.00000000000006,255.00000000000006
1.0999999999999999,0.1,0.4,-0.4,0.0,0.138,-0.03324953682293243,0.0,254.00000000000006,254.00000000000006,254.00000000000006,254.00000000000006
1.2,0.1,0.4,-0.4,0.0,0.138,-0.026903959223477297,0.0,254.00000000000006,254.00000000000006,254.00000000000006,254.00000000000006
1.3,0.1,0.4,-0.4,0.0,0.138,-0.020451116739398208,0.0,255.00000000000006,254.00000000000006,255.00000000000006,255.00000000000006
1.4000000000000001,0.1,0.4,-0.4,0.0,0.138,-0.013912166563671835,0.0,254.00000000000006,254.00000000000006,255.00000000000006,254.00000000000006
1.5000000000000002,0.1,0.4,-0.4,0.0,0.138,-0.007304092791842104,0.0,254.00000000000006,254.00000000000006,254.00000000000006,254.00000000000006
1.6000000000000003,0.1,0.4,-0.4,0.0,0.138,-6.405295341505718E-4,0.0,255.00000000000006,254.00000000000006,255.00000000000006,254.00000000000006
1.7000000000000004,0.1,0.4,-0.4,0.0,0.138,0.006067578325019821,0.0,254.00000000000006,255.00000000000006,254.00000000000006,254.00000000000006
1.8000000000000005,0.1,0.4,-0.4,0.0,0.138,0.012811444697539115,0.0,254.00000000000006,254.00000000000006,254.00000000000006,254.00000000000006
1.9000000000000006,0.1,0.4,-0.4,0.0,0.138,0.019584016485181016,0.0,254.00000000000006,254.00000000000006,254.00000000000006,255.00000000000006
2.0000000000000004,0.1,0.4,-0.4,0.0,0.138,0.026379631760378525,0.0,254.00000000000006,254.00000000000006,254.00000000000006,254.00000000000006
2.1000000000000005,0.1,0.4,-0.4,0.0,0.138,0.03319374536825852,0.0,255.00000000000006,255.00000000000006,254.00000000000006,254.00000000000006
2.2000000000000006,0.1,0.4,-0.4,0.0,0.138,0.040022708651614225,0.0,254.00000000000006,254.00000000000006,254.00000000000006,254.00000000000006
2.3000000000000007,0.1,0.4,-0.4,0.0,0.138,0.04686359262347296,0.0,254.00000000000006,255.00000000000006,255.00000000000006,255.00000000000006
2.400000000000001,0.1,0.4,-0.4,0.0,0.138,0.05371404601754719,0.0,254.00000000000006,255.00000000000006,255.00000000000006,254.00000000000006
2.500000000000001,0.1,0.4,-0.4,0.0,0.138,0.0605721813371672,0.0,254.00000000000006,254.00000000000006,255.00000000000006,254.00000000000006
2.600000000000001,0.1,0.4,-0.4,0.0,0.138,0.06743648338020712,0.0,254.00000000000006,254.00000000000006,254.00000000000006,255.00000000000006
2.700000000000001,0.1,0.4,-0.4,0.0,0.138,0.07430573580678206,0.0,254.00000000000006,255.00000000000006,255.00000000000006,254.00000000000006
2.800000000000001,0.1,0.4,-0.4,0.0,0.138,0.08117896219091487,0.0,254.00000000000006,254.00000000000006,254.00000000000006,254.00000000000006
2.9000000000000012,0.1,0.4,-0.4,0.0,0.138,0.0880553786993203,0.0,254.00000000000006,254.00000000000006,254.00000000000006,254.00000000000006
3.0000000000000013,0.1,0.4,-0.4,0.0,0.138,0.09493435610394226,0.0,254.00000000000006,254.00000000000006,254.00000000000006,254.00000000000006
3.1000000000000014,0.1,0.4,-0.4,0.0,0.138,0.10181538928723298,0.0,255.00000000000006,255.00000000000006,255.00000000000006,254.00000000000006
3.2000000000000015,0.1,0.4,-0.4,0.0,0.138,0.10869807276228811,0.0,254.00000000000006,254.00000000000006,254.00000000000006,254.00000000000006
3.3000000000000016,0.1,0.4,-0.4,0.0,0.138,0.11558208102145041,0.0,254.00000000000006,254.00000000000006,255.00000000000006,254.00000000000006
3.4000000000000017,0.1,0.4,-0.4,0.0,0.138,0.12246715276100305,0.0,254.00000000000006,245.00000000000006,255.00000000000006,254.00000000000006
3.5000000000000018,0.1,0.4,-0.4,0.0,0.138,0.1293530782174256,0.0,254.00000000000006,210.00000000000006,254.00000000000006,254.00000000000006
3.600000000000002,0.1,0.4,-0.4,0.0,0.138,0.13623968900147648,0.0,254.00000000000006,144.00000000000003,254.00000000000006,255.00000000000006
3.700000000000002,0.1,0.4,-0.4,0.0,0.138,0.14312684993742741,0.0,254.00000000000006,67.00000000000001,255.00000000000006,254.00000000000006
3.800000000000002,0.1,0.4,-0.4,0.0,0.138,0.15001445251194745,0.0,255.00000000000006,0.0,254.00000000000006,254.00000000000006
3.900000000000002,0.1,0.1,-0.3,0.0,0.138,0.15690240961514562,0.0,254.00000000000006,1.0000000000000002,254.00000000000006,255.00000000000006
4.000000000000002,0.1,0.1,-0.3,0.019379835502816276,0.13771233132310945,0.16284838643435529,0.0,255.00000000000006,1.0000000000000002,254.00000000000006,255.00000000000006
4.100000000000001,0.1,0.1,-0.3,0.0449399074791499,0.13722353722552352,0.16824766944302516,0.0,254.00000000000006,0.0,255.00000000000006,254.00000000000006
4.200000000000001,0.1,0.1,-0.3,0.07406496694878237,0.13656454709919844,0.17324145458192425,0.0,254.00000000000006,1.0000000000000002,255.00000000000006,255.00000000000006
4.300000000000001,0.1,0.1,-0.3,0.1054300799385395,0.1357539489025071,0.17790015951360633,0.0,254.00000000000006,1.0000000000000002,255.00000000000006,254.00000000000006
4.4,0.1,0.1,-0.3,0.1382026240801498,0.13480667746868188,0.18228003171792867,0.0,255.00000000000006,1.0000000000000002,254.00000000000006,254.00000000000006
4.5,0.1,0.1,-0.3,0.17185940171949535,0.13373410607579114,0.18642590294631411,0.0,254.00000000000006,0.0,254.00000000000006,254.00000000000006
4.6,0.1,0.1,-0.3,0.20607166855703576,0.13254462135993317,0.1903733385003476,0.0,254.00000000000006,2.0000000000000004,255.00000000000006,254.00000000000006
4.699999999999999,0.1,0.1,-0.3,0.2406328741163682,0.13124429656003966,0.19415036594705443,0.0,255.00000000000006,40.00000000000001,254.00000000000006,254.00000000000006
4.799999999999999,0.1,0.1,-0.3,0.27541324993121313,0.1298375077490026,0.19777888595250048,0.0,254.00000000000006,142.00000000000003,255.00000000000006,255.00000000000006
4.899999999999999,0.1,0.1,-0.3,0.3103312720483135,0.12832744305768265,0.20127582980106667,0.0,255.00000000000006,227.00000000000006,255.00000000000006,254.00000000000006
4.999999999999998,0.1,0.1,-0.3,0.3449853735246808,0.126733102857811,0.20462088012595953,0.0,255.00000000000006,254.00000000000006,254.00000000000006,232.00000000000006
5.099999999999998,0.1,0.1,-0.3,0.380043669562611,0.12502417218848133,0.2078912189770964,0.0,254.00000000000006,254.00000000000006,255.00000000000006,132.00000000000003
5.1999999999999975,0.1,0.1,-0.3,0.41513618767526184,0.12321789474175669,0.21105957503026002,0.0,254.00000000000006,255.00000000000006,254.00000000000006,30.000000000000007
5.299999999999997,0.1,0.3,-0.1,0.4502501809848663,0.12131579732277188,0.2141309525077726,0.0,254.00000000000006,254.00000000000006,254.00000000000006,2.0000000000000004
5.399999999999997,0.1,0.3,-0.1,0.4466092401866953,0.11979952657713279,0.21734972675319564,0.0,254.00000000000006,254.00000000000006,255.00000000000006,1.0000000000000002
5.4999999999999964,0.1,0.3,-0.1,0.4306195288093635,0.1184748196449024,0.2206336088364213,0.0,255.00000000000006,255.00000000000006,254.00000000000006,5.000000000000001
5.599999999999996,0.1,0.3,-0.1,0.4075079621698087,0.11730476411725398,0.22396333703246252,0.0,255.00000000000006,252.00000000000006,254.00000000000006,184.00000000000003
5.699999999999996,0.1,0.3,-0.1,0.37992168447279734,0.1162776663076316,0.22733025038262938,0.0,254.00000000000006,17.000000000000004,254.00000000000006,254.00000000000006
5.799999999999995,0.1,0.1,-0.3,0.34952394263283665,0.11538619855190735,0.23072751310177747,0.0,254.00000000000006,1.0000000000000002,254.00000000000006,254.00000000000006
5.899999999999995,0.1,0.1,-0.3,0.3561284461571072,0.11411994063277957,0.2339722034174994,0.0,2.0000000000000004,1.0000000000000002,254.00000000000006,254.00000000000006
5.999999999999995,0.1,0.1,-0.3,0.3739802125632787,0.11267469815724247,0.2371399850205999,0.0,1.0000000000000002,0.0,254.00000000000006,254.00000000000006
6.099999999999994,0.1,0.1,-0.3,0.39826172022021006,0.11108938764044989,0.24024025296260382,0.0,1.0000000000000002,1.0000000000000002,254.00000000000006,254.00000000000006
6.199999999999994,0.1,0.1,-0.3,0.42658306624090575,0.10937784802689575,0.24327274186844966,0.0,1.0000000000000002,11.000000000000002,254.00000000000006,254.00000000000006
6.299999999999994,0.1,0.1,-0.3,0.4574426394223636,0.10754974752686075,0.24623595350465693,0.0,1.0000000000000002,49.000000000000014,255.00000000000006,254.00000000000006
6.399999999999993,0.1,0.1,-0.3,0.48989697744686245,0.105612098379574,0.24912779569829602,0.0,1.0000000000000002,80.00000000000001,254.00000000000006,254.00000000000006
6.499999999999993,0.1,0.1,-0.3,0.5233533033904506,0.10357025849613383,0.2519458533619708,0.0,1.0000000000000002,119.00000000000003,255.00000000000006,254.00000000000006
6.5999999999999925,0.1,0.1,-0.3,0.5574391760497355,0.1014285803711379,0.2546875206169554,0.0,1.0000000000000002,155.00000000000003,254.00000000000006,254.00000000000006
6.699999999999992,0.1,0.1,-0.3,0.5919205911083899,0.09919082630500602,0.2573500783069828,0.0,1.0000000000000002,182.00000000000003,254.00000000000006,254.00000000000006
6.799999999999992,0.1,0.1,-0.3,0.6266505240610876,0.09686043149256818,0.2599307473510721,0.0,0.0,216.00000000000006,254.00000000000006,254.00000000000006
6.8999999999999915,0.1,0.1,-0.3,0.6615365997319277,0.09444066914393733,0.26242672906243514,0.0,1.0000000000000002,239.00000000000006,254.00000000000006,254.00000000000006
6.999999999999991,0.1,0.1,-0.3,0.6965207790452607,0.09193475298931554,0.2648352368637698,0.0,1.0000000000000002,255.00000000000006,255.00000000000006,254.00000000000006
7.099999999999991,0.1,0.1,-0.3,0.7315665962387005,0.08934589998171072,0.26715352156778227,0.0,1.0000000000000002,255.00000000000006,254.00000000000006,254.00000000000006
7.19999999999999,0.1,0.1,-0.3,0.7666511400175305,0.08667736780468015,0.26937889160427303,0.0,1.0000000000000002,254.00000000000006,254.00000000000006,255.00000000000006
7.29999999999999,0.1,0.1,-0.3,0.8017600153249455,0.0839324764832729,0.27150872924238095,0.0,1.0000000000000002,255.00000000000006,254.00000000000006,255.00000000000006
7.39999999999999,0.1,0.1,-0.3,0.8368841778307368,0.0811146199905386,0.2735405036543183,0.0,1.0000000000000002,254.00000000000006,255.00000000000006,254.00000000000006
7.499999999999989,0.1,0.1,-0.3,0.8720179450468842,0.07822727157042914,0.2754717815051373,0.0,13.000000000000004,255.00000000000006,254.00000000000006,254.00000000000006
7.599999999999989,0.1,0.1,-0.3,0.9071577467162156,0.07527398511976408,0.27730023561314726,0.0,59.000000000000014,254.00000000000006,254.00000000000006,255.00000000000006
7.699999999999989,0.1,0.1,-0.3,0.9423013396851134,0.07225839410047903,0.27902365210613,0.0,115.00000000000003,254.00000000000006,254.00000000000006,255.00000000000006
7.799999999999988,0.1,0.1,-0.3,0.9774473146106424,0.06918420890397253,0.2806399363999635,0.0,177.00000000000003,254.00000000000006,254.00000000000006,254.00000000000006
7.899999999999988,0.1,0.1,-0.3,1.012594786026598,0.06605521324389162,0.28214711824747324,0.0,238.00000000000006,254.00000000000006,254.00000000000006,254.00000000000006
7.999999999999988,0.1,0.1,-0.3,1.0477431976134661,0.06287525993697933,0.28354335604394604,0.0,255.00000000000006,255.00000000000006,254.00000000000006,255.00000000000006
8.099999999999987,0.1,0.1,-0.3,1.082892199850664,0.0596482662960008,0.2848269405287576,0.0,254.00000000000006,255.00000000000006,255.00000000000006,254.00000000000006
8.199999999999987,0.1,0.1,-0.3,1.1180415731462878,0.056378209274142416,0.2859962979870978,0.0,254.00000000000006,254.00000000000006,254.00000000000006,254.00000000000006
8.299999999999986,0.1,0.1,-0.3,1.1531911795401961,0.053069120447651344,0.2870499930292288,0.0,254.00000000000006,254.00000000000006,255.00000000000006,254.00000000000006
8.399999999999986,0.1,0.1,-0.3,1.1883409323595655,0.0497250808908961,0.28798673100495265,0.0,254.00000000000006,254.00000000000006,255.00000000000006,254.00000000000006
8.499999999999986,0.1,0.1,-0.3,1.2234907771538746,0.046350215977969886,0.28880536009630514,0.0,254.00000000000006,255.00000000000006,254.00000000000006,255.00000000000006
8.599999999999985,0.1,0.1,-0.3,1.2586406797166647,0.04294869013270605,0.2895048731206275,0.0,254.00000000000006,254.00000000000006,254.00000000000006,254.00000000000006
8.699999999999985,0.1,0.1,-0.3,1.2937906185598644,0.03952470154159171,0.29008440906811456,0.0,254.00000000000006,254.00000000000006,254.00000000000006,255.00000000000006
8.799999999999985,0.1,0.1,-0.3,1.328940580185594,0.036082476839679314,0.29054325439197304,0.0,254.00000000000006,254.00000000000006,255.00000000000006,255.00000000000006
8.899999999999984,0.1,0.1,-0.3,1.3640905561156018,0.032626265777066565,0.2908808440648916,0.0,254.00000000000006,255.00000000000006,254.00000000000006,254.00000000000006
8.999999999999984,0.1,0.1,-0.3,1.3992405410249775,0.029160335872119608,0.2910967624122431,0.0,254.00000000000006,254.00000000000006,254.00000000000006,254.00000000000006
9.099999999999984,0.1,0.1,-0.3,1.434390531569665,0.025688967056893622,0.2911907437300027,0.0,255.00000000000006,254.00000000000006,255.00000000000006,254.00000000000006
9.199999999999983,0.1,0.1,-0.3,1.4695405256498575,0.022216446319894348,0.29116267269356766,0.0,254.00000000000006,255.00000000000006,254.00000000000006,254.00000000000006
9.299999999999983,0.1,0.1,-0.3,1.5046905219472737,0.018747062351240587,0.29101258456234597,0.0,254.00000000000006,254.00000000000006,255.00000000000006,254.00000000000006
9.399999999999983,0.1,0.1,-0.3,1.5398405196344487,0.015285100195332718,0.2907406651840225,0.0,255.00000000000006,254.00000000000006,254.00000000000006,254.00000000000006
9.499999999999982,0.1,0.1,-0.3,1.5749905181921435,0.01183483591623663,0.29034725080171125,0.0,255.00000000000006,254.00000000000006,254.00000000000006,254.00000000000006
9.599999999999982,0.1,0.1,-0.3,1.6101405172946475,0.00840053128112353,0.28983282766675067,0.0,254.00000000000006,254.00000000000006,254.00000000000006,254.00000000000006
9.699999999999982,0.1,0.1,-0.3,1.6452905167377379,0.00498642846723249,0.28919803145954937,0.0,254.00000000000006,254.00000000000006,255.00000000000006,254.00000000000006
9.799999999999981,0.1,0.1,-0.3,1.6804405163934406,0.0015967447979486071,0.288443646520714,0.0,254.00000000000006,254.00000000000006,254.00000000000006,255.00000000000006
9.89999999999998,0.1,0.1,-0.3,1.7159420161799834,-0.001797784716594475,0.2875612787894156,0.0,254.00000000000006,254.00000000000006,254.00000000000006,254.00000000000006
9.99999999999998,0.1,0.1,-0.3,1.7510920160511525,-0.005125755228446022,0.28656948924082726,0.0,254.00000000000006,254.00000000000006,254.00000000000006,255.00000000000006
10.09999999999998,0.1,0.1,-0.3,1.7862420159731023,-0.008416814937012379,0.28546135842042025,0.0,254.00000000000006,254.00000000000006,254.00000000000006,254.00000000000006
10.19999999999998,0.1,0.1,-0.3,1.8213920159263877,-0.011666898271224052,0.2842382553295587,0.0,255.00000000000006,254.00000000000006,254.00000000000006,255.00000000000006
10.29999999999998,0.1,0.1,-0.3,1.856542015898902,-0.01487199024535188,0.2829016909961654,0.0,255.00000000000006,254.00000000000006,254.00000000000006,254.00000000000006
10.399999999999979,0.1,0.1,-0.3,1.891692015883131,-0.018028131426080868,0.2814533166109538,0.0,254.00000000000006,254.00000000000006,254.00000000000006,255.00000000000006
10.499999999999979,0.1,0.1,-0.3,1.926842015874423,-0.02113142282965952,0.2798949214897224,0.0,254.00000000000006,254.00000000000006,254.00000000000006,254.00000000000006
10.599999999999978,0.1,0.1,-0.3,1.961992015869917,-0.024178030743306766,0.27822843086441573,0.0,255.00000000000006,255.00000000000006,254.00000000000006,255.00000000000006
10.699999999999978,0.1,0.1,-0.3,1.9971420158678612,-0.027164191465114534,0.27645590350583665,0.0,254.00000000000006,254.00000000000006,255.00000000000006,255.00000000000006
10.799999999999978,0.1,0.1,-0.3,2.032292015867191,-0.030086215956749096,0.2745795291810506,0.0,254.00000000000006,254.00000000000006,254.00000000000006,254.00000000000006
10.899999999999977,0.1,0.1,-0.3,2.067442015867269,-0.0329404944033356,0.2726016259487173,0.0,254.00000000000006,254.00000000000006,254.00000000000006,255.00000000000006
10.999999999999977,0.1,0.1,-0.3,2.1025920158677187,-0.035723500674997355,0.2705246372957484,0.0,254.00000000000006,254.00000000000006,254.00000000000006,255.00000000000006
11.099999999999977,0.1,0.1,-0.3,2.137742015868323,-0.038431796684629344,0.26835112911888115,0.0,254.00000000000006,254.00000000000006,254.00000000000006,255.00000000000006
11.199999999999976,0.1,0.1,-0.3,2.172892015868973,-0.04106203663659205,0.2660837865549352,0.0,255.00000000000006,254.00000000000006,255.00000000000006,254.00000000000006
11.299999999999976,0.1,0.1,-0.3,2.20804201586958,-0.043610971161137047,0.2637254106636915,0.0,255.00000000000006,254.00000000000006,254.00000000000006,255.00000000000006
11.399999999999975,0.1,0.1,-0.3,2.2431920158701253,-0.046075451329503664,0.2612789149675169,0.0,254.00000000000006,254.00000000000006,255.00000000000006,254.00000000000006
11.499999999999975,0.1,0.1,-0.3,2.2783420158706047,-0.04845243254476678,0.25874732185201754,0.0,254.00000000000006,255.00000000000006,254.00000000000006,254.00000000000006
11.599999999999975,0.1,0.1,-0.3,2.3134920158710117,-0.05073897830366014,0.2561337588321862,0.0,254.00000000000006,254.00000000000006,254.00000000000006,254.00000000000006
11.699999999999974,0.1,0.1,-0.3,2.3486420158713552,-0.05293226382475283,0.2534414546886599,0.0,254.00000000000006,254.00000000000006,255.00000000000006,254.00000000000006
11.799999999999974,0.1,0.1,-0.3,2.383792015871637,-0.05502957953851967,0.2506737354788653,0.0,254.00000000000006,254.00000000000006,254.00000000000006,254.00000000000006
11.899999999999974,0.1,0.1,-0.3,2.4189420158718704,-0.05702833443500832,0.24783402042798736,0.0,254.00000000000006,255.00000000000006,254.00000000000006,254.00000000000006
11.999999999999973,0.1,0.1,-0.3,2.454092015872063,-0.05892605926498362,0.2449258177048379,0.0,254.00000000000006,254.00000000000006,254.00000000000006,254.00000000000006
12.099999999999973,0.1,0.1,-0.3,2.4892420158722244,-0.0607204095906029,0.24195272008784424,0.0,254.00000000000006,254.00000000000006,255.00000000000006,254.00000000000006
12.199999999999973,0.1,0.1,-0.3,2.524392015872343,-0.062409168681865745,0.23891840052651314,0.0,254.00000000000006,254.00000000000006,254.00000000000006,254.00000000000006
12.299999999999972,0.1,0.1,-0.3,2.559542015872454,-0.06399025025526317,0.23582660760385638,0.0,255.00000000000006,254.00000000000006,254.00000000000006,255.00000000000006
12.399999999999972,0.1,0.1,-0.3,2.5946920158725266,-0.06546170105125235,0.2326811609053805,0.0,254.00000000000006,254.00000000000006,254.00000000000006,254.00000000000006
12.499999999999972,0.1,0.1,-0.3,2.6298420158725992,-0.06682170324737446,0.22948594630036323,0.0,254.00000000000006,255.00000000000006,254.00000000000006,254.00000000000006
12.599999999999971,0.1,0.1,-0.3,2.6649920158726634,-0.06806857670404043,0.22624491114124728,0.0,254.00000000000006,254.00000000000006,255.00000000000006,254.00000000000006
12.69999999999997,0.1,0.1,-0.3,2.7001420158726916,-0.06920078104021204,0.22296205938707964,0.0,254.00000000000006,254.00000000000006,254.00000000000006,255.00000000000006
12.79999999999997,0.1,0.1,-0.3,2.73529201587272,-0.07021691753641604,0.21964144665702395,0.0,254.00000000000006,254.00000000000006,254.00000000000006,254.00000000000006
12.89999999999997,0.1,0.1,-0.3,2.770442015872748,-0.07111573086274381,0.21628717522005125,0.0,254.00000000000006,254.00000000000006,254.00000000000006,255.00000000000006
12.99999999999997,0.1,0.1,-0.3,2.8055920158727763,-0.07189611062970092,0.21290338892700622,0.0,255.00000000000006,254.00000000000006,254.00000000000006,254.00000000000006
13.09999999999997,0.1,0.1,-0.3,2.8407420158728045,-0.07255709275999508,0.20949426809130178,0.0,255.00000000000006,254.00000000000006,254.00000000000006,254.00000000000006
13.199999999999969,0.1,0.1,-0.3,2.8758920158728327,-0.07309786067956583,0.20606402432456916,0.0,254.00000000000006,254.00000000000006,254.00000000000006,254.00000000000006
13.299999999999969,0.1,0.1,-0.3,2.911042015872861,-0.07351774632638663,0.20261689533364768,0.0,254.00000000000006,254.00000000000006,255.00000000000006,254.00000000000006
13.399999999999968,0.1,0.1,-0.3,2.946192015872889,-0.0738162309757937,0.19915713968533388,0.0,254.00000000000006,255.00000000000006,254.00000000000006,254.00000000000006
13.499999999999968,0.1,0.1,-0.3,2.9813420158729174,-0.07399294588132321,0.19568903154536227,0.0,173.00000000000003,254.00000000000006,254.00000000000006,254.00000000000006
13.599999999999968,0.1,0.1,-0.3,3.016492015872926,-0.07404767273026305,0.1922168553981189,0.0,12.000000000000004,255.00000000000006,254.00000000000006,255.00000000000006
13.699999999999967,0.1,0.1,-0.3,3.05164201587291,-0.07398034391335975,0.18874490075360306,0.0,1.0000000000000002,254.00000000000006,255.00000000000006,254.00000000000006
13.799999999999967,0.1,0.1,-0.3,3.0867920158728936,-0.0737910426083454,0.18527745684818508,0.0,1.0000000000000002,254.00000000000006,254.00000000000006,254.00000000000006
13.899999999999967,0.1,0.1,-0.3,3.1219420158728775,-0.07348000267718269,0.18181880734570194,0.0,1.0000000000000002,205.00000000000006,254.00000000000006,255.00000000000006
13.999999999999966,0.1,0.1,-0.3,3.1570920158728613,-0.07304760837715454,0.1783732250454355,0.0,1.0000000000000002,1.0000000000000002,255.00000000000006,255.00000000000006
14.099999999999966,0.1,0.1,-0.3,3.192242015872845,-0.07249439388615656,0.17494496660351633,0.0,119.00000000000003,1.0000000000000002,254.00000000000006,255.00000000000006
14.199999999999966,0.1,0.1,-0.3,3.227392015872829,-0.07182104264277611,0.17153826727426774,0.0,254.00000000000006,0.0,255.00000000000006,254.00000000000006
14.299999999999965,0.1,0.1,-0.3,3.2625420158728127,-0.07102838650197715,0.16815733567799124,0.0,254.00000000000006,1.0000000000000002,254.00000000000006,254.00000000000006
14.399999999999965,0.1,0.1,-0.3,3.2976920158727965,-0.07011740470743108,0.16480634860165805,0.0,254.00000000000006,153.00000000000003,254.00000000000006,254.00000000000006
14.499999999999964,0.1,0.1,-0.3,3.3328420158727803,-0.06908922268176337,0.16148944583892266,0.0,254.00000000000006,254.00000000000006,254.00000000000006,7.000000000000002
14.599999999999964,0.1,0.3,-0.1,3.367992015872764,-0.06794511063621372,0.15821072507584205,0.0,254.00000000000006,254.00000000000006,194.00000000000006,1.0000000000000002
14.699999999999964,0.1,0.3,-0.1,3.3643731888945694,-0.06720633338497584,0.1548462202593025,0.0,255.00000000000006,254.00000000000006,0.0,1.0000000000000002
14.799999999999963,0.1,0.3,-0.1,3.3483972993182456,-0.06666289263978828,0.1514391539697601,0.0,255.00000000000006,255.00000000000006,1.0000000000000002,6.000000000000002
14.899999999999963,0.1,0.3,-0.1,3.325294398629917,-0.06627519759666234,0.1480044577814496,0.0,254.00000000000006,255.00000000000006,0.0,93.00000000000001
14.999999999999963,0.1,0.3,-0.1,3.2977135734198932,-0.0660308870330448,0.14455136327322193,0.0,255.00000000000006,254.00000000000006,1.0000000000000002,217.00000000000006
15.099999999999962,0.1,0.3,-0.1,3.267319274816692,-0.06592225043548713,0.14108758667193638,0.0,254.00000000000006,255.00000000000006,1.0000000000000002,253.00000000000006
15.199999999999962,0.1,0.3,-0.1,3.2351572750120847,-0.06594437551311322,0.1376196345070138,0.0,254.00000000000006,254.00000000000006,23.000000000000004,254.00000000000006
15.299999999999962,0.1,0.3,-0.1,3.201884631134943,-0.0660940388440896,0.13415317227828788,0.0,254.00000000000006,254.00000000000006,135.00000000000003,254.00000000000006
15.399999999999961,0.1,0.3,-0.1,3.1679141712154735,-0.06636902570017125,0.1306933161727175,0.0,255.00000000000006,254.00000000000006,235.00000000000006,254.00000000000006
15.499999999999961,0.1,0.3,-0.1,3.133505274500544,-0.06676770584002875,0.12724483361979522,0.0,254.00000000000006,254.00000000000006,254.00000000000006,254.00000000000006
15.59999999999996,0.1,0.3,-0.1,3.0988209085913825,-0.06728876622627053,0.12381227153484868,0.0,254.00000000000006,254.00000000000006,254.00000000000006,255.00000000000006
15.69999999999996,0.1,0.3,-0.1,3.063963465793296,-0.0679310417656778,0.12040003439900175,0.0,254.00000000000006,254.00000000000006,254.00000000000006,254.00000000000006
15.79999999999996,0.1,0.3,-0.1,3.02899727904169,-0.06869340799667614,0.11701242974507596,0.0,254.00000000000006,255.00000000000006,254.00000000000006,254.00000000000006
15.89999999999996,0.1,0.3,-0.1,2.993962768625472,-0.069574713192505,0.11365369325847306,0.0,254.00000000000006,254.00000000000006,255.00000000000006,254.00000000000006
15.99999999999996,0.1,0.3,-0.1,2.9588853305527243,-0.07057373564224856,0.11032800144771517,0.0,254.00000000000006,254.00000000000006,254.00000000000006,254.00000000000006
16.09999999999996,0.1,0.3,-0.1,2.923780921097862,-0.07168915705503037,0.10703947687875705,0.0,254.00000000000006,254.00000000000006,254.00000000000006,254.00000000000006
16.19999999999996,0.1,0.3,-0.1,2.8886595655644847,-0.07291954631114733,0.10379218903483468,0.0,254.00000000000006,254.00000000000006,255.00000000000006,255.00000000000006
16.29999999999996,0.1,0.3,-0.1,2.853527562835932,-0.07426334987111127,0.10059015264802633,0.0,254.00000000000006,254.00000000000006,254.00000000000006,254.00000000000006
16.399999999999963,0.1,0.3,-0.1,2.8183888704911872,-0.07571888648637051,0.09743732460187439,0.0,254.00000000000006,255.00000000000006,254.00000000000006,255.00000000000006
16.499999999999964,0.1,0.3,-0.1,2.783245975071153,-0.07728434470740672,0.0943376000531478,0.0,254.00000000000006,254.00000000000006,255.00000000000006,254.00000000000006
16.599999999999966,0.1,0.3,-0.1,2.7481004388657024,-0.0789577822293546,0.0912948081516199,0.0,254.00000000000006,254.00000000000006,254.00000000000006,254.00000000000006
16.699999999999967,0.1,0.3,-0.1,2.712953243459148,-0.08073712646296166,0.08831270757786412,0.0,254.00000000000006,254.00000000000006,254.00000000000006,255.00000000000006
16.79999999999997,0.1,0.3,-0.1,2.6778050055793883,-0.08262017594044599,0.0853949820262463,0.0,254.00000000000006,255.00000000000006,254.00000000000006,254.00000000000006
16.89999999999997,0.1,0.3,-0.1,2.642656112715573,-0.08460460230704561,0.0825452357065901,0.0,254.00000000000006,254.00000000000006,254.00000000000006,254.00000000000006
16.99999999999997,0.1,0.3,-0.1,2.607506808326504,-0.08668795273886246,0.07976698890725094,0.0,254.00000000000006,255.00000000000006,254.00000000000006,254.00000000000006
17.099999999999973,0.1,0.3,-0.1,2.5723572453769363,-0.08886765268461477,0.07706367364493293,0.0,254.00000000000006,254.00000000000006,254.00000000000006,254.00000000000006
17.199999999999974,0.1,0.3,-0.1,2.537207519974363,-0.09114100886503812,0.07443862941686276,0.0,254.00000000000006,255.00000000000006,190.00000000000003,255.00000000000006
17.299999999999976,0.1,0.3,-0.1,2.502057692502943,-0.09350521248650379,0.07189509906557727,0.0,254.00000000000006,254.00000000000006,17.000000000000004,254.00000000000006
17.399999999999977,0.1,0.3,-0.1,2.466907800901936,-0.09595734263981906,0.06943622476367466,0.0,254.00000000000006,254.00000000000006,1.0000000000000002,254.00000000000006
17.49999999999998,0.1,0.3,-0.1,2.4317578690084907,-0.0984943698642132,0.06706504412432172,0.0,255.00000000000006,254.00000000000006,1.0000000000000002,254.00000000000006
17.59999999999998,0.1,0.3,-0.1,2.3966079117994403,-0.10111315986215932,0.06478448644247349,0.0,254.00000000000006,254.00000000000006,1.0000000000000002,177.00000000000003
17.69999999999998,0.1,0.3,-0.1,2.361457938684691,-0.10381047735419216,0.06259736907131215,0.0,254.00000000000006,254.00000000000006,0.0,1.0000000000000002
17.799999999999983,0.1,0.3,-0.1,2.326307955576463,-0.1065829900650328,0.060506393938141986,0.0,255.00000000000006,255.00000000000006,178.00000000000003,1.0000000000000002
17.899999999999984,0.1,0.3,-0.1,2.2911579661893806,-0.10942727283363246,0.05851414420380151,0.0,254.00000000000006,254.00000000000006,254.00000000000006,1.0000000000000002
17.999999999999986,0.1,0.3,-0.1,2.2560079728573377,-0.11233981184051622,0.0566230810694975,0.0,254.00000000000006,254.00000000000006,254.00000000000006,1.0000000000000002
18.099999999999987,0.1,0.3,-0.1,2.2208579770467054,-0.11531700894624003,0.054835540734833696,0.0,254.00000000000006,253.00000000000006,255.00000000000006,222.00000000000006
18.19999999999999,0.1,0.3,-0.1,2.1857079796788006,-0.11835518613499774,0.05315373151065102,0.0,255.00000000000006,2.0000000000000004,255.00000000000006,254.00000000000006
18.29999999999999,0.1,0.1,-0.3,2.1505579813324767,-0.12145059005751313,0.05157973109014109,0.0,254.00000000000006,1.0000000000000002,254.00000000000006,254.00000000000006
18.39999999999999,0.1,0.1,-0.3,2.1541768093493743,-0.12431287630639803,0.04966322323051468,0.0,1.0000000000000002,1.0000000000000002,254.00000000000006,255.00000000000006
18.499999999999993,0.1,0.1,-0.3,2.1701526995782703,-0.12706366510617967,0.047580775177128956,0.0,1.0000000000000002,0.0,254.00000000000006,254.00000000000006
18.599999999999994,0.1,0.1,-0.3,2.1932556006766006,-0.12972118982443065,0.045370569751678816,0.0,0.0,7.000000000000002,254.00000000000006,255.00000000000006
18.699999999999996,0.1,0.1,-0.3,2.2208364261442326,-0.1322879799711118,0.04304782613334904,0.0,1.0000000000000002,51.000000000000014,254.00000000000006,254.00000000000006
18.799999999999997,0.1,0.1,-0.3,2.2512307249092953,-0.13476425798073405,0.040623450406509776,0.0,0.0,83.00000000000001,254.00000000000006,254.00000000000006
18.9,0.1,0.1,-0.3,2.2830647521028093,-0.1371256740360388,0.0381311588429562,0.0,0.0,102.00000000000003,254.00000000000006,255.00000000000006
19.0,0.1,0.1,-0.3,2.316328650916533,-0.13941835287373666,0.035526875690035015,0.0,0.0,128.00000000000003,255.00000000000006,254.00000000000006
19.1,0.1,0.1,-0.3,2.3502936163254926,-0.14161604117850696,0.03284055311740745,0.0,1.0000000000000002,137.00000000000003,254.00000000000006,254.00000000000006
19.200000000000003,0.1,0.1,-0.3,2.3846990608475456,-0.14371661623484283,0.030076765017078483,0.0,1.0000000000000002,161.00000000000003,254.00000000000006,254.00000000000006
19.300000000000004,0.1,0.1,-0.3,2.41938125774901,-0.14571787824585553,0.027239704374303272,0.0,1.0000000000000002,179.00000000000003,254.00000000000006,254.00000000000006
19.400000000000006,0.1,0.1,-0.3,2.4542373377627653,-0.147617618701682,0.024333357614567785,0.0,1.0000000000000002,203.00000000000006,254.00000000000006,254.00000000000006
19.500000000000007,0.1,0.1,-0.3,2.4892026682789985,-0.14941366650723326,0.021361612242782463,0.0,0.0,224.00000000000006,254.00000000000006,254.00000000000006
19.60000000000001,0.1,0.1,-0.3,2.5242366407238093,-0.15110391971834514,0.018328322291186847,0.0,1.0000000000000002,249.00000000000006,254.00000000000006,254.00000000000006
19.70000000000001,0.1,0.1,-0.3,2.559313740789931,-0.15268636767608845,0.015237347243662935,0.0,0.0,250.00000000000006,254.00000000000006,254.00000000000006
19.80000000000001,0.1,0.1,-0.3,2.5944179378757393,-0.1541591066290433,0.012092574354323121,0.0,1.0000000000000002,254.00000000000006,254.00000000000006,254.00000000000006
19.900000000000013,0.1,0.1,-0.3,2.6295391599779663,-0.15552035090044714,0.00889793059760069,0.0,1.0000000000000002,254.00000000000006,255.00000000000006,254.00000000000006
20.000000000000014,0.1,0.1,-0.3,2.664671078871933,-0.15676844098967685,0.005657388154247905,0.0,1.0000000000000002,255.00000000000006,254.00000000000006,254.00000000000006
20.100000000000016,0.1,0.1,-0.3,2.699809718543544,-0.15790184955100262,0.0023749658692202025,0.0,0.0,254.00000000000006,254.00000000000006,254.00000000000006
20.200000000000017,0.1,0.1,-0.3,2.734952580869132,-0.15891918588900644,-9.452718022992523E-4,0.0,11.000000000000002,254.00000000000006,255.00000000000006,254.00000000000006
20.30000000000002,0.1,0.1,-0.3,2.7700980962814006,-0.15981919940274936,-0.004299217418370846,0.0,36.00000000000001,255.00000000000006,254.00000000000006,254.00000000000006
20.40000000000002,0.1,0.1,-0.3,2.805245278623632,-0.16060078226931046,-0.007682724157922982,0.0,102.00000000000003,254.00000000000006,254.00000000000006,254.00000000000006
20.50000000000002,0.1,0.1,-0.3,2.8403935082951044,-0.16126297156119862,-0.011091610048740125,0.0,215.00000000000006,254.00000000000006,254.00000000000006,255.00000000000006
20.600000000000023,0.1,0.1,-0.3,2.875542396001667,-0.1618049509271362,-0.014521662589204162,0.0,252.00000000000006,255.00000000000006,254.00000000000006,254.00000000000006
20.700000000000024,0.1,0.1,-0.3,2.9106916971504457,-0.16222605192201184,-0.017968643621945925,0.0,254.00000000000006,254.00000000000006,254.00000000000006,255.00000000000006
20.800000000000026,0.1,0.1,-0.3,2.945841258064143,-0.16252575504258382,-0.021428294369841783,0.0,254.00000000000006,255.00000000000006,254.00000000000006,255.00000000000006
20.900000000000027,0.1,0.1,-0.3,2.9809909821875826,-0.16270369050609873,-0.02489634057696591,0.0,254.00000000000006,254.00000000000006,254.00000000000006,254.00000000000006
21.00000000000003,0.1,0.1,-0.3,3.016140808855324,-0.1627596387961684,-0.02836849771687961,0.0,255.00000000000006,254.00000000000006,254.00000000000006,254.00000000000006
21.10000000000003,0.1,0.1,-0.3,3.051290699951384,-0.16269353099183625,-0.03184047624275801,0.0,254.00000000000006,254.00000000000006,255.00000000000006,255.00000000000006
21.20000000000003,0.1,0.1,-0.3,3.086440631527573,-0.16250544889030066,-0.03530798686127512,0.0,255.00000000000006,255.00000000000006,254.00000000000006,254.00000000000006
21.300000000000033,0.1,0.1,-0.3,3.1215905885372925,-0.16219562493024164,-0.03876674581670144,0.0,254.00000000000006,255.00000000000006,254.00000000000006,255.00000000000006
21.400000000000034,0.1,0.1,-0.3,3.156740561526803,-0.1617644419204758,-0.042212480174435435,0.0,254.00000000000006,254.00000000000006,254.00000000000006,254.00000000000006
21.500000000000036,0.1,0.1,-0.3,3.1918905445563452,-0.16121243257728324,-0.04564093309488336,0.0,254.00000000000006,254.00000000000006,254.00000000000006,254.00000000000006
21.600000000000037,0.1,0.1,-0.3,3.2270405338939896,-0.16054027887293731,-0.04904786908963643,0.0,254.00000000000006,254.00000000000006,254.00000000000006,254.00000000000006
21.70000000000004,0.1,0.1,-0.3,3.2621905271949703,-0.15974881119750678,-0.05242907925253656,0.0,255.00000000000006,254.00000000000006,254.00000000000006,254.00000000000006
21.80000000000004,0.1,0.1,-0.3,3.297340522986087,-0.15883900733579193,-0.05578038645862536,0.0,254.00000000000006,255.00000000000006,254.00000000000006,254.00000000000006
21.90000000000004,0.1,0.1,-0.3,3.3324905203417305,-0.1578119912611906,-0.05909765052423477,0.0,255.00000000000006,254.00000000000006,254.00000000000006,255.00000000000006
22.000000000000043,0.1,0.1,-0.3,3.3676405186803504,-0.15666903174832636,-0.06237677332165835,0.0,255.00000000000006,254.00000000000006,254.00000000000006,254.00000000000006
22.100000000000044,0.1,0.1,-0.3,3.402790517636561,-0.15541154080637998,-0.0656137038419785,0.0,254.00000000000006,255.00000000000006,254.00000000000006,254.00000000000006
22.200000000000045,0.1,0.1,-0.3,3.4379405169807904,-0.15404107193520034,-0.06880444319973468,0.0,254.00000000000006,255.00000000000006,255.00000000000006,255.00000000000006
22.300000000000047,0.1,0.1,-0.3,3.4730905165688033,-0.15255931820644436,-0.0719450495732174,0.0,108.00000000000003,254.00000000000006,255.00000000000006,254.00000000000006
22.40000000000005,0.1,0.1,-0.3,3.5082405163099804,-0.15096811017217815,-0.07503164307426728,0.0,1.0000000000000002,254.00000000000006,254.00000000000006,255.00000000000006
22.50000000000005,0.1,0.1,-0.3,3.5433905161473827,-0.1492694136035611,-0.07806041054155519,0.0,1.0000000000000002,254.00000000000006,254.00000000000006,254.00000000000006
22.60000000000005,0.1,0.1,-0.3,3.5785405160452433,-0.14746532706243176,-0.0810276102514181,0.0,1.0000000000000002,26.000000000000007,255.00000000000006,255.00000000000006
22.700000000000053,0.1,0.1,-0.3,3.613690515981084,-0.14555807930881504,-0.08392957654043041,0.0,61.000000000000014,0.0,254.00000000000006,254.00000000000006
22.800000000000054,0.1,0.1,-0.3,3.648840515940784,-0.14355002654755866,-0.08676272433400051,0.0,254.00000000000006,1.0000000000000002,255.00000000000006,255.00000000000006
22.900000000000055,0.1,0.1,-0.3,3.6839905159154696,-0.14144364951751498,-0.08952355357539883,0.0,255.00000000000006,1.0000000000000002,254.00000000000006,254.00000000000006
23.000000000000057,0.1,0.1,-0.3,3.7191405158995736,-0.1392415504268632,-0.09220865354974754,0.0,255.00000000000006,245.00000000000006,254.00000000000006,148.00000000000003
23.10000000000006,0.1,0.1,-0.3,3.7542905158895907,-0.13694644973836329,-0.09481470709763076,0.0,254.00000000000006,254.00000000000006,254.00000000000006,0.0
23.20000000000006,0.1,0.3,-0.1,3.7894405158833235,-0.1345611828085143,-0.09733849471312134,0.0,254.00000000000006,254.00000000000006,107.00000000000003,1.0000000000000002
23.30000000000006,0.1,0.3,-0.1,3.7858216889012124,-0.13251069003496257,-0.10010637547374246,0.0,254.00000000000006,254.00000000000006,1.0000000000000002,1.0000000000000002
23.400000000000063,0.1,0.3,-0.1,3.769845799322432,-0.13062103014498644,-0.10299300223706533,0.0,254.00000000000006,254.00000000000006,1.0000000000000002,103.00000000000003
23.500000000000064,0.1,0.3,-0.1,3.746742898632558,-0.1288621848828188,-0.10596855407106195,0.0,254.00000000000006,255.00000000000006,1.0000000000000002,172.00000000000003
23.600000000000065,0.1,0.3,-0.1,3.7191620734215625,-0.1272266511442428,-0.10901955042319952,0.0,255.00000000000006,254.00000000000006,1.0000000000000002,193.00000000000006
23.700000000000067,0.1,0.3,-0.1,3.6887677748177534,-0.12571054968056478,-0.11213579601991412,0.0,254.00000000000006,254.00000000000006,0.0,177.00000000000003
23.800000000000068,0.1,0.3,-0.1,3.6566057750127605,-0.12431205974754722,-0.11530934413758127,0.0,255.00000000000006,254.00000000000006,1.0000000000000002,125.00000000000003
23.90000000000007,0.1,0.3,-0.1,3.623333131135377,-0.1230305576388776,-0.11853370637682273,0.0,254.00000000000006,254.00000000000006,1.0000000000000002,25.000000000000007
24.00000000000007,0.1,0.3,-0.1,3.589362671215754,-0.12186611536411551,-0.12180330822381868,0.0,254.00000000000006,254.00000000000006,1.0000000000000002,1.0000000000000002
24.100000000000072,0.1,0.3,-0.1,3.554953774500728,-0.12081919560496263,-0.12511313250844908,0.0,254.00000000000006,254.00000000000006,35.00000000000001,1.0000000000000002
24.200000000000074,0.1,0.3,-0.1,3.5202694085915054,-0.11989046028236267,-0.12845849304179957,0.0,255.00000000000006,255.00000000000006,217.00000000000006,1.0000000000000002
24.300000000000075,0.1,0.3,-0.1,3.485411965793382,-0.11908064804857066,-0.1318348941271749,0.0,254.00000000000006,254.00000000000006,254.00000000000006,1.0000000000000002
24.400000000000077,0.1,0.3,-0.1,3.450445779041751,-0.11839049497224657,-0.1352379451546435,0.0,255.00000000000006,255.00000000000006,254.00000000000006,1.0000000000000002
24.500000000000078,0.1,0.3,-0.1,3.415411268625518,-0.11782068285111191,-0.13866330992113596,0.0,254.00000000000006,254.00000000000006,254.00000000000006,11.000000000000002
24.60000000000008,0.1,0.3,-0.1,3.380333830552758,-0.11737180541430242,-0.14210667759302248,0.0,255.00000000000006,254.00000000000006,255.00000000000006,236.00000000000006
24.70000000000008,0.1,0.3,-0.1,3.3452294210978875,-0.11704434619503123,-0.14556374704993558,0.0,254.00000000000006,141.00000000000003,255.00000000000006,254.00000000000006
24.800000000000082,0.1,0.3,-0.1,3.310108065564505,-0.11683866405529009,-0.14903021945303185,0.0,254.00000000000006,0.0,255.00000000000006,254.00000000000006
24.900000000000084,0.1,0.1,-0.3,3.2749760628359508,-0.11675498375159582,-0.15250179584394413,0.0,250.00000000000006,1.0000000000000002,255.00000000000006,255.00000000000006
25.000000000000085,0.1,0.1,-0.3,3.2786061974501126,-0.11626175249588011,-0.15591096760461381,0.0,1.0000000000000002,1.0000000000000002,254.00000000000006,254.00000000000006
25.100000000000087,0.1,0.1,-0.3,3.2945891915939267,-0.1155707291513392,-0.15929120133556035,0.0,1.0000000000000002,0.0,254.00000000000006,255.00000000000006
25.200000000000088,0.1,0.1,-0.3,3.317696556070632,-0.11472421886994533,-0.16264245809194175,0.0,1.0000000000000002,2.0000000000000004,254.00000000000006,255.00000000000006
25.30000000000009,0.1,0.1,-0.3,3.3452801858726633,-0.11373703671338448,-0.16596044907419097,0.0,1.0000000000000002,4.000000000000001,254.00000000000006,254.00000000000006
25.40000000000009,0.1,0.1,-0.3,3.375676246597709,-0.11261911313243017,-0.16924066694543116,0.0,1.0000000000000002,1.0000000000000002,254.00000000000006,255.00000000000006
25.500000000000092,0.1,0.1,-0.3,3.407839353541805,-0.11137733478007825,-0.1724787515209666,0.0,1.0000000000000002,1.0000000000000002,255.00000000000006,254.00000000000006
25.600000000000094,0.1,0.1,-0.3,3.441112693033933,-0.11001671220502088,-0.17567053515879483,0.0,1.0000000000000002,1.0000000000000002,255.00000000000006,254.00000000000006
25.700000000000095,0.1,0.1,-0.3,3.4750835900080417,-0.10854111891199342,-0.17881200917485282,0.0,1.0000000000000002,1.0000000000000002,255.00000000000006,255.00000000000006
25.800000000000097,0.1,0.1,-0.3,3.509492761324408,-0.10695375884657649,-0.18189928549053294,0.0,1.0000000000000002,0.0,254.00000000000006,254.00000000000006
25.900000000000098,0.1,0.1,-0.3,3.5441772997657854,-0.10525746160739771,-0.18492857071714192,0.0,1.0000000000000002,1.0000000000000002,255.00000000000006,254.00000000000006
26.0000000000001,0.1,0.1,-0.3,3.5790348509660475,-0.10345486828985412,-0.18789615267765483,0.0,1.0000000000000002,1.0000000000000002,254.00000000000006,254.00000000000006
26.1000000000001,0.1,0.1,-0.3,3.6140011058269366,-0.1015485478985945,-0.19079839562214992,0.0,1.0000000000000002,1.0000000000000002,254.00000000000006,254.00000000000006
26.200000000000102,0.1,0.1,-0.3,3.649035659036404,-0.09954106970691734,-0.19363174064315372,0.0,1.0000000000000002,1.0000000000000002,255.00000000000006,255.00000000000006
26.300000000000104,0.1,0.1,-0.3,3.6841131239963207,-0.09743504768409395,-0.19639270885920684,0.0,1.0000000000000002,0.0,254.00000000000006,254.00000000000006
26.400000000000105,0.1,0.1,-0.3,3.7192175503445406,-0.09523316722014416,-0.19907790588090069,0.0,1.0000000000000002,1.0000000000000002,255.00000000000006,254.00000000000006
26.500000000000107,0.1,0.1,-0.3,3.754338916492138,-0.09293820063006594,-0.2016840267277613,0.0,1.0000000000000002,1.0000000000000002,254.00000000000006,255.00000000000006
26.600000000000108,0.1,0.1,-0.3,3.7894709258897086,-0.09055301553885028,-0.2042078607670948,0.0,1.0000000000000002,1.0000000000000002,254.00000000000006,254.00000000000006
26.70000000000011,0.1,0.1,-0.3,3.8246096224246893,-0.08808057873875574,-0.2066462964755587,0.0,1.0000000000000002,1.0000000000000002,254.00000000000006,254.00000000000006
26.80000000000011,0.1,0.1,-0.3,3.8597525204775174,-0.08552395715440675,-0.20899632594659068,0.0,1.0000000000000002,1.0000000000000002,254.00000000000006,254.00000000000006
26.900000000000112,0.1,0.1,-0.3,3.894898058337217,-0.0828863169471295,-0.2112550491270639,0.0,1.0000000000000002,1.0000000000000002,254.00000000000006,254.00000000000006
27.000000000000114,0.1,0.1,-0.3,3.930045254783178,-0.08017092140873464,-0.21341967779281623,0.0,1.0000000000000002,1.0000000000000002,255.00000000000006,255.00000000000006
27.100000000000115,0.1,0.1,-0.3,3.965193493316038,-0.07738112805481687,-0.215487539281494,0.0,1.0000000000000002,1.0000000000000002,254.00000000000006,254.00000000000006
27.200000000000117,0.1,0.1,-0.3,4.00034238659023,-0.0745203851765982,-0.21745608000168543,0.0,1.0000000000000002,1.0000000000000002,254.00000000000006,254.00000000000006
27.300000000000118,0.1,0.1,-0.3,4.0354916912371595,-0.0715922280154962,-0.21932286873447115,0.0,1.0000000000000002,1.0000000000000002,254.00000000000006,254.00000000000006
27.40000000000012,0.1,0.1,-0.3,4.070641254348763,-0.06860027466512839,-0.22108559973972797,0.0,1.0000000000000002,1.0000000000000002,254.00000000000006,254.00000000000006
27.50000000000012,0.1,0.1,-0.3,4.105790979853153,-0.06554822176824676,-0.22274209567590375,0.0,12.000000000000004,0.0,254.00000000000006,254.00000000000006
27.600000000000122,0.1,0.1,-0.3,4.1409408073885565,-0.06243984005284964,-0.2242903103389549,0.0,37.00000000000001,0.0,254.00000000000006,254.00000000000006
27.700000000000124,0.1,0.1,-0.3,4.17609069902978,-0.059278969737224185,-0.22572833122379293,0.0,102.00000000000003,0.0,254.00000000000006,255.00000000000006
27.800000000000125,0.1,0.1,-0.3,4.211240630948502,-0.056069515824673094,-0.2270543819098596,0.0,177.00000000000003,1.0000000000000002,255.00000000000006,255.00000000000006
27.900000000000126,0.1,0.1,-0.3,4.246390588173438,-0.052815443303093595,-0.22826682427124456,0.0,242.00000000000006,1.0000000000000002,254.00000000000006,254.00000000000006
28.000000000000128,0.1,0.1,-0.3,4.281540561298179,-0.04952077226114132,-0.2293641605109466,0.0,255.00000000000006,1.0000000000000002,254.00000000000006,254.00000000000006
28.10000000000013,0.1,0.1,-0.3,4.316690544412685,-0.04618957293060347,-0.23034503501836973,0.0,254.00000000000006,1.0000000000000002,254.00000000000006,254.00000000000006
28.20000000000013,0.1,0.1,-0.3,4.351840533803719,-0.04282596066332098,-0.23120823604886093,0.0,254.00000000000006,1.0000000000000002,255.00000000000006,254.00000000000006
28.300000000000132,0.1,0.1,-0.3,4.386990527138248,-0.03943409085023358,-0.23195269722395828,0.0,254.00000000000006,1.0000000000000002,254.00000000000006,255.00000000000006
28.400000000000134,0.1,0.1,-0.3,4.422140522950443,-0.03601815378966283,-0.23257749885100437,0.0,254.00000000000006,43.00000000000001,254.00000000000006,254.00000000000006
28.500000000000135,0.1,0.1,-0.3,4.457290520319335,-0.03258236951168947,-0.2330818690608364,0.0,254.00000000000006,178.00000000000003,254.00000000000006,254.00000000000006
28.600000000000136,0.1,0.1,-0.3,4.492440518666279,-0.029130982565331864,-0.23346518476237588,0.0,254.00000000000006,254.00000000000006,255.00000000000006,249.00000000000006
28.700000000000138,0.1,0.1,-0.3,4.52759051762772,-0.0256682567751593,-0.23372697241309726,0.0,255.00000000000006,254.00000000000006,254.00000000000006,150.00000000000003
28.80000000000014,0.1,0.1,-0.3,4.562740516975233,-0.022198469973930268,-0.23386690860452297,0.0,254.00000000000006,255.00000000000006,254.00000000000006,1.0000000000000002
28.90000000000014,0.1,0.3,-0.1,4.597890516565313,-0.01872590871783511,-0.23388482046209702,0.0,254.00000000000006,255.00000000000006,254.00000000000006,1.0000000000000002
29.000000000000142,0.1,0.3,-0.1,4.594271689329727,-0.015308016825624438,-0.23431342254203852,0.0,254.00000000000006,254.00000000000006,254.00000000000006,1.0000000000000002
29.100000000000144,0.1,0.3,-0.1,4.578295799591707,-0.011915320188514766,-0.23494035018425435,0.0,255.00000000000006,254.00000000000006,254.00000000000006,1.0000000000000002
29.200000000000145,0.1,0.3,-0.1,4.555192898801785,-0.00854865461249718,-0.23572329871926406,0.0,255.00000000000006,254.00000000000006,254.00000000000006,1.0000000000000002
29.300000000000146,0.1,0.3,-0.1,4.5276120735279335,-0.005212587673549596,-0.2366475318277958,0.0,254.00000000000006,255.00000000000006,255.00000000000006,114.00000000000003
29.400000000000148,0.1,0.3,-0.1,4.497217774884626,-0.0019118136843072342,-0.23770320290668645,0.0,254.00000000000006,198.00000000000006,254.00000000000006,255.00000000000006
29.50000000000015,0.1,0.3,-0.1,4.4650557750548066,0.0013491775884413582,-0.23888350699346705,0.0,254.00000000000006,1.0000000000000002,254.00000000000006,255.00000000000006
29.60000000000015,0.1,0.1,-0.3,4.431783131161818,0.004566124364893953,-0.2401835119927831,0.0,207.00000000000006,1.0000000000000002,254.00000000000006,254.00000000000006
29.700000000000152,0.1,0.1,-0.3,4.436581498110473,0.007890363642477555,-0.24108709241941761,0.0,1.0000000000000002,1.0000000000000002,255.00000000000006,254.00000000000006
29.800000000000153,0.1,0.1,-0.3,4.453298490874461,0.011266632233025292,-0.24180000221940973,0.0,0.0,5.000000000000001,255.00000000000006,254.00000000000006
29.900000000000155,0.1,0.1,-0.3,4.476867025592733,0.014677982085948962,-0.2423601317788669,0.0,1.0000000000000002,70.00000000000001,255.00000000000006,254.00000000000006
30.000000000000156,0.1,0.1,-0.3,4.504740407979885,0.018114687389689965,-0.2427788399015257,0.0,1.0000000000000002,152.00000000000003,254.00000000000006,255.00000000000006
30.100000000000158,0.1,0.1,-0.3,4.535318519833119,0.021568760758083477,-0.24306312047846484,0.0,1.0000000000000002,221.00000000000006,254.00000000000006,255.00000000000006
30.20000000000016,0.1,0.1,-0.3,4.567596009239305,0.025033535062116433,-0.24321735381523513,0.0,0.0,248.00000000000006,254.00000000000006,254.00000000000006
30.30000000000016,0.1,0.1,-0.3,4.6009412150696685,0.02850324185046671,-0.24324434874168666,0.0,1.0000000000000002,254.00000000000006,255.00000000000006,254.00000000000006
30.400000000000162,0.1,0.1,-0.3,4.634957265563066,0.03197269281337771,-0.24314597945989574,0.0,1.0000000000000002,254.00000000000006,254.00000000000006,255.00000000000006
30.500000000000163,0.1,0.1,-0.3,4.669394806772988,0.035437064531261234,-0.242923582289364,0.0,10.000000000000002,255.00000000000006,254.00000000000006,255.00000000000006
30.600000000000165,0.1,0.1,-0.3,4.704097169979805,0.03889176161796236,-0.24257820573967315,0.0,41.00000000000001,254.00000000000006,255.00000000000006,255.00000000000006
30.700000000000166,0.1,0.1,-0.3,4.738965920456393,0.04233233333746393,-0.24211076908976886,0.0,96.00000000000003,254.00000000000006,254.00000000000006,254.00000000000006
30.800000000000168,0.1,0.1,-0.3,4.773939211808045,0.04575442475129496,-0.24152216314206087,0.0,160.00000000000003,254.00000000000006,254.00000000000006,254.00000000000006
30.90000000000017,0.1,0.1,-0.3,4.808978186035831,0.04915374944826019,-0.24081331414615925,0.0,201.00000000000006,255.00000000000006,254.00000000000006,254.00000000000006
31.00000000000017,0.1,0.1,-0.3,4.844058428716266,0.052526075472595815,-0.23998522415806828,0.0,231.00000000000006,254.00000000000006,254.00000000000006,254.00000000000006
31.100000000000172,0.1,0.1,-0.3,4.8791646003031595,0.05586721919239204,-0.23903899627864522,0.0,242.00000000000006,254.00000000000006,254.00000000000006,254.00000000000006
31.200000000000173,0.1,0.1,-0.3,4.914287062982417,0.05917304387772393,-0.2379758501654733,0.0,249.00000000000006,254.00000000000006,254.00000000000006,254.00000000000006
31.300000000000175,0.1,0.1,-0.3,4.949419761329831,0.06243946103196296,-0.2367971312691104,0.0,251.00000000000006,254.00000000000006,254.00000000000006,254.00000000000006
31.400000000000176,0.1,0.1,-0.3,4.9845588907314715,0.06566243330394074,-0.23550431600204663,0.0,251.00000000000006,254.00000000000006,254.00000000000006,255.00000000000006
31.500000000000178,0.1,0.1,-0.3,5.019702060754179,0.06883797828438258,-0.2340990142530031,0.0,248.00000000000006,254.00000000000006,254.00000000000006,254.00000000000006
31.60000000000018,0.1,0.1,-0.3,5.054847769492462,0.07196217277546392,-0.23258297014971313,0.0,238.00000000000006,254.00000000000006,254.00000000000006,254.00000000000006
31.70000000000018,0.1,0.1,-0.3,5.089995073301436,0.07503115729202278,-0.23095806164731308,0.0,214.00000000000006,254.00000000000006,254.00000000000006,255.00000000000006
31.800000000000182,0.1,0.1,-0.3,5.12514337929052,0.07804114065298937,-0.22922629931112837,0.0,182.00000000000003,254.00000000000006,255.00000000000006,254.00000000000006
31.900000000000183,0.1,0.1,-0.3,5.160292314947518,0.08098840458008982,-0.22738982452966822,0.0,121.00000000000003,254.00000000000006,254.00000000000006,254.00000000000006
32.000000000000185,0.1,0.1,-0.3,5.195441646223633,0.08386930825479788,-0.22545090730892353,0.0,52.000000000000014,254.00000000000006,254.00000000000006,254.00000000000006
32.100000000000186,0.1,0.1,-0.3,5.230591226066411,0.08668029280400988,-0.2234119437451768,0.0,6.000000000000002,254.00000000000006,254.00000000000006,254.00000000000006
32.20000000000019,0.1,0.1,-0.3,5.265740962083059,0.08941788569602158,-0.22127545323932807,0.0,0.0,254.00000000000006,255.00000000000006,254.00000000000006
32.30000000000019,0.1,0.1,-0.3,5.300890796223368,0.09207870503464574,-0.21904407549408883,0.0,1.0000000000000002,254.00000000000006,254.00000000000006,255.00000000000006
32.40000000000019,0.1,0.1,-0.3,5.336040692014493,0.09465946374280787,-0.2167205673217193,0.0,1.0000000000000002,254.00000000000006,254.00000000000006,254.00000000000006
32.50000000000019,0.1,0.1,-0.3,5.371190626540636,0.09715697362889827,-0.2143077992813882,0.0,1.0000000000000002,254.00000000000006,254.00000000000006,254.00000000000006
32.60000000000019,0.1,0.1,-0.3,5.406340585403849,0.09956814933023733,-0.21180875215985612,0.0,1.0000000000000002,225.00000000000006,254.00000000000006,254.00000000000006
32.700000000000195,0.1,0.1,-0.3,5.441490559557937,0.10189001212862078,-0.20922651330584363,0.0,0.0,93.00000000000001,254.00000000000006,255.00000000000006
32.800000000000196,0.1,0.1,-0.3,5.47664054331921,0.10411969363327775,-0.20656427282639928,0.0,0.0,46.00000000000001,254.00000000000006,254.00000000000006
32.9000000000002,0.1,0.1,-0.3,5.511790533116616,0.10625443932681489,-0.2038253196523429,0.0,1.0000000000000002,77.00000000000001,255.00000000000006,254.00000000000006
33.0000000000002,0.1,0.1,-0.3,5.546940526706483,0.1082916119699068,-0.20101303747913904,0.0,1.0000000000000002,101.00000000000003,255.00000000000006,255.00000000000006
33.1000000000002,0.1,0.1,-0.3,5.582090522679122,0.1102286948606538,-0.19813090058915178,0.0,1.0000000000000002,112.00000000000003,254.00000000000006,254.00000000000006
33.2000000000002,0.1,0.1,-0.3,5.61724052014883,0.11206329494468831,-0.19518246956102636,0.0,0.0,109.00000000000003,254.00000000000006,255.00000000000006
33.3000000000002,0.1,0.1,-0.3,5.652390518559125,0.11379314577227287,-0.19217138687186594,0.0,1.0000000000000002,97.00000000000003,254.00000000000006,254.00000000000006
33.400000000000205,0.1,0.1,-0.3,5.687540517560374,0.11541611029880225,-0.1891013723978644,0.0,1.0000000000000002,70.00000000000001,254.00000000000006,254.00000000000006
33.500000000000206,0.1,0.1,-0.3,5.722690516932908,0.11693018352529938,-0.1859762188190957,0.0,1.0000000000000002,41.00000000000001,254.00000000000006,255.00000000000006
33.60000000000021,0.1,0.1,-0.3,5.757840516538708,0.11833349497567958,-0.1827997869342255,0.0,1.0000000000000002,1.0000000000000002,254.00000000000006,255.00000000000006
33.70000000000021,0.1,0.1,-0.3,5.792990516291063,0.11962431100775017,-0.17957600089098713,0.0,0.0,1.0000000000000002,254.00000000000006,255.00000000000006
33.80000000000021,0.1,0.1,-0.3,5.828140516135493,0.12080103695511023,-0.17630884333834862,0.0,1.0000000000000002,0.0,254.00000000000006,254.00000000000006
33.90000000000021,0.1,0.1,-0.3,5.863290516037767,0.12186221909731867,-0.17300235050637922,0.0,11.000000000000002,1.0000000000000002,254.00000000000006,254.00000000000006
34.00000000000021,0.1,0.1,-0.3,5.898440515976385,0.1228065464559079,-0.16966060721990733,0.0,95.00000000000001,1.0000000000000002,254.00000000000006,254.00000000000006
34.100000000000215,0.1,0.1,-0.3,5.933590515937832,0.12363285241403157,-0.16628774185213677,0.0,211.00000000000006,0.0,254.00000000000006,254.00000000000006
34.200000000000216,0.1,0.1,-0.3,5.968740515913616,0.12434011615775178,-0.16288792122445994,0.0,254.00000000000006,1.0000000000000002,255.00000000000006,254.00000000000006
34.30000000000022,0.1,0.1,-0.3,6.003890515898412,0.1249274639371888,-0.1594653454587717,0.0,254.00000000000006,0.0,254.00000000000006,254.00000000000006
34.40000000000022,0.1,0.1,-0.3,6.039040515888865,0.1253941701459791,-0.15602424278864424,0.0,254.00000000000006,1.0000000000000002,254.00000000000006,254.00000000000006
34.50000000000022,0.1,0.1,-0.3,6.074190515882875,0.12573965821771002,-0.1525688643357741,0.0,254.00000000000006,12.000000000000004,254.00000000000006,254.00000000000006
34.60000000000022,0.1,0.1,-0.3,6.109340515879114,0.1259635013382257,-0.14910347885815467,0.0,255.00000000000006,150.00000000000003,254.00000000000006,255.00000000000006
34.70000000000022,0.1,0.1,-0.3,6.144490515876754,0.1260654229729253,-0.14563236747646252,0.0,254.00000000000006,254.00000000000006,254.00000000000006,255.00000000000006
34.800000000000225,0.1,0.1,-0.3,6.179640515875275,0.12604529720840346,-0.1421598183851724,0.0,254.00000000000006,254.00000000000006,254.00000000000006,147.00000000000003
34.900000000000226,0.1,0.1,-0.3,6.2147905158743475,0.12590314890801133,-0.1386901215549345,0.0,255.00000000000006,254.00000000000006,254.00000000000006,1.0000000000000002
35.00000000000023,0.1,0.3,-0.1,6.249940515873766,0.1256391536811469,-0.13522756343275869,0.0,255.00000000000006,255.00000000000006,254.00000000000006,1.0000000000000002
35.10000000000023,0.1,0.3,-0.1,6.246321688895215,0.12578893090339102,-0.13178616091596573,0.0,254.00000000000006,254.00000000000006,254.00000000000006,1.0000000000000002
35.20000000000023,0.1,0.3,-0.1,6.23034579931867,0.12613842431507702,-0.12835377356759878,0.0,254.00000000000006,255.00000000000006,255.00000000000006,1.0000000000000002
35.30000000000023,0.1,0.3,-0.1,6.2072428986302,0.12664553665828274,-0.12493466806598115,0.0,254.00000000000006,254.00000000000006,254.00000000000006,1.0000000000000002
35.40000000000023,0.1,0.3,-0.1,6.179662073420089,0.12729595095672983,-0.12153459298143744,0.0,254.00000000000006,254.00000000000006,254.00000000000006,1.0000000000000002
35.500000000000234,0.1,0.3,-0.1,6.149267774816836,0.12808023410436875,-0.11815902633226319,0.0,254.00000000000006,254.00000000000006,255.00000000000006,63.000000000000014
35.600000000000236,0.1,0.3,-0.1,6.117105775012189,0.12899196799888,-0.11481299539297707,0.0,254.00000000000006,255.00000000000006,254.00000000000006,249.00000000000006
35.70000000000024,0.1,0.3,-0.1,6.083833131135025,0.1300265827215768,-0.11150114819323201,0.0,254.00000000000006,113.00000000000003,254.00000000000006,254.00000000000006
35.80000000000024,0.1,0.3,-0.1,6.049862671215541,0.13118062426610977,-0.10822786083062283,0.0,254.00000000000006,0.0,254.00000000000006,254.00000000000006
35.90000000000024,0.1,0.1,-0.3,6.015453774500603,0.13245129306068457,-0.10499732239435708,0.0,254.00000000000006,1.0000000000000002,254.00000000000006,254.00000000000006
36.00000000000024,0.1,0.1,-0.3,6.019538235485497,0.1333219682757667,-0.1016644306599633,0.0,73.00000000000001,1.0000000000000002,254.00000000000006,255.00000000000006
36.10000000000024,0.1,0.1,-0.3,6.035806682199249,0.13400005585013305,-0.09828134759623938,0.0,22.000000000000004,1.0000000000000002,254.00000000000006,254.00000000000006
36.200000000000244,0.1,0.1,-0.3,6.059093396099558,0.13452416586561067,-0.09486459130567411,0.0,59.000000000000014,1.0000000000000002,254.00000000000006,254.00000000000006
36.300000000000246,0.1,0.1,-0.3,6.0867897108814395,0.13490607557726456,-0.09142383496722217,0.0,149.00000000000003,1.0000000000000002,254.00000000000006,255.00000000000006
36.40000000000025,0.1,0.1,-0.3,6.117256571416948,0.13515305610527492,-0.08796705473641746,0.0,254.00000000000006,1.0000000000000002,254.00000000000006,254.00000000000006
36.50000000000025,0.1,0.1,-0.3,6.149464161781731,0.13526967833606818,-0.08450091732613592,0.0,254.00000000000006,0.0,255.00000000000006,254.00000000000006
36.60000000000025,0.1,0.1,-0.3,6.182765450145298,0.1352588880055504,-0.08103119188825054,0.0,254.00000000000006,1.0000000000000002,254.00000000000006,254.00000000000006
36.70000000000025,0.1,0.1,-0.3,6.216753907357358,0.13512266271246975,-0.0775630659522878,0.0,255.00000000000006,2.0000000000000004,255.00000000000006,254.00000000000006
36.80000000000025,0.1,0.1,-0.3,6.251174111748004,0.13486242113203645,-0.07410136026537718,0.0,254.00000000000006,150.00000000000003,255.00000000000006,254.00000000000006
36.900000000000254,0.1,0.1,-0.3,6.285865582255838,0.1344792808512209,-0.070650665773724,0.0,254.00000000000006,255.00000000000006,254.00000000000006,254.00000000000006
37.000000000000256,0.1,0.1,-0.3,6.320727488864956,0.13397422179494617,-0.06721542717430007,0.0,254.00000000000006,254.00000000000006,255.00000000000006,92.00000000000001
37.10000000000026,0.1,0.1,-0.3,6.3556964802241875,0.1333481900050482,-0.06379999187122186,0.0,255.00000000000006,254.00000000000006,255.00000000000006,1.0000000000000002
37.20000000000026,0.1,0.3,-0.1,6.390732752772631,0.13260216344499196,-0.06040863728811118,0.0,255.00000000000006,254.00000000000006,254.00000000000006,1.0000000000000002
37.30000000000026,0.1,0.3,-0.1,6.387042471061935,0.1322685614805575,-0.05698014761937226,0.0,254.00000000000006,254.00000000000006,195.00000000000006,0.0
37.40000000000026,0.1,0.3,-0.1,6.371021686592151,0.1321338302345786,-0.0535326011417222,0.0,254.00000000000006,254.00000000000006,188.00000000000003,1.0000000000000002
37.50000000000026,0.1,0.3,-0.1,6.347890578510968,0.13215693861732256,-0.05007613202373785,0.0,254.00000000000006,255.00000000000006,242.00000000000006,1.0000000000000002
37.600000000000264,0.1,0.3,-0.1,6.3202920306366925,0.13232454853935738,-0.04661843618750729,0.0,254.00000000000006,254.00000000000006,254.00000000000006,0.0
37.700000000000266,0.1,0.3,-0.1,6.289886596907496,0.13262810743760975,-0.04316625584788005,0.0,254.00000000000006,254.00000000000006,255.00000000000006,1.0000000000000002
37.80000000000027,0.1,0.3,-0.1,6.257717600917202,0.1330619773978631,-0.039725465015157946,0.0,255.00000000000006,254.00000000000006,254.00000000000006,1.0000000000000002
37.90000000000027,0.1,0.3,-0.1,6.224440561344609,0.1336222927158301,-0.036301304115194326,0.0,255.00000000000006,254.00000000000006,254.00000000000006,127.00000000000003
38.00000000000027,0.1,0.3,-0.1,6.190467339614158,0.1343062516149394,-0.03289858870082221,0.0,254.00000000000006,254.00000000000006,255.00000000000006,254.00000000000006
38.10000000000027,0.1,0.3,-0.1,6.1560567076557815,0.13511167228704488,-0.029521857978123713,0.0,254.00000000000006,72.00000000000001,254.00000000000006,255.00000000000006
38.20000000000027,0.1,0.3,-0.1,6.121371251494328,0.13603671293497258,-0.02617547021141762,0.0,255.00000000000006,1.0000000000000002,254.00000000000006,254.00000000000006
38.300000000000274,0.1,0.1,-0.3,6.0865131236912005,0.1370796948558437,-0.022863660018917188,0.0,254.00000000000006,1.0000000000000002,254.00000000000006,255.00000000000006
38.400000000000276,0.1,0.1,-0.3,6.090315333462562,0.13771554404053124,-0.019478153569234914,0.0,90.00000000000001,0.0,255.00000000000006,254.00000000000006
38.50000000000028,0.1,0.1,-0.3,6.106406442162777,0.13815521239483808,-0.016056047932230075,0.0,57.000000000000014,0.0,254.00000000000006,254.00000000000006
38.60000000000028,0.1,0.1,-0.3,6.129581734852862,0.13843858637950274,-0.01261108609240573,0.0,112.00000000000003,1.0000000000000002,254.00000000000006,254.00000000000006
38.70000000000028,0.1,0.1,-0.3,6.157208043852149,0.13857821907045356,-0.009152109244294548,0.0,214.00000000000006,1.0000000000000002,255.00000000000006,254.00000000000006
38.80000000000028,0.1,0.1,-0.3,6.187945371418279,0.13858137141372892,-0.005651917461108297,0.0,254.00000000000006,1.0000000000000002,254.00000000000006,254.00000000000006
38.90000000000028,0.1,0.1,-0.3,6.220139097324263,0.13845308922907648,-0.0021862147817373334,0.0,255.00000000000006,1.0000000000000002,254.00000000000006,255.00000000000006
39.000000000000284,0.1,0.1,-0.3,6.253431674667567,0.13819743315721728,0.0012740808940233522,0.0,255.00000000000006,0.0,254.00000000000006,254.00000000000006
39.100000000000286,0.1,0.1,-0.3,6.287414658757386,0.13781675156189807,0.004723931213492724,0.0,254.00000000000006,92.00000000000001,254.00000000000006,254.00000000000006
39.20000000000029,0.1,0.1,-0.3,6.3218314243925215,0.1373128059017924,0.008158625547435516,0.0,254.00000000000006,254.00000000000006,255.00000000000006,254.00000000000006
39.30000000000029,0.1,0.1,-0.3,6.356520734334637,0.13668703887459507,0.011573662072073276,0.0,254.00000000000006,254.00000000000006,255.00000000000006,134.00000000000003
39.40000000000029,0.1,0.1,-0.3,6.391381283462939,0.13594074413987312,0.01496467563918788,0.0,254.00000000000006,254.00000000000006,254.00000000000006,0.0
39.50000000000029,0.1,0.3,-0.1,6.426349421918525,0.13507517380514178,0.01832739606243132,0.0,254.00000000000006,255.00000000000006,254.00000000000006,0.0
39.60000000000029,0.1,0.3,-0.1,6.42261633166737,0.13462031060333743,0.021741921205557097,0.0,254.00000000000006,255.00000000000006,203.00000000000006,0.0
39.700000000000294,0.1,0.3,-0.1,6.406568650656941,0.13436343365799486,0.0251825451703466,0.0,254.00000000000006,254.00000000000006,185.00000000000003,0.0
39.800000000000296,0.1,0.3,-0.1,6.383420643519527,0.1342639292986509,0.02863767865154984,0.0,254.00000000000006,255.00000000000006,240.00000000000006,1.0000000000000002
39.9000000000003,0.1,0.3,-0.1,6.355811477992964,0.13430876015368629,0.03209915903473633,0.0,254.00000000000006,254.00000000000006,254.00000000000006,1.0000000000000002
40.0000000000003,0.1,0.3,-0.1,6.325399373208044,0.13448963015907145,0.03555994728127815,0.0,254.00000000000006,254.00000000000006,254.00000000000006,1.0000000000000002
40.1000000000003,0.1,0.3,-0.1,6.293226185802763,0.13480112080369666,0.039013974965156295,0.0,254.00000000000006,254.00000000000006,254.00000000000006,0.0
40.2000000000003,0.1,0.3,-0.1,6.259946512769851,0.1352395594471722,0.0424558691211253,0.0,254.00000000000006,254.00000000000006,254.00000000000006,80.00000000000001
40.3000000000003,0.1,0.3,-0.1,6.225971636439772,0.13580231992093023,0.04588071865458847,0.0,254.00000000000006,255.00000000000006,254.00000000000006,250.00000000000006
40.400000000000304,0.1,0.3,-0.1,6.191559964898546,0.13648738475315342,0.04928391030817507,0.0,254.00000000000006,142.00000000000003,254.00000000000006,254.00000000000006
40.500000000000306,0.1,0.3,-0.1,6.156873855568454,0.13729306916878783,0.0526610235038983,0.0,254.00000000000006,1.0000000000000002,254.00000000000006,254.00000000000006
40.60000000000031,0.1,0.1,-0.3,6.1220153173802245,0.13821784656651148,0.056007766888768976,0.0,255.00000000000006,0.0,254.00000000000006,254.00000000000006
40.70000000000031,0.1,0.1,-0.3,6.125817269306221,0.13873313113928895,0.05941370893731955,0.0,194.00000000000006,1.0000000000000002,254.00000000000006,255.00000000000006
40.80000000000031,0.1,0.1,-0.3,6.1419082160024425,0.13905105893723577,0.06284926385260355,0.0,174.00000000000003,1.0000000000000002,255.00000000000006,255.00000000000006
40.90000000000031,0.1,0.1,-0.3,6.165083406905631,0.13921197927549417,0.06630211307800242,0.0,227.00000000000006,1.0000000000000002,254.00000000000006,254.00000000000006
41.00000000000031,0.1,0.1,-0.3,6.192709651952373,0.1392287512465892,0.06976386654302628,0.0,254.00000000000006,1.0000000000000002,254.00000000000006,254.00000000000006
41.100000000000314,0.1,0.1,-0.3,6.223132487775235,0.139109525250172,0.07322734282873851,0.0,254.00000000000006,1.0000000000000002,254.00000000000006,254.00000000000006
41.200000000000315,0.1,0.1,-0.3,6.255312417476491,0.13885959901762046,0.07668638132317195,0.0,254.00000000000006,1.0000000000000002,254.00000000000006,254.00000000000006
41.30000000000032,0.1,0.1,-0.3,6.288596326684626,0.13848254145956168,0.08013554678943498,0.0,254.00000000000006,45.00000000000001,254.00000000000006,254.00000000000006
41.40000000000032,0.1,0.1,-0.3,6.322573864597867,0.13798088614017967,0.08356988358811059,0.0,254.00000000000006,246.00000000000006,255.00000000000006,254.00000000000006
41.50000000000032,0.1,0.1,-0.3,6.3569872084082935,0.1373565650466667,0.08698474413976585,0.0,254.00000000000006,255.00000000000006,254.00000000000006,187.00000000000003
41.60000000000032,0.1,0.1,-0.3,6.391674368423,0.13661118204004025,0.09037567907588252,0.0,254.00000000000006,254.00000000000006,255.00000000000006,1.0000000000000002
41.70000000000032,0.1,0.3,-0.1,6.426533566755103,0.13574618582232287,0.09373837082764068,0.0,254.00000000000006,255.00000000000006,254.00000000000006,0.0
41.800000000000324,0.1,0.3,-0.1,6.422732029597794,0.13529167366515754,0.09715295421608712,0.0,254.00000000000006,254.00000000000006,241.00000000000006,1.0000000000000002
41.900000000000325,0.1,0.3,-0.1,6.406641343500301,0.13503501545018498,0.10059362892393263,0.0,254.00000000000006,254.00000000000006,237.00000000000006,1.0000000000000002
42.00000000000033,0.1,0.3,-0.1,6.383466316330957,0.134935648446869,0.10404879742329894,0.0,255.00000000000006,255.00000000000006,253.00000000000006,1.0000000000000002
42.10000000000033,0.1,0.3,-0.1,6.355840174157928,0.13498056590879198,0.10751030011150163,0.0,255.00000000000006,254.00000000000006,254.00000000000006,1.0000000000000002
42.20000000000033,0.1,0.3,-0.1,6.325417402970421,0.1351614906436292,0.1109711019304535,0.0,254.00000000000006,254.00000000000006,254.00000000000006,1.0000000000000002
42.30000000000033,0.1,0.3,-0.1,6.293237513879418,0.13547301590808336,0.11442513763676022,0.0,254.00000000000006,255.00000000000006,254.00000000000006,1.0000000000000002
42.40000000000033,0.1,0.3,-0.1,6.259953630186591,0.1359114764578549,0.11786703644486533,0.0,254.00000000000006,254.00000000000006,255.00000000000006,161.00000000000003
42.500000000000334,0.1,0.3,-0.1,6.225976108304543,0.1364742507937996,0.12129188864492162,0.0,254.00000000000006,248.00000000000006,254.00000000000006,254.00000000000006
42.600000000000335,0.1,0.3,-0.1,6.191562774566458,0.13715932439844,0.1246950818208155,0.0,254.00000000000006,37.00000000000001,254.00000000000006,254.00000000000006
42.70000000000034,0.1,0.1,-0.3,6.15687562088016,0.13796501436721734,0.12807219589028196,0.0,255.00000000000006,1.0000000000000002,254.00000000000006,254.00000000000006
42.80000000000034,0.1,0.1,-0.3,6.160785253421231,0.13835973257009454,0.1314942238581545,0.0,245.00000000000006,1.0000000000000002,255.00000000000006,255.00000000000006
42.90000000000034,0.1,0.1,-0.3,6.176943855684974,0.13855638356817856,0.13493890255063734,0.0,225.00000000000006,1.0000000000000002,254.00000000000006,255.00000000000006
43.00000000000034,0.1,0.1,-0.3,6.200161554480325,0.1385956447706737,0.13839532477530642,0.0,242.00000000000006,1.0000000000000002,254.00000000000006,254.00000000000006
43.10000000000034,0.1,0.1,-0.3,6.227814507173357,0.13849061392443035,0.14185556146824713,0.0,254.00000000000006,0.0,254.00000000000006,255.00000000000006
43.200000000000344,0.1,0.1,-0.3,6.258254123371828,0.1382496589726921,0.1453127278130682,0.0,254.00000000000006,1.0000000000000002,254.00000000000006,254.00000000000006
43.300000000000345,0.1,0.1,-0.3,6.2904445961592454,0.13787827227311203,0.14876085785056747,0.0,254.00000000000006,1.0000000000000002,255.00000000000006,255.00000000000006
43.40000000000035,0.1,0.1,-0.3,6.323735129573704,0.13738019984305316,0.15219464833403462,0.0,255.00000000000006,1.0000000000000002,254.00000000000006,255.00000000000006
43.50000000000035,0.1,0.1,-0.3,6.357716829466705,0.13675814045009452,0.15560923775856006,0.0,254.00000000000006,55.000000000000014,255.00000000000006,254.00000000000006
43.60000000000035,0.1,0.1,-0.3,6.392132788243453,0.13601418354385486,0.1590000505418192,0.0,254.00000000000006,218.00000000000006,255.00000000000006,255.00000000000006
43.70000000000035,0.1,0.1,-0.3,6.426821591238107,0.13515008539986384,0.1623626971467746,0.0,254.00000000000006,254.00000000000006,254.00000000000006,247.00000000000006
43.80000000000035,0.1,0.1,-0.3,6.46168182185246,0.13416744368477768,0.1656929139916397,0.0,254.00000000000006,254.00000000000006,254.00000000000006,88.00000000000001
43.900000000000354,0.1,0.1,-0.3,6.496649760186523,0.1330678077306415,0.1689865293515051,0.0,254.00000000000006,255.00000000000006,254.00000000000006,1.0000000000000002
44.000000000000355,0.1,0.3,-0.1,6.531685371120706,0.13185274793418625,0.1722394454359178,0.0,254.00000000000006,254.00000000000006,254.00000000000006,0.0
44.10000000000036,0.1,0.3,-0.1,6.527994673718333,0.13104080428621698,0.1755870683090094,0.0,254.00000000000006,254.00000000000006,254.00000000000006,1.0000000000000002
44.20000000000036,0.1,0.3,-0.1,6.511973628070028,0.13042308110944995,0.17898149729295204,0.0,255.00000000000006,255.00000000000006,254.00000000000006,0.0
44.30000000000036,0.1,0.3,-0.1,6.4888423558907515,0.12996037824369774,0.1824069344377109,0.0,254.00000000000006,255.00000000000006,255.00000000000006,1.0000000000000002
44.40000000000036,0.1,0.3,-0.1,6.46124370491389,0.12964057122396971,0.1858538863730182,0.0,254.00000000000006,254.00000000000006,255.00000000000006,30.000000000000007
44.50000000000036,0.1,0.3,-0.1,6.430838206405509,0.1294561395990253,0.18931447627266934,0.0,255.00000000000006,250.00000000000006,254.00000000000006,250.00000000000006
44.600000000000364,0.1,0.3,-0.1,6.39866916971456,0.12940232664877868,0.1927820963611701,0.0,255.00000000000006,10.000000000000002,254.00000000000006,254.00000000000006
44.700000000000365,0.1,0.1,-0.3,6.365392104569823,0.12947604125247436,0.196251015124979,0.0,254.00000000000006,1.0000000000000002,255.00000000000006,254.00000000000006
44.80000000000037,0.1,0.1,-0.3,6.370187693639789,0.12914105071553367,0.19967954576749897,0.0,30.000000000000007,1.0000000000000002,255.00000000000006,254.00000000000006
44.90000000000037,0.1,0.1,-0.3,6.386902941065036,0.12860933087268733,0.20308904876522577,0.0,1.0000000000000002,1.0000000000000002,255.00000000000006,254.00000000000006
45.00000000000037,0.1,0.1,-0.3,6.410470379189172,0.12792232239254378,0.20647712739876278,0.0,1.0000000000000002,1.0000000000000002,254.00000000000006,254.00000000000006
45.10000000000037,0.1,0.1,-0.3,6.43834307258807,0.12709409758725151,0.20983872041709845,0.0,1.0000000000000002,1.0000000000000002,254.00000000000006,254.00000000000006
45.20000000000037,0.1,0.1,-0.3,6.468920751551458,0.12613403057497705,0.2131688425777663,0.0,0.0,0.0,254.00000000000006,254.00000000000006
45.300000000000374,0.1,0.1,-0.3,6.5011979689740995,0.12504858317550394,0.21646281535213896,0.0,1.0000000000000002,1.0000000000000002,254.00000000000006,254.00000000000006
45.400000000000375,0.1,0.1,-0.3,6.534543003918079,0.12384242890634109,0.21971624266520318,0.0,0.0,1.0000000000000002,255.00000000000006,254.00000000000006
45.50000000000038,0.1,0.1,-0.3,6.568558947044228,0.12251916148944185,0.22292493911891936,0.0,1.0000000000000002,1.0000000000000002,254.00000000000006,254.00000000000006
45.60000000000038,0.1,0.1,-0.3,6.602996420795826,0.121081742204937,0.2260848695575654,0.0,0.0,1.0000000000000002,254.00000000000006,254.00000000000006
45.70000000000038,0.1,0.1,-0.3,6.637698741618971,0.11953278228248908,0.22919210986932187,0.0,0.0,1.0000000000000002,254.00000000000006,254.00000000000006
45.80000000000038,0.1,0.1,-0.3,6.672567465466197,0.11787472076762263,0.2322428253097617,0.0,1.0000000000000002,1.0000000000000002,255.00000000000006,254.00000000000006
45.90000000000038,0.1,0.1,-0.3,6.7075407400868565,0.11610993606587165,0.2352332605866232,0.0,1.0000000000000002,1.0000000000000002,254.00000000000006,254.00000000000006
46.000000000000384,0.1,0.1,-0.3,6.742579703802739,0.11424081539052208,0.238159737051286,0.0,4.000000000000001,0.0,255.00000000000006,254.00000000000006
46.100000000000385,0.1,0.1,-0.3,6.777659939878693,0.11226979749310702,0.2410186538666768,0.0,2.0000000000000004,1.0000000000000002,254.00000000000006,254.00000000000006
46.20000000000039,0.1,0.1,-0.3,6.812766107316099,0.11019939843784597,0.24380649123230452,0.0,6.000000000000002,0.0,254.00000000000006,254.00000000000006
46.30000000000039,0.1,0.1,-0.3,6.847888567388322,0.10803222661015306,0.2465198145604735,0.0,5.000000000000001,1.0000000000000002,254.00000000000006,254.00000000000006
46.40000000000039,0.1,0.1,-0.3,6.883021264097806,0.105770990880282,0.24915527899921064,0.0,7.000000000000002,1.0000000000000002,254.00000000000006,254.00000000000006
46.50000000000039,0.1,0.1,-0.3,6.918160392470386,0.10341850440298195,0.2517096339896166,0.0,1.0000000000000002,0.0,255.00000000000006,255.00000000000006
46.60000000000039,0.1,0.1,-0.3,6.9533035618465755,0.10097768562121476,0.25417972770773983,0.0,9.000000000000002,1.0000000000000002,254.00000000000006,254.00000000000006
46.700000000000394,0.1,0.1,-0.3,6.98844927017869,0.09845155746429085,0.2565625113271181,0.0,1.0000000000000002,1.0000000000000002,254.00000000000006,254.00000000000006
46.800000000000395,0.1,0.1,-0.3,7.023596573732501,0.09584324536574534,0.25885504308106755,0.0,1.0000000000000002,1.0000000000000002,254.00000000000006,254.00000000000006
46.9000000000004,0.1,0.1,-0.3,7.058744879561293,0.09315597449596535,0.261054492123377,0.0,1.0000000000000002,1.0000000000000002,254.00000000000006,255.00000000000006
47.0000000000004,0.1,0.1,-0.3,7.0938938151175925,0.0903930664594957,0.26315814219355516,0.0,0.0,1.0000000000000002,254.00000000000006,254.00000000000006
47.1000000000004,0.1,0.1,-0.3,7.129043146330457,0.08755793561569462,0.265163395094429,0.0,0.0,1.0000000000000002,255.00000000000006,254.00000000000006
47.2000000000004,0.1,0.1,-0.3,7.16419272613351,0.08465408512410892,0.2670677739889922,0.0,1.0000000000000002,1.0000000000000002,254.00000000000006,255.00000000000006
47.3000000000004,0.1,0.1,-0.3,7.199342462125211,0.08168510278001687,0.268868926521644,0.0,1.0000000000000002,0.0,255.00000000000006,254.00000000000006
47.400000000000404,0.1,0.1,-0.3,7.234492296249846,0.07865465668311644,0.270564627767131,0.0,1.0000000000000002,0.0,254.00000000000006,254.00000000000006
47.500000000000405,0.1,0.1,-0.3,7.269642192031128,0.07556649076831076,0.2721527830089137,0.0,1.0000000000000002,1.0000000000000002,255.00000000000006,254.00000000000006
47.600000000000406,0.1,0.1,-0.3,7.304792126551096,0.07242442021881496,0.2736314303474484,0.0,1.0000000000000002,1.0000000000000002,254.00000000000006,254.00000000000006
47.70000000000041,0.1,0.1,-0.3,7.339942085410426,0.06923232677639701,0.27499874313797185,0.0,1.0000000000000002,1.0000000000000002,254.00000000000006,255.00000000000006
47.80000000000041,0.1,0.1,-0.3,7.375092059562081,0.06599415396022662,0.2762530322567629,0.0,1.0000000000000002,2.0000000000000004,254.00000000000006,254.00000000000006
47.90000000000041,0.1,0.1,-0.3,7.410242043321824,0.06271390220376125,0.27739274819446746,0.0,1.0000000000000002,20.000000000000004,255.00000000000006,254.00000000000006
48.00000000000041,0.1,0.1,-0.3,7.445392033118272,0.05939562391785694,0.27841648297486205,0.0,1.0000000000000002,60.000000000000014,254.00000000000006,254.00000000000006
48.10000000000041,0.1,0.1,-0.3,7.4805420267075435,0.0560434184875494,0.27932297189734495,0.0,1.0000000000000002,126.00000000000003,254.00000000000006,254.00000000000006
48.200000000000415,0.1,0.1,-0.3,7.515692022679802,0.052661427209515624,0.28011109510145854,0.0,0.0,184.00000000000003,254.00000000000006,254.00000000000006
48.300000000000416,0.1,0.1,-0.3,7.550842020149268,0.049253828176980444,0.28077987895181367,0.0,1.0000000000000002,237.00000000000006,255.00000000000006,254.00000000000006
48.40000000000042,0.1,0.1,-0.3,7.585992018559411,0.04582483111869873,0.2813284972419207,0.0,1.0000000000000002,253.00000000000006,254.00000000000006,254.00000000000006
48.50000000000042,0.1,0.1,-0.3,7.621142017560568,0.042378672198579645,0.28175627221557714,0.0,1.0000000000000002,254.00000000000006,254.00000000000006,254.00000000000006
48.60000000000042,0.1,0.1,-0.3,7.656292016933045,0.03891960878249301,0.2820626754046509,0.0,3.000000000000001,255.00000000000006,254.00000000000006,254.00000000000006
48.70000000000042,0.1,0.1,-0.3,7.69144201653881,0.03545191417879155,0.28224732828228755,0.0,33.00000000000001,254.00000000000006,254.00000000000006,254.00000000000006
48.80000000000042,0.1,0.1,-0.3,7.726592016291146,0.03197987235908914,0.2823100027307819,0.0,93.00000000000001,254.00000000000006,255.00000000000006,254.00000000000006
48.900000000000425,0.1,0.1,-0.3,7.761742016135565,0.02850777266584001,0.28225062132356377,0.0,175.00000000000003,254.00000000000006,255.00000000000006,254.00000000000006
49.000000000000426,0.1,0.1,-0.3,7.796892016037832,0.025039904513271996,0.2820692574209732,0.0,236.00000000000006,254.00000000000006,254.00000000000006,254.00000000000006
49.10000000000043,0.1,0.1,-0.3,7.832042015976445,0.021580552088227928,0.28176613507971815,0.0,255.00000000000006,254.00000000000006,254.00000000000006,254.00000000000006
49.20000000000043,0.1,0.1,-0.3,7.867192015937888,0.0181339890574658,0.28134162877614033,0.0,254.00000000000006,254.00000000000006,255.00000000000006,254.00000000000006
49.30000000000043,0.1,0.1,-0.3,7.90234201591367,0.014704473287958292,0.28079626294363336,0.0,254.00000000000006,254.00000000000006,255.00000000000006,254.00000000000006
49.40000000000043,0.1,0.1,-0.3,7.9374920158984645,0.011296241586715244,0.28013071132479533,0.0,255.00000000000006,255.00000000000006,254.00000000000006,254.00000000000006
49.50000000000043,0.1,0.1,-0.3,7.972642015888917,0.007913504466627724,0.27934579613911426,0.0,254.00000000000006,254.00000000000006,255.00000000000006,254.00000000000006
49.600000000000435,0.1,0.1,-0.3,8.007792015882927,0.004560440944798461,0.2784424870672191,0.0,255.00000000000006,254.00000000000006,254.00000000000006,254.00000000000006
49.700000000000436,0.1,0.1,-0.3,8.042942015879168,0.0012411933797868424,0.27742190005295625,0.0,255.00000000000006,255.00000000000006,254.00000000000006,254.00000000000006
49.80000000000044,0.1,0.1,-0.3,8.078092015876809,-0.002040137645856366,0.2762852959247655,0.0,254.00000000000006,254.00000000000006,255.00000000000006,254.00000000000006
49.90000000000044,0.1,0.1,-0.3,8.113242015875331,-0.005279498391441484,0.27503407883806547,0.0,254.00000000000006,254.00000000000006,255.00000000000006,255.00000000000006
50.00000000000044,0.1,0.1,-0.3,8.148392015874395,-0.008472886966122417,0.273669794540574,0.0,254.00000000000006,254.00000000000006,254.00000000000006,254.00000000000006
50.10000000000044,0.1,0.1,-0.3,8.183542015873828,-0.011616358272821203,0.2721941284627002,0.0,254.00000000000006,254.00000000000006,254.00000000000006,254.00000000000006
50.20000000000044,0.1,0.1,-0.3,8.218692015873469,-0.014706028881989935,0.27060890363537465,0.0,255.00000000000006,254.00000000000006,255.00000000000006,254.00000000000006
50.300000000000445,0.1,0.1,-0.3,8.253842015873218,-0.017738081829186125,0.26891607843788934,0.0,254.00000000000006,254.00000000000006,254.00000000000006,255.00000000000006
50.400000000000446,0.1,0.1,-0.3,8.288992015873113,-0.020708771330537667,0.2671177441785241,0.0,255.00000000000006,254.00000000000006,254.00000000000006,255.00000000000006
50.50000000000045,0.1,0.1,-0.3,8.324142015873008,-0.023614427410269367,0.2652161225109567,0.0,255.00000000000006,255.00000000000006,255.00000000000006,255.00000000000006
50.60000000000045,0.1,0.1,-0.3,8.359292015872903,-0.026451460434577717,0.263213562689643,0.0,254.00000000000006,254.00000000000006,255.00000000000006,254.00000000000006
50.70000000000045,0.1,0.1,-0.3,8.394442015872798,-0.02921636554624929,0.26111253866755885,0.0,254.00000000000006,255.00000000000006,255.00000000000006,255.00000000000006
50.80000000000045,0.1,0.1,-0.3,8.429592015872693,-0.03190572699454672,0.25891564603988987,0.0,254.00000000000006,254.00000000000006,254.00000000000006,254.00000000000006
50.90000000000045,0.1,0.1,-0.3,8.464742015872764,-0.03451622235501289,0.25662559883744757,0.0,255.00000000000006,254.00000000000006,254.00000000000006,255.00000000000006
51.000000000000455,0.1,0.1,-0.3,8.499892015872836,-0.037044626633979144,0.25424522617376677,0.0,254.00000000000006,254.00000000000006,254.00000000000006,254.00000000000006
51.100000000000456,0.1,0.1,-0.3,8.535042015872909,-0.039487816252709196,0.2517774687500325,0.0,254.00000000000006,254.00000000000006,254.00000000000006,254.00000000000006
51.20000000000046,0.1,0.1,-0.3,8.570192015872982,-0.041842772906254044,0.2492253752221527,0.0,254.00000000000006,255.00000000000006,254.00000000000006,254.00000000000006
51.30000000000046,0.1,0.1,-0.3,8.605342015873054,-0.044106587292251975,0.2465920984344615,0.0,254.00000000000006,254.00000000000006,254.00000000000006,255.00000000000006
51.40000000000046,0.1,0.1,-0.3,8.640492015873127,-0.046276462705068355,0.2438808915247111,0.0,255.00000000000006,254.00000000000006,255.00000000000006,254.00000000000006
51.50000000000046,0.1,0.1,-0.3,8.6756420158732,-0.048349718490831944,0.2410951039051606,0.0,254.00000000000006,255.00000000000006,254.00000000000006,254.00000000000006
51.60000000000046,0.1,0.1,-0.3,8.710792015873272,-0.050323793359103225,0.23823817712472678,0.0,255.00000000000006,254.00000000000006,254.00000000000006,254.00000000000006
51.700000000000465,0.1,0.1,-0.3,8.745942015873345,-0.052196248547080326,0.23531364061731186,0.0,254.00000000000006,254.00000000000006,254.00000000000006,254.00000000000006
51.800000000000466,0.1,0.1,-0.3,8.781092015873417,-0.053964770832436004,0.23232510734155715,0.0,255.00000000000006,254.00000000000006,254.00000000000006,254.00000000000006
51.90000000000047,0.1,0.1,-0.3,8.81624201587349,-0.05562717539106113,0.2292762693174104,0.0,254.00000000000006,254.00000000000006,255.00000000000006,254.00000000000006
52.00000000000047,0.1,0.1,-0.3,8.851392015873563,-0.057181408496186165,0.22617089306502275,0.0,254.00000000000006,254.00000000000006,254.00000000000006,255.00000000000006
52.10000000000047,0.1,0.1,-0.3,8.886542015873635,-0.058625550055546344,0.22301281495160624,0.0,254.00000000000006,254.00000000000006,254.00000000000006,255.00000000000006
52.20000000000047,0.1,0.1,-0.3,8.921692015873708,-0.059957815983454094,0.2198059364520038,0.0,254.00000000000006,255.00000000000006,254.00000000000006,254.00000000000006
52.30000000000047,0.1,0.1,-0.3,8.95684201587378,-0.06117656040485045,0.2165542193288274,0.0,254.00000000000006,254.00000000000006,254.00000000000006,254.00000000000006
52.400000000000475,0.1,0.1,-0.3,8.991992015873853,-0.0622802776886113,0.21326168073811247,0.0,254.00000000000006,255.00000000000006,254.00000000000006,254.00000000000006
52.500000000000476,0.1,0.1,-0.3,9.027142015873926,-0.06326760430759723,0.2099323882665441,0.0,254.00000000000006,254.00000000000006,254.00000000000006,255.00000000000006
52.60000000000048,0.1,0.1,-0.3,9.062292015873998,-0.06413732052314838,0.20657045490637915,0.0,254.00000000000006,255.00000000000006,254.00000000000006,255.00000000000006
52.70000000000048,0.1,0.1,-0.3,9.097442015874071,-0.06488835189194367,0.2031800339742742,0.0,254.00000000000006,255.00000000000006,255.00000000000006,254.00000000000006
52.80000000000048,0.1,0.1,-0.3,9.132592015874144,-0.06551977059336375,0.1997653139802984,0.0,175.00000000000003,254.00000000000006,254.00000000000006,254.00000000000006
52.90000000000048,0.1,0.1,-0.3,9.167742015874216,-0.06603079657571526,0.19633051345346808,0.0,25.000000000000007,254.00000000000006,255.00000000000006,254.00000000000006
53.00000000000048,0.1,0.1,-0.3,9.202892015874289,-0.0664207985199039,0.19287987573019516,0.0,1.0000000000000002,255.00000000000006,254.00000000000006,254.00000000000006
53.100000000000485,0.1,0.1,-0.3,9.238042015874361,-0.06668929461936265,0.18941766371208957,0.0,1.0000000000000002,255.00000000000006,254.00000000000006,254.00000000000006
53.200000000000486,0.1,0.1,-0.3,9.273192015874434,-0.0668359531752736,0.18594815459959035,0.0,1.0000000000000002,254.00000000000006,254.00000000000006,254.00000000000006
53.30000000000049,0.1,0.1,-0.3,9.308342015874507,-0.06686059300634656,0.18247563460793348,0.0,1.0000000000000002,159.00000000000003,255.00000000000006,255.00000000000006
53.40000000000049,0.1,0.1,-0.3,9.34349201587458,-0.06676318367265044,0.17900439367197984,0.0,0.0,1.0000000000000002,254.00000000000006,255.00000000000006
53.50000000000049,0.1,0.1,-0.3,9.378642015874652,-0.06654384551321757,0.175538720146452,0.0,124.00000000000003,0.0,255.00000000000006,254.00000000000006
53.60000000000049,0.1,0.1,-0.3,9.413792015874725,-0.06620284949737842,0.17208289550811928,0.0,255.00000000000006,1.0000000000000002,254.00000000000006,254.00000000000006
53.70000000000049,0.1,0.1,-0.3,9.448942015874797,-0.06574061689000674,0.16864118906648207,0.0,254.00000000000006,1.0000000000000002,255.00000000000006,254.00000000000006
53.800000000000495,0.1,0.1,-0.3,9.48409201587487,-0.06515771873109122,0.1652178526894872,0.0,255.00000000000006,96.00000000000003,254.00000000000006,254.00000000000006
53.900000000000496,0.1,0.1,-0.3,9.519242015874942,-0.06445487513027515,0.16181711555078998,0.0,255.00000000000006,254.00000000000006,254.00000000000006,118.00000000000003
54.0000000000005,0.1,0.1,-0.3,9.554392015875015,-0.06363295437723668,0.158443178905053,0.0,254.00000000000006,254.00000000000006,255.00000000000006,0.0
54.1000000000005,0.1,0.3,-0.1,9.589542015875088,-0.06269297186900721,0.15510021089773618,0.0,254.00000000000006,255.00000000000006,3.000000000000001,1.0000000000000002
54.2000000000005,0.1,0.3,-0.1,9.5859231888969,-0.06216283846281079,0.15169658884791176,0.0,254.00000000000006,254.00000000000006,1.0000000000000002,17.000000000000004
54.3000000000005,0.1,0.3,-0.1,9.569947299320576,-0.06183029227593162,0.14826251814718072,0.0,254.00000000000006,254.00000000000006,1.0000000000000002,196.00000000000006
54.4000000000005,0.1,0.3,-0.1,9.546844398632242,-0.06165489795197199,0.14481046337025344,0.0,254.00000000000006,254.00000000000006,0.0,254.00000000000006
54.500000000000504,0.1,0.3,-0.1,9.519263573422213,-0.06162374910953122,0.14134887716111166,0.0,254.00000000000006,254.00000000000006,3.000000000000001,254.00000000000006
54.600000000000506,0.1,0.3,-0.1,9.488869274819011,-0.06172867458535583,0.13788498615560496,0.0,254.00000000000006,255.00000000000006,68.00000000000001,254.00000000000006
54.70000000000051,0.1,0.3,-0.1,9.456707275014393,-0.06196437063822119,0.13442498194931185,0.0,254.00000000000006,254.00000000000006,188.00000000000003,254.00000000000006
54.80000000000051,0.1,0.3,-0.1,9.423434631137242,-0.062327270993332434,0.13097432073328358,0.0,254.00000000000006,254.00000000000006,249.00000000000006,254.00000000000006
54.90000000000051,0.1,0.3,-0.1,9.389464171217767,-0.06281484998975492,0.12753797256054367,0.0,254.00000000000006,254.00000000000006,254.00000000000006,254.00000000000006
55.00000000000051,0.1,0.3,-0.1,9.355055274502835,-0.0634251868257806,0.12412059539111463,0.0,254.00000000000006,255.00000000000006,254.00000000000006,255.00000000000006
55.10000000000051,0.1,0.3,-0.1,9.320370908593668,-0.06415669088416937,0.12072664662816325,0.0,254.00000000000006,254.00000000000006,254.00000000000006,254.00000000000006
55.200000000000514,0.1,0.3,-0.1,9.285513465795578,-0.0650079279843481,0.11736045062392693,0.0,254.00000000000006,254.00000000000006,254.00000000000006,254.00000000000006
55.300000000000516,0.1,0.3,-0.1,9.250547279043976,-0.06597751047188996,0.11402623746918951,0.0,254.00000000000006,255.00000000000006,254.00000000000006,254.00000000000006
55.40000000000052,0.1,0.3,-0.1,9.215512768627763,-0.06706402790448904,0.11072816386430813,0.0,254.00000000000006,254.00000000000006,254.00000000000006,254.00000000000006
55.50000000000052,0.1,0.3,-0.1,9.180435330555008,-0.06826600363365026,0.10747032313436423,0.0,255.00000000000006,254.00000000000006,254.00000000000006,254.00000000000006
55.60000000000052,0.1,0.3,-0.1,9.145330921100141,-0.06958186793697088,0.10425674881533388,0.0,255.00000000000006,254.00000000000006,254.00000000000006,255.00000000000006
55.70000000000052,0.1,0.3,-0.1,9.110209565566763,-0.07100994174716607,0.1010914145114334,0.0,254.00000000000006,254.00000000000006,254.00000000000006,254.00000000000006
55.80000000000052,0.1,0.3,-0.1,9.075077562838215,-0.07254842718209081,0.09797823163908083,0.0,255.00000000000006,255.00000000000006,254.00000000000006,254.00000000000006
55.900000000000524,0.1,0.3,-0.1,9.039938870493463,-0.07419540245629336,0.0949210460096002,0.0,255.00000000000006,254.00000000000006,254.00000000000006,254.00000000000006
56.000000000000526,0.1,0.3,-0.1,9.004795975073424,-0.07594881963272748,0.09192363380485542,0.0,255.00000000000006,254.00000000000006,254.00000000000006,254.00000000000006
56.10000000000053,0.1,0.3,-0.1,8.96965043886797,-0.07780650423326177,0.08898969726484855,0.0,254.00000000000006,254.00000000000006,254.00000000000006,254.00000000000006
56.20000000000053,0.1,0.3,-0.1,8.934503243461407,-0.07976615608340973,0.08612286026915734,0.0,254.00000000000006,254.00000000000006,254.00000000000006,254.00000000000006
56.30000000000053,0.1,0.3,-0.1,8.899355005581654,-0.08182535099374932,0.08332666391510081,0.0,254.00000000000006,255.00000000000006,255.00000000000006,254.00000000000006
56.40000000000053,0.1,0.3,-0.1,8.864206112717838,-0.08398154302477112,0.08060456215061813,0.0,254.00000000000006,254.00000000000006,254.00000000000006,254.00000000000006
56.50000000000053,0.1,0.3,-0.1,8.82905680832877,-0.08623206717342952,0.07795991749469773,0.0,254.00000000000006,254.00000000000006,253.00000000000006,254.00000000000006
56.600000000000534,0.1,0.3,-0.1,8.793907245379206,-0.08857414237764427,0.07539599686433675,0.0,254.00000000000006,254.00000000000006,142.00000000000003,254.00000000000006
56.700000000000536,0.1,0.3,-0.1,8.758757519976635,-0.09100487477165575,0.07291596751953223,0.0,255.00000000000006,255.00000000000006,1.0000000000000002,254.00000000000006
56.80000000000054,0.1,0.3,-0.1,8.723607692505224,-0.09352126114825551,0.07052289313386813,0.0,254.00000000000006,254.00000000000006,1.0000000000000002,254.00000000000006
56.90000000000054,0.1,0.3,-0.1,8.688457800904217,-0.09612019259845703,0.06821972999624508,0.0,254.00000000000006,255.00000000000006,1.0000000000000002,254.00000000000006
57.00000000000054,0.1,0.3,-0.1,8.653307869010776,-0.09879845830829237,0.0660093233483006,0.0,254.00000000000006,255.00000000000006,1.0000000000000002,122.00000000000003
57.10000000000054,0.1,0.3,-0.1,8.618157911801724,-0.10155274949810708,0.06389440386158575,0.0,254.00000000000006,254.00000000000006,4.000000000000001,1.0000000000000002
57.20000000000054,0.1,0.3,-0.1,8.583007938686968,-0.10437966349325653,0.061877584258327054,0.0,255.00000000000006,254.00000000000006,214.00000000000006,1.0000000000000002
57.300000000000544,0.1,0.3,-0.1,8.54785795557875,-0.10727570791726893,0.05996135607946802,0.0,254.00000000000006,255.00000000000006,254.00000000000006,1.0000000000000002
57.400000000000546,0.1,0.3,-0.1,8.512707966191678,-0.11023730499985296,0.0581480866035871,0.0,254.00000000000006,254.00000000000006,254.00000000000006,6.000000000000002
57.50000000000055,0.1,0.3,-0.1,8.477557972859639,-0.11326079599290145,0.05644001592018534,0.0,255.00000000000006,247.00000000000006,254.00000000000006,243.00000000000006
57.60000000000055,0.1,0.3,-0.1,8.442407977049001,-0.1163424456880845,0.05483925416072284,0.0,254.00000000000006,0.0,254.00000000000006,255.00000000000006
57.70000000000055,0.1,0.1,-0.3,8.407257979681088,-0.11947844702985677,0.05334777889065133,0.0,244.00000000000006,1.0000000000000002,254.00000000000006,254.00000000000006
57.80000000000055,0.1,0.1,-0.3,8.410876808312652,-0.12239048280881326,0.051507742836129036,0.0,1.0000000000000002,0.0,254.00000000000006,254.00000000000006
57.90000000000055,0.1,0.1,-0.3,8.42685269892773,-0.12519545470361582,0.04949887208918126,0.0,1.0000000000000002,1.0000000000000002,254.00000000000006,254.00000000000006
58.000000000000554,0.1,0.1,-0.3,8.449955600268696,-0.1279105785217472,0.047359818939417334,0.0,1.0000000000000002,32.00000000000001,255.00000000000006,254.00000000000006
58.100000000000556,0.1,0.1,-0.3,8.477536425888776,-0.13053797984880727,0.045105864214968414,0.0,1.0000000000000002,66.00000000000001,255.00000000000006,254.00000000000006
58.20000000000056,0.1,0.1,-0.3,8.50793072474963,-0.13307759222436055,0.042747916065506764,0.0,1.0000000000000002,104.00000000000003,254.00000000000006,254.00000000000006
58.30000000000056,0.1,0.1,-0.3,8.540092724716136,-0.1355282421667166,0.04029404223229299,0.0,1.0000000000000002,124.00000000000003,254.00000000000006,254.00000000000006
58.40000000000056,0.1,0.1,-0.3,8.573365368695006,-0.13788816692761213,0.037750518146964174,0.0,1.0000000000000002,135.00000000000003,254.00000000000006,254.00000000000006
58.50000000000056,0.1,0.1,-0.3,8.607335828678403,-0.14015528523692372,0.035122515723595135,0.0,1.0000000000000002,154.00000000000003,254.00000000000006,255.00000000000006
58.60000000000056,0.1,0.1,-0.3,8.641744725433508,-0.1423273529174241,0.032414546029898614,0.0,0.0,161.00000000000003,254.00000000000006,254.00000000000006
58.700000000000564,0.1,0.1,-0.3,8.676429091367918,-0.1444020595986596,0.029630739524536126,0.0,0.0,183.00000000000003,254.00000000000006,254.00000000000006
58.800000000000566,0.1,0.1,-0.3,8.711286534181871,-0.1463770921889545,0.026775021318779707,0.0,1.0000000000000002,198.00000000000006,254.00000000000006,255.00000000000006
58.90000000000057,0.1,0.1,-0.3,8.74625272094345,-0.14825017797446932,0.02385121946970946,0.0,1.0000000000000002,218.00000000000006,254.00000000000006,255.00000000000006
59.00000000000057,0.1,0.1,-0.3,8.781287231365946,-0.15001911450372746,0.02086313091160806,0.0,1.0000000000000002,234.00000000000006,254.00000000000006,254.00000000000006
59.10000000000057,0.1,0.1,-0.3,8.816364669442642,-0.15168179061060583,0.017814560743197205,0.0,0.0,254.00000000000006,254.00000000000006,254.00000000000006
59.20000000000057,0.1,0.1,-0.3,8.85146907889999,-0.15323620139016103,0.014709344820991621,0.0,1.0000000000000002,254.00000000000006,255.00000000000006,254.00000000000006
59.30000000000057,0.1,0.1,-0.3,8.886590434434927,-0.1546804590109121,0.011551361919053968,0.0,0.0,254.00000000000006,255.00000000000006,254.00000000000006
59.400000000000574,0.1,0.1,-0.3,8.921722437164462,-0.1560128006442582,0.00834453937652628,0.0,0.0,255.00000000000006,255.00000000000006,254.00000000000006
59.500000000000576,0.1,0.1,-0.3,8.95686112950983,-0.15723159438578088,0.0050928546814444225,0.0,0.0,255.00000000000006,254.00000000000006,254.00000000000006
59.60000000000058,0.1,0.1,-0.3,8.992004024930246,-0.15833534376515396,0.0018003345162410922,0.0,1.0000000000000002,255.00000000000006,255.00000000000006,255.00000000000006
59.70000000000058,0.1,0.1,-0.3,9.027149561135946,-0.1593226912500535,-0.0015289477861052947,0.0,16.000000000000004,255.00000000000006,254.00000000000006,255.00000000000006
59.80000000000058,0.1,0.1,-0.3,9.06229675654266,-0.1601924210180095,-0.004890875785252699,0.0,45.00000000000001,254.00000000000006,255.00000000000006,254.00000000000006
59.90000000000058,0.1,0.1,-0.3,9.097444994422524,-0.16094346118025082,-0.00828129410893809,0.0,122.00000000000003,255.00000000000006,255.00000000000006,254.00000000000006
