{"fmus":{"{control}":"file:////home/student/Desktop/fmss/into-cps/FMUs/complementary_attack.fmu","{plant}":"file:////home/student/Desktop/fmss/into-cps/FMUs/Body_Block.fmu","{left_sensor}":"file:////home/student/Desktop/fmss/into-cps/FMUs/Sensor_Block_01.fmu","{right_sensor}":"file:////home/student/Desktop/fmss/into-cps/FMUs/Sensor_Block_02.fmu"},"connections":{"{control}.controlInstance.servoLeftVal":["{plant}.plantInstance.servo_left_input"],"{control}.controlInstance.servoRightVal":["{plant}.plantInstance.servo_right_input"],"{plant}.plantInstance.robot_theta":["{left_sensor}.mid_left_sensorInstance.robot_theta","{left_sensor}.far_left_sensorInstance.robot_theta","{right_sensor}.mid_right_sensorInstance.robot_theta","{right_sensor}.far_right_sensorInstance.robot_theta"],"{plant}.plantInstance.robot_x":["{left_sensor}.mid_left_sensorInstance.robot_x","{left_sensor}.far_left_sensorInstance.robot_x","{right_sensor}.mid_right_sensorInstance.robot_x","{right_sensor}.far_right_sensorInstance.robot_x"],"{plant}.plantInstance.robot_y":["{left_sensor}.mid_left_sensorInstance.robot_y","{left_sensor}.far_left_sensorInstance.robot_y","{right_sensor}.mid_right_sensorInstance.robot_y","{right_sensor}.far_right_sensorInstance.robot_y"],"{plant}.plantInstance.robot_z":["{left_sensor}.mid_left_sensorInstance.robot_z","{left_sensor}.far_left_sensorInstance.robot_z","{right_sensor}.mid_right_sensorInstance.robot_z","{right_sensor}.far_right_sensorInstance.robot_z"],"{left_sensor}.mid_left_sensorInstance.lf_1_sensor_reading":["{control}.controlInstance.lfMidLeftVal"],"{left_sensor}.far_left_sensorInstance.lf_1_sensor_reading":["{control}.controlInstance.lfFarLeftVal"],"{right_sensor}.mid_right_sensorInstance.lf_1_sensor_reading":["{control}.controlInstance.lfMidRightVal"],"{right_sensor}.far_right_sensorInstance.lf_1_sensor_reading":["{control}.controlInstance.lfFarRightVal"]},"parameters":{"{control}.controlInstance.forwardSpeed":0.4,"{control}.controlInstance.highRotate":0.5,"{control}.controlInstance.lowRotate":0.1,"{control}.controlInstance.mediumRotate":0.3,"{left_sensor}.mid_left_sensorInstance.lf_position_x":-0.01,"{left_sensor}.mid_left_sensorInstance.lf_position_y":0.065,"{left_sensor}.far_left_sensorInstance.lf_position_x":-0.02,"{left_sensor}.far_left_sensorInstance.lf_position_y":0.065,"{right_sensor}.mid_right_sensorInstance.lf_position_x":0.01,"{right_sensor}.mid_right_sensorInstance.lf_position_y":0.065,"{right_sensor}.far_right_sensorInstance.lf_position_x":0.02,"{right_sensor}.far_right_sensorInstance.lf_position_y":0.065},"liveGraphColumns":1,"liveGraphVisibleRowCount":1,"logVariables":{},"algorithm":{"type":"fixed-step","size":0.1},"parallelSimulation":false,"stabalizationEnabled":false,"global_absolute_tolerance":0,"global_relative_tolerance":0.01,"simulationProgramDelay":false,"livestream":{"{plant}.plantInstance":["robot_x","robot_y"]}}