{"fmus":{"{Left_sensor}":"file:////home/student/Desktop/fmss/into-cps/FMUs/Sensor_Block_01.fmu","{Right_sensor}":"file:////home/student/Desktop/fmss/into-cps/FMUs/Sensor_Block_02.fmu","{Control}":"file:////home/student/Desktop/fmss/into-cps/FMUs/line_following_robot.fmu","{Plant}":"file:////home/student/Desktop/fmss/into-cps/FMUs/Body_Block.fmu","{Attack_1}":"file:////home/student/Desktop/fmss/into-cps/FMUs/Speed_Attack_fmu.fmu","{Attack_2}":"file:////home/student/Desktop/fmss/into-cps/FMUs/Speed_Attack_fmu2.fmu"},"connections":{"{Left_sensor}.Left_sensorInstance.lf_1_sensor_reading":["{Control}.ControlInstance.lfLeftVal"],"{Control}.ControlInstance.servoLeftVal":["{Attack_1}.Attack_1Instance.input"],"{Control}.ControlInstance.servoRightVal":["{Attack_2}.Attack_2Instance.input"],"{Right_sensor}.Right_sensorInstance.lf_1_sensor_reading":["{Control}.ControlInstance.lfRightVal"],"{Attack_1}.Attack_1Instance.output":["{Plant}.PlantInstance.servo_left_input"],"{Attack_2}.Attack_2Instance.output":["{Plant}.PlantInstance.servo_right_input"],"{Plant}.PlantInstance.robot_theta":["{Left_sensor}.Left_sensorInstance.robot_theta","{Right_sensor}.Right_sensorInstance.robot_theta"],"{Plant}.PlantInstance.robot_x":["{Left_sensor}.Left_sensorInstance.robot_x","{Right_sensor}.Right_sensorInstance.robot_x"],"{Plant}.PlantInstance.robot_y":["{Left_sensor}.Left_sensorInstance.robot_y","{Right_sensor}.Right_sensorInstance.robot_y"],"{Plant}.PlantInstance.robot_z":["{Left_sensor}.Left_sensorInstance.robot_z","{Right_sensor}.Right_sensorInstance.robot_z"]},"parameters":{"{Control}.ControlInstance.backwardRotate":0.1,"{Control}.ControlInstance.forwardRotate":0.5,"{Control}.ControlInstance.forwardSpeed":0.4,"{Control}.ControlInstance.LSR_THRESHOLD":150,"{Control}.ControlInstance.step_size":0.1,"{Attack_1}.Attack_1Instance.attack_time":5,"{Attack_1}.Attack_1Instance.attack_value":1,"{Attack_1}.Attack_1Instance.last_attack_time":10,"{Attack_1}.Attack_1Instance.step_size":0.1,"{Attack_2}.Attack_2Instance.attack_time":5,"{Attack_2}.Attack_2Instance.attack_value":-1,"{Attack_2}.Attack_2Instance.last_attack_time":10,"{Attack_2}.Attack_2Instance.step_size":0.1},"liveGraphColumns":1,"liveGraphVisibleRowCount":1,"logVariables":{},"algorithm":{"type":"fixed-step","size":0.1},"parallelSimulation":false,"stabalizationEnabled":false,"global_absolute_tolerance":0,"global_relative_tolerance":0.01,"simulationProgramDelay":false,"livestream":{"{Attack_1}.Attack_1Instance":["output","time"],"{Attack_2}.Attack_2Instance":["output","time"],"{Control}.ControlInstance":["servoLeftVal","servoRightVal"]}}