{"fmus":{"{sensor_far_left}":"file:////home/student/Desktop/fmss/into-cps/FMUs/Sensor_Block_01.fmu","{sensor_far_right}":"file:////home/student/Desktop/fmss/into-cps/FMUs/Sensor_Block_02.fmu","{sensor_mid_left}":"file:////home/student/Desktop/fmss/into-cps/FMUs/Sensor_Block_03%20.fmu","{sensor_mid_right}":"file:////home/student/Desktop/fmss/into-cps/FMUs/Sensor_Block_04.fmu","{control}":"file:////home/student/Desktop/fmss/into-cps/FMUs/line_following_robot_4S.fmu","{attack1}":"file:////home/student/Desktop/fmss/into-cps/FMUs/Actuator_Attack_fmu.fmu","{attack2}":"file:////home/student/Desktop/fmss/into-cps/FMUs/Actuator_Attack2_fmu.fmu","{plant}":"file:////home/student/Desktop/fmss/into-cps/FMUs/Body_Block.fmu"},"connections":{"{sensor_far_left}.sensor_far_leftInstance.lf_1_sensor_reading":["{control}.controlInstance.lfFarLeftVal"],"{control}.controlInstance.servoLeftVal":["{attack1}.attack1Instance.input"],"{control}.controlInstance.servoRightVal":["{attack2}.attack2Instance.input"],"{sensor_far_right}.sensor_far_rightInstance.lf_1_sensor_reading":["{control}.controlInstance.lfFarRightVal"],"{sensor_mid_left}.sensor_mid_leftInstance.lf_1_sensor_reading":["{control}.controlInstance.lfMidLeftVal"],"{sensor_mid_right}.sensor_mid_rightInstance.lf_1_sensor_reading":["{control}.controlInstance.lfMidRightVal"],"{attack1}.attack1Instance.output":["{plant}.plantInstance.servo_left_input"],"{attack2}.attack2Instance.output":["{plant}.plantInstance.servo_right_input"],"{plant}.plantInstance.robot_theta":["{sensor_far_left}.sensor_far_leftInstance.robot_theta","{sensor_far_right}.sensor_far_rightInstance.robot_theta","{sensor_mid_left}.sensor_mid_leftInstance.robot_theta","{sensor_mid_right}.sensor_mid_rightInstance.robot_theta"],"{plant}.plantInstance.robot_x":["{sensor_far_left}.sensor_far_leftInstance.robot_x","{sensor_far_right}.sensor_far_rightInstance.robot_x","{sensor_mid_left}.sensor_mid_leftInstance.robot_x","{sensor_mid_right}.sensor_mid_rightInstance.robot_x"],"{plant}.plantInstance.robot_y":["{sensor_far_left}.sensor_far_leftInstance.robot_y","{sensor_far_right}.sensor_far_rightInstance.robot_y","{sensor_mid_left}.sensor_mid_leftInstance.robot_y","{sensor_mid_right}.sensor_mid_rightInstance.robot_y"],"{plant}.plantInstance.robot_z":["{sensor_far_left}.sensor_far_leftInstance.robot_z","{sensor_far_right}.sensor_far_rightInstance.robot_z","{sensor_mid_left}.sensor_mid_leftInstance.robot_z","{sensor_mid_right}.sensor_mid_rightInstance.robot_z"]},"parameters":{"{sensor_far_left}.sensor_far_leftInstance.lf_position_x":0.02,"{sensor_far_left}.sensor_far_leftInstance.lf_position_y":0.065,"{control}.controlInstance.forwardSpeed":0.4,"{control}.controlInstance.highRotate":0.5,"{control}.controlInstance.lowRotate":0.1,"{control}.controlInstance.mediumRotate":0.3,"{sensor_far_right}.sensor_far_rightInstance.lf_position_x":0.01,"{sensor_far_right}.sensor_far_rightInstance.lf_position_y":0.065,"{sensor_mid_left}.sensor_mid_leftInstance.lf_position_x":-0.02,"{sensor_mid_left}.sensor_mid_leftInstance.lf_position_y":0.065,"{sensor_mid_right}.sensor_mid_rightInstance.lf_position_x":-0.01,"{sensor_mid_right}.sensor_mid_rightInstance.lf_position_y":0.065,"{attack1}.attack1Instance.attack_time":3,"{attack1}.attack1Instance.attack_value":2,"{attack1}.attack1Instance.last_attack_time":6,"{attack1}.attack1Instance.step_size":0.1,"{attack2}.attack2Instance.attack_time":4,"{attack2}.attack2Instance.attack_value":2,"{attack2}.attack2Instance.last_attack_time":8,"{attack2}.attack2Instance.step_size":0.01},"liveGraphColumns":1,"liveGraphVisibleRowCount":1,"logVariables":{},"algorithm":{"type":"fixed-step","size":0.1},"parallelSimulation":false,"stabalizationEnabled":false,"global_absolute_tolerance":0,"global_relative_tolerance":0.01,"simulationProgramDelay":false,"livestream":{"{attack1}.attack1Instance":["time","output"],"{attack2}.attack2Instance":["time","output"],"{control}.controlInstance":["servoLeftVal","servoRightVal"]}}