{"fmus":{"{Controller}":"file:////home/student/fmss/into-cps/FMUs/line_following_robot_4S.fmu","{SensorLeftMid}":"file:////home/student/fmss/into-cps/FMUs/Sensor_Block_01.fmu","{SensorRightMid}":"file:////home/student/fmss/into-cps/FMUs/Sensor_Block_02.fmu","{Plant}":"file:////home/student/fmss/into-cps/FMUs/Body_Block.fmu","{SensorLeftFar}":"file:////home/student/fmss/into-cps/FMUs/Sensor_Block_03%20.fmu","{SensorRightFar}":"file:////home/student/fmss/into-cps/FMUs/Sensor_Block_04.fmu","{AttackLeft}":"file:////home/student/fmss/into-cps/FMUs/Speed_Attack_fmu_1.fmu","{AttackRight}":"file:////home/student/fmss/into-cps/FMUs/Speed_Attack_fmu_2.fmu"},"connections":{"{Controller}.ControllerInstance.servoLeftVal":["{AttackLeft}.AttackLeftInstance.input"],"{Controller}.ControllerInstance.servoRightVal":["{AttackRight}.AttackRightInstance.input"],"{AttackLeft}.AttackLeftInstance.output":["{Plant}.PlantInstance.servo_left_input"],"{AttackRight}.AttackRightInstance.output":["{Plant}.PlantInstance.servo_right_input"],"{Plant}.PlantInstance.robot_theta":["{SensorLeftMid}.SensorLeftMidInstance.robot_theta","{SensorRightMid}.SensorRightMidInstance.robot_theta","{SensorLeftFar}.SensorLeftFarInstance.robot_theta","{SensorRightFar}.SensorRightFarInstance.robot_theta"],"{Plant}.PlantInstance.robot_x":["{SensorLeftMid}.SensorLeftMidInstance.robot_x","{SensorRightMid}.SensorRightMidInstance.robot_x","{SensorLeftFar}.SensorLeftFarInstance.robot_x","{SensorRightFar}.SensorRightFarInstance.robot_x"],"{Plant}.PlantInstance.robot_y":["{SensorLeftMid}.SensorLeftMidInstance.robot_y","{SensorRightMid}.SensorRightMidInstance.robot_y","{SensorLeftFar}.SensorLeftFarInstance.robot_y","{SensorRightFar}.SensorRightFarInstance.robot_y"],"{Plant}.PlantInstance.robot_z":["{SensorLeftMid}.SensorLeftMidInstance.robot_z","{SensorRightMid}.SensorRightMidInstance.robot_z","{SensorLeftFar}.SensorLeftFarInstance.robot_z","{SensorRightFar}.SensorRightFarInstance.robot_z"],"{SensorLeftMid}.SensorLeftMidInstance.lf_1_sensor_reading":["{Controller}.ControllerInstance.lfMidLeftVal"],"{SensorRightMid}.SensorRightMidInstance.lf_1_sensor_reading":["{Controller}.ControllerInstance.lfMidRightVal"],"{SensorLeftFar}.SensorLeftFarInstance.lf_1_sensor_reading":["{Controller}.ControllerInstance.lfFarLeftVal"],"{SensorRightFar}.SensorRightFarInstance.lf_1_sensor_reading":["{Controller}.ControllerInstance.lfFarRightVal"]},"parameters":{"{Controller}.ControllerInstance.forwardSpeed":0.4,"{Controller}.ControllerInstance.highRotate":0.5,"{Controller}.ControllerInstance.lowRotate":0.1,"{Controller}.ControllerInstance.mediumRotate":0.3,"{AttackLeft}.AttackLeftInstance.attack_time":5,"{AttackLeft}.AttackLeftInstance.attack_value":1,"{AttackLeft}.AttackLeftInstance.last_attack_time":10,"{AttackLeft}.AttackLeftInstance.step_size":0.1,"{AttackRight}.AttackRightInstance.attack_time":5,"{AttackRight}.AttackRightInstance.attack_value":-1,"{AttackRight}.AttackRightInstance.last_attack_time":10,"{AttackRight}.AttackRightInstance.step_size":0.1,"{SensorLeftMid}.SensorLeftMidInstance.lf_position_x":-0.01,"{SensorLeftMid}.SensorLeftMidInstance.lf_position_y":0.065,"{SensorRightMid}.SensorRightMidInstance.lf_position_x":0.01,"{SensorRightMid}.SensorRightMidInstance.lf_position_y":0.065,"{SensorLeftFar}.SensorLeftFarInstance.lf_position_x":-0.02,"{SensorLeftFar}.SensorLeftFarInstance.lf_position_y":0.065,"{SensorRightFar}.SensorRightFarInstance.lf_position_x":0.02,"{SensorRightFar}.SensorRightFarInstance.lf_position_y":0.065},"liveGraphColumns":1,"liveGraphVisibleRowCount":1,"logVariables":{},"algorithm":{"type":"fixed-step","size":0.1},"parallelSimulation":false,"stabalizationEnabled":false,"global_absolute_tolerance":0,"global_relative_tolerance":0.01,"simulationProgramDelay":false,"livestream":{"{Plant}.PlantInstance":["robot_x","robot_y"]}}