time,step-size,{Attack_1}.Attack_1Instance.output,{Attack_2}.Attack_2Instance.output,{Control}.ControlInstance.servoLeftVal,{Control}.ControlInstance.servoRightVal,{Left_sensor}.Left_sensorInstance.lf_1_sensor_reading,{Plant}.PlantInstance.robot_theta,{Plant}.PlantInstance.robot_x,{Plant}.PlantInstance.robot_y,{Plant}.PlantInstance.robot_z,{Right_sensor}.Right_sensorInstance.lf_1_sensor_reading
0.0,0.0,0.0,0.0,0.0,0.0,0.0,0.0,0.0,0.0,0.0,1.0000000000000002
0.1,0.1,0.0,0.0,0.4,-0.4,254.00000000000006,0.0,0.138,-0.08,0.0,254.00000000000006
0.2,0.1,0.4,-0.4,0.4,-0.4,254.00000000000006,0.0,0.138,-0.08,0.0,255.00000000000006
0.30000000000000004,0.1,0.4,-0.4,0.4,-0.4,254.00000000000006,0.0,0.138,-0.0781205777356358,0.0,254.00000000000006
0.4,0.1,0.4,-0.4,0.4,-0.4,254.00000000000006,0.0,0.138,-0.07516805482427268,0.0,254.00000000000006
0.5,0.1,0.4,-0.4,0.4,-0.4,255.00000000000006,0.0,0.138,-0.07143901247151024,0.0,254.00000000000006
0.6,0.1,0.4,-0.4,0.4,-0.4,254.00000000000006,0.0,0.138,-0.06708661330582183,0.0,254.00000000000006
0.7,0.1,0.4,-0.4,0.4,-0.4,254.00000000000006,0.0,0.138,-0.0622338097774027,0.0,255.00000000000006
0.7999999999999999,0.1,0.4,-0.4,0.4,-0.4,254.00000000000006,0.0,0.138,-0.0569793028889697,0.0,255.00000000000006
0.8999999999999999,0.1,0.4,-0.4,0.4,-0.4,254.00000000000006,0.0,0.138,-0.051402325611657806,0.0,254.00000000000006
0.9999999999999999,0.1,0.4,-0.4,0.4,-0.4,254.00000000000006,0.0,0.138,-0.04556648280805284,0.0,255.00000000000006
1.0999999999999999,0.1,0.4,-0.4,0.4,-0.4,254.00000000000006,0.0,0.138,-0.03946149389147694,0.0,254.00000000000006
1.2,0.1,0.4,-0.4,0.4,-0.4,255.00000000000006,0.0,0.138,-0.03324953682293243,0.0,254.00000000000006
1.3,0.1,0.4,-0.4,0.4,-0.4,254.00000000000006,0.0,0.138,-0.026903959223477297,0.0,254.00000000000006
1.4000000000000001,0.1,0.4,-0.4,0.4,-0.4,254.00000000000006,0.0,0.138,-0.020451116739398208,0.0,254.00000000000006
1.5000000000000002,0.1,0.4,-0.4,0.4,-0.4,255.00000000000006,0.0,0.138,-0.013912166563671835,0.0,254.00000000000006
1.6000000000000003,0.1,0.4,-0.4,0.4,-0.4,254.00000000000006,0.0,0.138,-0.007304092791842104,0.0,254.00000000000006
1.7000000000000004,0.1,0.4,-0.4,0.4,-0.4,254.00000000000006,0.0,0.138,-6.405295341505718E-4,0.0,254.00000000000006
1.8000000000000005,0.1,0.4,-0.4,0.4,-0.4,254.00000000000006,0.0,0.138,0.006067578325019821,0.0,254.00000000000006
1.9000000000000006,0.1,0.4,-0.4,0.4,-0.4,254.00000000000006,0.0,0.138,0.012811444697539115,0.0,254.00000000000006
2.0000000000000004,0.1,0.4,-0.4,0.4,-0.4,254.00000000000006,0.0,0.138,0.019584016485181016,0.0,254.00000000000006
2.1000000000000005,0.1,0.4,-0.4,0.4,-0.4,254.00000000000006,0.0,0.138,0.026379631760378525,0.0,254.00000000000006
2.2000000000000006,0.1,0.4,-0.4,0.4,-0.4,254.00000000000006,0.0,0.138,0.03319374536825852,0.0,254.00000000000006
2.3000000000000007,0.1,0.4,-0.4,0.4,-0.4,254.00000000000006,0.0,0.138,0.040022708651614225,0.0,255.00000000000006
2.400000000000001,0.1,0.4,-0.4,0.4,-0.4,254.00000000000006,0.0,0.138,0.04686359262347296,0.0,255.00000000000006
2.500000000000001,0.1,0.4,-0.4,0.4,-0.4,254.00000000000006,0.0,0.138,0.05371404601754719,0.0,254.00000000000006
2.600000000000001,0.1,0.4,-0.4,0.4,-0.4,254.00000000000006,0.0,0.138,0.0605721813371672,0.0,254.00000000000006
2.700000000000001,0.1,0.4,-0.4,0.4,-0.4,255.00000000000006,0.0,0.138,0.06743648338020712,0.0,254.00000000000006
2.800000000000001,0.1,0.4,-0.4,0.4,-0.4,255.00000000000006,0.0,0.138,0.07430573580678206,0.0,254.00000000000006
2.9000000000000012,0.1,0.4,-0.4,0.4,-0.4,254.00000000000006,0.0,0.138,0.08117896219091487,0.0,255.00000000000006
3.0000000000000013,0.1,0.4,-0.4,0.4,-0.4,255.00000000000006,0.0,0.138,0.0880553786993203,0.0,254.00000000000006
3.1000000000000014,0.1,0.4,-0.4,0.4,-0.4,254.00000000000006,0.0,0.138,0.09493435610394226,0.0,254.00000000000006
3.2000000000000015,0.1,0.4,-0.4,0.4,-0.4,254.00000000000006,0.0,0.138,0.10181538928723298,0.0,254.00000000000006
3.3000000000000016,0.1,0.4,-0.4,0.4,-0.4,255.00000000000006,0.0,0.138,0.10869807276228811,0.0,255.00000000000006
3.4000000000000017,0.1,0.4,-0.4,0.4,-0.4,255.00000000000006,0.0,0.138,0.11558208102145041,0.0,254.00000000000006
3.5000000000000018,0.1,0.4,-0.4,0.4,-0.4,254.00000000000006,0.0,0.138,0.12246715276100305,0.0,254.00000000000006
3.600000000000002,0.1,0.4,-0.4,0.4,-0.4,254.00000000000006,0.0,0.138,0.1293530782174256,0.0,254.00000000000006
3.700000000000002,0.1,0.4,-0.4,0.4,-0.4,254.00000000000006,0.0,0.138,0.13623968900147648,0.0,254.00000000000006
3.800000000000002,0.1,0.4,-0.4,0.4,-0.4,254.00000000000006,0.0,0.138,0.14312684993742741,0.0,254.00000000000006
3.900000000000002,0.1,0.4,-0.4,0.4,-0.4,254.00000000000006,0.0,0.138,0.15001445251194745,0.0,254.00000000000006
4.000000000000002,0.1,0.4,-0.4,0.4,-0.4,254.00000000000006,0.0,0.138,0.15690240961514562,0.0,254.00000000000006
4.100000000000001,0.1,0.4,-0.4,0.4,-0.4,255.00000000000006,0.0,0.138,0.1637906513189023,0.0,255.00000000000006
4.200000000000001,0.1,0.4,-0.4,0.4,-0.4,254.00000000000006,0.0,0.138,0.1706791214878946,0.0,255.00000000000006
4.300000000000001,0.1,0.4,-0.4,0.4,-0.4,254.00000000000006,0.0,0.138,0.1775677750590708,0.0,255.00000000000006
4.4,0.1,0.4,-0.4,0.4,-0.4,254.00000000000006,0.0,0.138,0.18445657585772673,0.0,254.00000000000006
4.5,0.1,0.4,-0.4,0.4,-0.4,254.00000000000006,0.0,0.138,0.19134549484434826,0.0,254.00000000000006
4.6,0.1,0.4,-0.4,0.4,-0.4,254.00000000000006,0.0,0.138,0.19823450870724652,0.0,254.00000000000006
4.699999999999999,0.1,0.4,-0.4,0.4,-0.4,254.00000000000006,0.0,0.138,0.20512359873278835,0.0,254.00000000000006
4.799999999999999,0.1,0.4,-0.4,0.4,-0.4,254.00000000000006,0.0,0.138,0.21201274989846403,0.0,254.00000000000006
4.899999999999999,0.1,0.4,-0.4,0.4,-0.4,254.00000000000006,0.0,0.138,0.21890195014484182,0.0,254.00000000000006
4.999999999999998,0.1,0.4,-0.4,0.4,-0.4,255.00000000000006,0.0,0.138,0.22572229722652903,0.0,254.00000000000006
5.099999999999998,0.1,0.4,-0.4,0.4,-0.4,254.00000000000006,0.0,0.138,0.2326115682182524,0.0,254.00000000000006
5.1999999999999975,0.1,1.0,-1.0,0.4,-0.4,254.00000000000006,0.0,0.138,0.2395008646558895,0.0,255.00000000000006
5.299999999999997,0.1,1.0,-1.0,0.4,-0.4,255.00000000000006,0.0,0.138,0.24920931491697124,0.0,254.00000000000006
5.399999999999997,0.1,1.0,-1.0,0.4,-0.4,255.00000000000006,0.0,0.138,0.2605274325463973,0.0,254.00000000000006
5.4999999999999964,0.1,1.0,-1.0,0.4,-0.4,254.00000000000006,0.0,0.138,0.2730103425014165,0.0,254.00000000000006
5.599999999999996,0.1,1.0,-1.0,0.4,-0.4,255.00000000000006,0.0,0.138,0.2864282982429184,0.0,254.00000000000006
5.699999999999996,0.1,1.0,-1.0,0.4,-0.4,254.00000000000006,0.0,0.138,0.3005968690113302,0.0,254.00000000000006
5.799999999999995,0.1,1.0,-1.0,0.4,-0.4,254.00000000000006,0.0,0.138,0.3153680016294053,0.0,254.00000000000006
5.899999999999995,0.1,1.0,-1.0,0.4,-0.4,254.00000000000006,0.0,0.138,0.3306228452972904,0.0,254.00000000000006
5.999999999999995,0.1,1.0,-1.0,0.4,-0.4,255.00000000000006,0.0,0.138,0.34626599164288197,0.0,254.00000000000006
6.099999999999994,0.1,1.0,-1.0,0.4,-0.4,254.00000000000006,0.0,0.138,0.3622208508789976,0.0,254.00000000000006
6.199999999999994,0.1,1.0,-1.0,0.4,-0.4,254.00000000000006,0.0,0.138,0.37842593997881674,0.0,254.00000000000006
6.299999999999994,0.1,1.0,-1.0,0.4,-0.4,254.00000000000006,0.0,0.138,0.3948319029808475,0.0,254.00000000000006
6.399999999999993,0.1,1.0,-1.0,0.4,-0.4,1.0000000000000002,0.0,0.138,0.41139911901635967,0.0,1.0000000000000002
6.499999999999993,0.1,1.0,-1.0,0.4,-0.4,254.00000000000006,0.0,0.138,0.42809578213544314,0.0,254.00000000000006
6.5999999999999925,0.1,1.0,-1.0,0.4,-0.4,254.00000000000006,0.0,0.138,0.44489635987295767,0.0,254.00000000000006
6.699999999999992,0.1,1.0,-1.0,0.4,-0.4,254.00000000000006,0.0,0.138,0.46178035585077487,0.0,254.00000000000006
6.799999999999992,0.1,1.0,-1.0,0.4,-0.4,254.00000000000006,0.0,0.138,0.47873131644743144,0.0,254.00000000000006
6.8999999999999915,0.1,1.0,-1.0,0.4,-0.4,254.00000000000006,0.0,0.138,0.4957360333947382,0.0,255.00000000000006
6.999999999999991,0.1,1.0,-1.0,0.4,-0.4,254.00000000000006,0.0,0.138,0.5127839036562176,0.0,254.00000000000006
7.099999999999991,0.1,1.0,-1.0,0.4,-0.4,254.00000000000006,0.0,0.138,0.5298664155647128,0.0,254.00000000000006
7.19999999999999,0.1,1.0,-1.0,0.4,-0.4,254.00000000000006,0.0,0.138,0.5469767363154946,0.0,254.00000000000006
7.29999999999999,0.1,1.0,-1.0,0.4,-0.4,254.00000000000006,0.0,0.138,0.5641093808232548,0.0,254.00000000000006
7.39999999999999,0.1,1.0,-1.0,0.4,-0.4,254.00000000000006,0.0,0.138,0.5812599458945715,0.0,254.00000000000006
7.499999999999989,0.1,1.0,-1.0,0.4,-0.4,255.00000000000006,0.0,0.138,0.5984248968328592,0.0,255.00000000000006
7.599999999999989,0.1,1.0,-1.0,0.4,-0.4,254.00000000000006,0.0,0.138,0.6156013961338908,0.0,254.00000000000006
7.699999999999989,0.1,1.0,-1.0,0.4,-0.4,254.00000000000006,0.0,0.138,0.6327871659698379,0.0,254.00000000000006
7.799999999999988,0.1,1.0,-1.0,0.4,-0.4,254.00000000000006,0.0,0.138,0.6499803777973057,0.0,254.00000000000006
7.899999999999988,0.1,1.0,-1.0,0.4,-0.4,254.00000000000006,0.0,0.138,0.667179563739354,0.0,254.00000000000006
7.999999999999988,0.1,1.0,-1.0,0.4,-0.4,255.00000000000006,0.0,0.138,0.6843835454467442,0.0,254.00000000000006
8.099999999999987,0.1,1.0,-1.0,0.4,-0.4,255.00000000000006,0.0,0.138,0.7015913769907773,0.0,255.00000000000006
8.199999999999987,0.1,1.0,-1.0,0.4,-0.4,255.00000000000006,0.0,0.138,0.7188022990200863,0.0,254.00000000000006
8.299999999999986,0.1,1.0,-1.0,0.4,-0.4,254.00000000000006,0.0,0.138,0.7360157019596592,0.0,254.00000000000006
8.399999999999986,0.1,1.0,-1.0,0.4,-0.4,254.00000000000006,0.0,0.138,0.7532310964685762,0.0,254.00000000000006
8.499999999999986,0.1,1.0,-1.0,0.4,-0.4,254.00000000000006,0.0,0.138,0.770448089724741,0.0,254.00000000000006
8.599999999999985,0.1,1.0,-1.0,0.4,-0.4,254.00000000000006,0.0,0.138,0.7876663663872637,0.0,254.00000000000006
8.699999999999985,0.1,1.0,-1.0,0.4,-0.4,254.00000000000006,0.0,0.138,0.8048856733138786,0.0,254.00000000000006
8.799999999999985,0.1,1.0,-1.0,0.4,-0.4,255.00000000000006,0.0,0.138,0.8221058072927309,0.0,255.00000000000006
8.899999999999984,0.1,1.0,-1.0,0.4,-0.4,254.00000000000006,0.0,0.138,0.8393266051939766,0.0,254.00000000000006
8.999999999999984,0.1,1.0,-1.0,0.4,-0.4,254.00000000000006,0.0,0.138,0.8565479360639107,0.0,255.00000000000006
9.099999999999984,0.1,1.0,-1.0,0.4,-0.4,254.00000000000006,0.0,0.138,0.8737696947784601,0.0,254.00000000000006
9.199999999999983,0.1,1.0,-1.0,0.4,-0.4,255.00000000000006,0.0,0.138,0.8909917969484885,0.0,254.00000000000006
9.299999999999983,0.1,1.0,-1.0,0.4,-0.4,255.00000000000006,0.0,0.138,0.9082141748299818,0.0,255.00000000000006
9.399999999999983,0.1,1.0,-1.0,0.4,-0.4,254.00000000000006,0.0,0.138,0.9254367740409234,0.0,255.00000000000006
9.499999999999982,0.1,1.0,-1.0,0.4,-0.4,254.00000000000006,0.0,0.138,0.9426595509257426,0.0,254.00000000000006
9.599999999999982,0.1,1.0,-1.0,0.4,-0.4,255.00000000000006,0.0,0.138,0.9598824704395997,0.0,254.00000000000006
9.699999999999982,0.1,1.0,-1.0,0.4,-0.4,254.00000000000006,0.0,0.138,0.9771055044499902,0.0,254.00000000000006
9.799999999999981,0.1,1.0,-1.0,0.4,-0.4,255.00000000000006,0.0,0.138,0.9943286303733313,0.0,255.00000000000006
9.89999999999998,0.1,1.0,-1.0,0.4,-0.4,254.00000000000006,0.0,0.138,1.0117240623983097,0.0,254.00000000000006
9.99999999999998,0.1,1.0,-1.0,0.4,-0.4,255.00000000000006,0.0,0.138,1.0289473218650107,0.0,255.00000000000006
10.09999999999998,0.1,1.0,-1.0,0.4,-0.4,255.00000000000006,0.0,0.138,1.0461706287750987,0.0,254.00000000000006
10.19999999999998,0.1,0.4,-0.4,0.4,-0.4,255.00000000000006,0.0,0.138,1.0633939737707212,0.0,254.00000000000006
10.29999999999998,0.1,0.4,-0.4,0.4,-0.4,255.00000000000006,0.0,0.138,1.0777982159432475,0.0,254.00000000000006
10.399999999999979,0.1,0.4,-0.4,0.4,-0.4,254.00000000000006,0.0,0.138,1.090592831688341,0.0,255.00000000000006
10.499999999999979,0.1,0.4,-0.4,0.4,-0.4,254.00000000000006,0.0,0.138,1.1022226879734665,0.0,254.00000000000006
10.599999999999978,0.1,0.4,-0.4,0.4,-0.4,254.00000000000006,0.0,0.138,1.1129175248552357,0.0,254.00000000000006
10.699999999999978,0.1,0.4,-0.4,0.4,-0.4,254.00000000000006,0.0,0.138,1.1228617678893489,0.0,254.00000000000006
10.799999999999978,0.1,0.4,-0.4,0.4,-0.4,255.00000000000006,0.0,0.138,1.1322034660756033,0.0,255.00000000000006
10.899999999999977,0.1,0.4,-0.4,0.4,-0.4,255.00000000000006,0.0,0.138,1.1410614668603742,0.0,254.00000000000006
10.999999999999977,0.1,0.4,-0.4,0.4,-0.4,255.00000000000006,0.0,0.138,1.1495311759237343,0.0,254.00000000000006
11.099999999999977,0.1,0.4,-0.4,0.4,-0.4,254.00000000000006,0.0,0.138,1.1576891808918222,0.0,255.00000000000006
11.199999999999976,0.1,0.4,-0.4,0.4,-0.4,254.00000000000006,0.0,0.138,1.1655969630566576,0.0,255.00000000000006
11.299999999999976,0.1,0.4,-0.4,0.4,-0.4,254.00000000000006,0.0,0.138,1.1733038769871122,0.0,255.00000000000006
11.399999999999975,0.1,0.4,-0.4,0.4,-0.4,254.00000000000006,0.0,0.138,1.1808495424339793,0.0,254.00000000000006
11.499999999999975,0.1,0.4,-0.4,0.4,-0.4,254.00000000000006,0.0,0.138,1.1882657644497376,0.0,254.00000000000006
11.599999999999975,0.1,0.4,-0.4,0.4,-0.4,254.00000000000006,0.0,0.138,1.1955780747791047,0.0,254.00000000000006
11.699999999999974,0.1,0.4,-0.4,0.4,-0.4,254.00000000000006,0.0,0.138,1.2028069692218892,0.0,254.00000000000006
11.799999999999974,0.1,0.4,-0.4,0.4,-0.4,254.00000000000006,0.0,0.138,1.2099689009352974,0.0,254.00000000000006
11.899999999999974,0.1,0.4,-0.4,0.4,-0.4,255.00000000000006,0.0,0.138,1.217077077814837,0.0,255.00000000000006
11.999999999999973,0.1,0.4,-0.4,0.4,-0.4,254.00000000000006,0.0,0.138,1.224142102597812,0.0,255.00000000000006
12.099999999999973,0.1,0.4,-0.4,0.4,-0.4,255.00000000000006,0.0,0.138,1.2311724867112153,0.0,255.00000000000006
12.199999999999973,0.1,0.4,-0.4,0.4,-0.4,254.00000000000006,0.0,0.138,1.238175062766984,0.0,254.00000000000006
12.299999999999972,0.1,0.4,-0.4,0.4,-0.4,254.00000000000006,0.0,0.138,1.2451553156956585,0.0,254.00000000000006
12.399999999999972,0.1,0.4,-0.4,0.4,-0.4,254.00000000000006,0.0,0.138,1.2521176485664205,0.0,255.00000000000006
12.499999999999972,0.1,0.4,-0.4,0.4,-0.4,255.00000000000006,0.0,0.138,1.2590655959761203,0.0,255.00000000000006
12.599999999999971,0.1,0.4,-0.4,0.4,-0.4,254.00000000000006,0.0,0.138,1.2660019953489237,0.0,255.00000000000006
12.69999999999997,0.1,0.4,-0.4,0.4,-0.4,254.00000000000006,0.0,0.138,1.272929124448388,0.0,255.00000000000006
12.79999999999997,0.1,0.4,-0.4,0.4,-0.4,255.00000000000006,0.0,0.138,1.2798488117663127,0.0,254.00000000000006
12.89999999999997,0.1,0.4,-0.4,0.4,-0.4,254.00000000000006,0.0,0.138,1.2867625251382215,0.0,254.00000000000006
12.99999999999997,0.1,0.4,-0.4,0.4,-0.4,255.00000000000006,0.0,0.138,1.2936714428801053,0.0,254.00000000000006
13.09999999999997,0.1,0.4,-0.4,0.4,-0.4,254.00000000000006,0.0,0.138,1.3005765108939724,0.0,254.00000000000006
13.199999999999969,0.1,0.4,-0.4,0.4,-0.4,254.00000000000006,0.0,0.138,1.307478488509765,0.0,255.00000000000006
13.299999999999969,0.1,0.4,-0.4,0.4,-0.4,254.00000000000006,0.0,0.138,1.314377985285295,0.0,254.00000000000006
13.399999999999968,0.1,0.4,-0.4,0.4,-0.4,255.00000000000006,0.0,0.138,1.321275490547674,0.0,254.00000000000006
13.499999999999968,0.1,0.4,-0.4,0.4,-0.4,254.00000000000006,0.0,0.138,1.3281713971079165,0.0,254.00000000000006
13.599999999999968,0.1,0.4,-0.4,0.4,-0.4,255.00000000000006,0.0,0.138,1.3350660202980131,0.0,254.00000000000006
13.699999999999967,0.1,0.4,-0.4,0.4,-0.4,254.00000000000006,0.0,0.138,1.3419596132530873,0.0,254.00000000000006
13.799999999999967,0.1,0.4,-0.4,0.4,-0.4,254.00000000000006,0.0,0.138,1.3488523791792597,0.0,254.00000000000006
13.899999999999967,0.1,0.4,-0.4,0.4,-0.4,255.00000000000006,0.0,0.138,1.3557444812017712,0.0,254.00000000000006
13.999999999999966,0.1,0.4,-0.4,0.4,-0.4,254.00000000000006,0.0,0.138,1.3626360502706343,0.0,254.00000000000006
14.099999999999966,0.1,0.4,-0.4,0.4,-0.4,254.00000000000006,0.0,0.138,1.3695271915069511,0.0,254.00000000000006
14.199999999999966,0.1,0.4,-0.4,0.4,-0.4,255.00000000000006,0.0,0.138,1.376417989297482,0.0,255.00000000000006
14.299999999999965,0.1,0.4,-0.4,0.4,-0.4,255.00000000000006,0.0,0.138,1.383308511384327,0.0,254.00000000000006
14.399999999999965,0.1,0.4,-0.4,0.4,-0.4,255.00000000000006,0.0,0.138,1.390198812147969,0.0,255.00000000000006
14.499999999999964,0.1,0.4,-0.4,0.4,-0.4,254.00000000000006,0.0,0.138,1.3970889352427474,0.0,254.00000000000006
14.599999999999964,0.1,0.4,-0.4,0.4,-0.4,255.00000000000006,0.0,0.138,1.4039789157125095,0.0,255.00000000000006
14.699999999999964,0.1,0.4,-0.4,0.4,-0.4,254.00000000000006,0.0,0.138,1.4108687816889705,0.0,254.00000000000006
14.799999999999963,0.1,0.4,-0.4,0.4,-0.4,254.00000000000006,0.0,0.138,1.4177585557550751,0.0,254.00000000000006
14.899999999999963,0.1,0.4,-0.4,0.4,-0.4,255.00000000000006,0.0,0.138,1.424648256039449,0.0,254.00000000000006
14.999999999999963,0.1,0.4,-0.4,0.4,-0.4,254.00000000000006,0.0,0.138,1.4315378970949857,0.0,254.00000000000006
15.099999999999962,0.1,0.4,-0.4,0.4,-0.4,254.00000000000006,0.0,0.138,1.4384274906041266,0.0,254.00000000000006
15.199999999999962,0.1,0.4,-0.4,0.4,-0.4,254.00000000000006,0.0,0.138,1.4453170459450437,0.0,254.00000000000006
15.299999999999962,0.1,0.4,-0.4,0.4,-0.4,254.00000000000006,0.0,0.138,1.4522065706461313,0.0,254.00000000000006
15.399999999999961,0.1,1.0,-1.0,0.4,-0.4,254.00000000000006,0.0,0.138,1.4590960707508656,0.0,254.00000000000006
15.499999999999961,0.1,1.0,-1.0,0.4,-0.4,254.00000000000006,0.0,0.138,1.4688046845072404,0.0,255.00000000000006
15.59999999999996,0.1,1.0,-1.0,0.4,-0.4,254.00000000000006,0.0,0.138,1.4801229333837396,0.0,254.00000000000006
15.69999999999996,0.1,1.0,-1.0,0.4,-0.4,254.00000000000006,0.0,0.138,1.4926059486983316,0.0,254.00000000000006
15.79999999999996,0.1,1.0,-1.0,0.4,-0.4,254.00000000000006,0.0,0.138,1.5060239890180223,0.0,254.00000000000006
15.89999999999996,0.1,1.0,-1.0,0.4,-0.4,255.00000000000006,0.0,0.138,1.5201926276822115,0.0,254.00000000000006
15.99999999999996,0.1,1.0,-1.0,0.4,-0.4,254.00000000000006,0.0,0.138,1.5349638148041322,0.0,255.00000000000006
16.09999999999996,0.1,1.0,-1.0,0.4,-0.4,255.00000000000006,0.0,0.138,1.550218702225388,0.0,254.00000000000006
16.19999999999996,0.1,1.0,-1.0,0.4,-0.4,254.00000000000006,0.0,0.138,1.5658618836943263,0.0,254.00000000000006
16.29999999999996,0.1,1.0,-1.0,0.4,-0.4,254.00000000000006,0.0,0.138,1.581816771125973,0.0,254.00000000000006
16.399999999999963,0.1,1.0,-1.0,0.4,-0.4,254.00000000000006,0.0,0.138,1.5980218828599648,0.0,254.00000000000006
16.499999999999964,0.1,1.0,-1.0,0.4,-0.4,254.00000000000006,0.0,0.138,1.6144278640317489,0.0,254.00000000000006
16.599999999999966,0.1,1.0,-1.0,0.4,-0.4,254.00000000000006,0.0,0.138,1.6309950946531666,0.0,254.00000000000006
16.699999999999967,0.1,1.0,-1.0,0.4,-0.4,254.00000000000006,0.0,0.138,1.6476917694811948,0.0,255.00000000000006
16.79999999999997,0.1,1.0,-1.0,0.4,-0.4,254.00000000000006,0.0,0.138,1.6644923566181549,0.0,255.00000000000006
16.89999999999997,0.1,1.0,-1.0,0.4,-0.4,254.00000000000006,0.0,0.138,1.6813763601414469,0.0,255.00000000000006
16.99999999999997,0.1,1.0,-1.0,0.4,-0.4,255.00000000000006,0.0,0.138,1.6983273267952887,0.0,254.00000000000006
17.099999999999973,0.1,1.0,-1.0,0.4,-0.4,254.00000000000006,0.0,0.138,1.7153320486050472,0.0,254.00000000000006
17.199999999999974,0.1,1.0,-1.0,0.4,-0.4,254.00000000000006,0.0,0.138,1.7323799227698962,0.0,254.00000000000006
17.299999999999976,0.1,1.0,-1.0,0.4,-0.4,254.00000000000006,0.0,0.138,1.7494624378118495,0.0,254.00000000000006
17.399999999999977,0.1,1.0,-1.0,0.4,-0.4,254.00000000000006,0.0,0.138,1.7665727610780393,0.0,255.00000000000006
17.49999999999998,0.1,1.0,-1.0,0.4,-0.4,255.00000000000006,0.0,0.138,1.7837054076050627,0.0,254.00000000000006
17.59999999999998,0.1,1.0,-1.0,0.4,-0.4,255.00000000000006,0.0,0.138,1.8008559742973573,0.0,255.00000000000006
17.69999999999998,0.1,1.0,-1.0,0.4,-0.4,254.00000000000006,0.0,0.138,1.8180209265368967,0.0,254.00000000000006
17.799999999999983,0.1,1.0,-1.0,0.4,-0.4,254.00000000000006,0.0,0.138,1.835197426882518,0.0,254.00000000000006
17.899999999999984,0.1,1.0,-1.0,0.4,-0.4,254.00000000000006,0.0,0.138,1.852383197557017,0.0,254.00000000000006
17.999999999999986,0.1,1.0,-1.0,0.4,-0.4,255.00000000000006,0.0,0.138,1.8695764100576409,0.0,254.00000000000006
18.099999999999987,0.1,1.0,-1.0,0.4,-0.4,254.00000000000006,0.0,0.138,1.8867755965400694,0.0,254.00000000000006
18.19999999999999,0.1,1.0,-1.0,0.4,-0.4,254.00000000000006,0.0,0.138,1.9039795786812534,0.0,255.00000000000006
18.29999999999999,0.1,1.0,-1.0,0.4,-0.4,255.00000000000006,0.0,0.138,1.9211874105735185,0.0,255.00000000000006
18.39999999999999,0.1,1.0,-1.0,0.4,-0.4,255.00000000000006,0.0,0.138,1.9383983328823726,0.0,254.00000000000006
18.499999999999993,0.1,1.0,-1.0,0.4,-0.4,254.00000000000006,0.0,0.138,1.9556117360463512,0.0,254.00000000000006
18.599999999999994,0.1,1.0,-1.0,0.4,-0.4,254.00000000000006,0.0,0.138,1.972827130735415,0.0,255.00000000000006
18.699999999999996,0.1,1.0,-1.0,0.4,-0.4,254.00000000000006,0.0,0.138,1.9900441241361944,0.0,254.00000000000006
18.799999999999997,0.1,1.0,-1.0,0.4,-0.4,254.00000000000006,0.0,0.138,2.0072624009148052,0.0,255.00000000000006
18.9,0.1,1.0,-1.0,0.4,-0.4,254.00000000000006,0.0,0.138,2.0243095104681097,0.0,254.00000000000006
19.0,0.1,1.0,-1.0,0.4,-0.4,254.00000000000006,0.0,0.138,2.0415296371185714,0.0,254.00000000000006
19.1,0.1,1.0,-1.0,0.4,-0.4,254.00000000000006,0.0,0.138,2.0587504291368965,0.0,254.00000000000006
19.200000000000003,0.1,1.0,-1.0,0.4,-0.4,254.00000000000006,0.0,0.138,2.075971755284271,0.0,255.00000000000006
19.300000000000004,0.1,1.0,-1.0,0.4,-0.4,254.00000000000006,0.0,0.138,2.093193510207751,0.0,254.00000000000006
19.400000000000006,0.1,1.0,-1.0,0.4,-0.4,254.00000000000006,0.0,0.138,2.1104156093344697,0.0,254.00000000000006
19.500000000000007,0.1,1.0,-1.0,0.4,-0.4,254.00000000000006,0.0,0.138,2.127637984772926,0.0,254.00000000000006
19.60000000000001,0.1,1.0,-1.0,0.4,-0.4,254.00000000000006,0.0,0.138,2.1448605820226985,0.0,254.00000000000006
19.70000000000001,0.1,1.0,-1.0,0.4,-0.4,254.00000000000006,0.0,0.138,2.162083357333177,0.0,254.00000000000006
19.80000000000001,0.1,1.0,-1.0,0.4,-0.4,255.00000000000006,0.0,0.138,2.1793062755832184,0.0,254.00000000000006
19.900000000000013,0.1,1.0,-1.0,0.4,-0.4,254.00000000000006,0.0,0.138,2.1965293085790725,0.0,254.00000000000006
20.000000000000014,0.1,1.0,-1.0,0.4,-0.4,254.00000000000006,0.0,0.138,2.213752433687988,0.0,254.00000000000006
20.100000000000016,0.1,1.0,-1.0,0.4,-0.4,254.00000000000006,0.0,0.138,2.230975632741352,0.0,255.00000000000006
20.200000000000017,0.1,1.0,-1.0,0.4,-0.4,254.00000000000006,0.0,0.138,2.24819889115418,0.0,254.00000000000006
20.30000000000002,0.1,1.0,-1.0,0.4,-0.4,254.00000000000006,0.0,0.138,2.265422197218266,0.0,254.00000000000006
20.40000000000002,0.1,0.4,-0.4,0.4,-0.4,254.00000000000006,0.0,0.138,2.282645541534754,0.0,254.00000000000006
20.50000000000002,0.1,0.4,-0.4,0.4,-0.4,254.00000000000006,0.0,0.138,2.297049783162098,0.0,254.00000000000006
20.600000000000023,0.1,0.4,-0.4,0.4,-0.4,255.00000000000006,0.0,0.138,2.3098443984695427,0.0,254.00000000000006
20.700000000000024,0.1,0.4,-0.4,0.4,-0.4,255.00000000000006,0.0,0.138,2.321474254403342,0.0,254.00000000000006
20.800000000000026,0.1,0.4,-0.4,0.4,-0.4,254.00000000000006,0.0,0.138,2.3321690910030806,0.0,254.00000000000006
20.900000000000027,0.1,0.4,-0.4,0.4,-0.4,254.00000000000006,0.0,0.138,2.342113333810793,0.0,255.00000000000006
21.00000000000003,0.1,0.4,-0.4,0.4,-0.4,254.00000000000006,0.0,0.138,2.351455031815304,0.0,254.00000000000006
21.10000000000003,0.1,0.4,-0.4,0.4,-0.4,254.00000000000006,0.0,0.138,2.360313032454177,0.0,254.00000000000006
21.20000000000003,0.1,0.4,-0.4,0.4,-0.4,255.00000000000006,0.0,0.138,2.368782741400416,0.0,254.00000000000006
21.300000000000033,0.1,0.4,-0.4,0.4,-0.4,254.00000000000006,0.0,0.138,2.3769407462744834,0.0,254.00000000000006
21.400000000000034,0.1,0.4,-0.4,0.4,-0.4,254.00000000000006,0.0,0.138,2.384848528363843,0.0,254.00000000000006
21.500000000000036,0.1,0.4,-0.4,0.4,-0.4,254.00000000000006,0.0,0.138,2.3925554422337107,0.0,254.00000000000006
21.600000000000037,0.1,0.4,-0.4,0.4,-0.4,254.00000000000006,0.0,0.138,2.400101107631942,0.0,254.00000000000006
21.70000000000004,0.1,0.4,-0.4,0.4,-0.4,255.00000000000006,0.0,0.138,2.407517329608653,0.0,254.00000000000006
21.80000000000004,0.1,0.4,-0.4,0.4,-0.4,255.00000000000006,0.0,0.138,2.4148296399066775,0.0,255.00000000000006
21.90000000000004,0.1,0.4,-0.4,0.4,-0.4,254.00000000000006,0.0,0.138,2.422058534324299,0.0,255.00000000000006
22.000000000000043,0.1,0.4,-0.4,0.4,-0.4,254.00000000000006,0.0,0.138,2.4292204660175076,0.0,255.00000000000006
22.100000000000044,0.1,0.4,-0.4,0.4,-0.4,254.00000000000006,0.0,0.138,2.4363286428808313,0.0,255.00000000000006
22.200000000000045,0.1,0.4,-0.4,0.4,-0.4,254.00000000000006,0.0,0.138,2.443393667650791,0.0,255.00000000000006
22.300000000000047,0.1,0.4,-0.4,0.4,-0.4,255.00000000000006,0.0,0.138,2.450424051753748,0.0,254.00000000000006
22.40000000000005,0.1,0.4,-0.4,0.4,-0.4,254.00000000000006,0.0,0.138,2.4574266278011274,0.0,254.00000000000006
22.50000000000005,0.1,0.4,-0.4,0.4,-0.4,254.00000000000006,0.0,0.138,2.464406880723069,0.0,255.00000000000006
22.60000000000005,0.1,0.4,-0.4,0.4,-0.4,255.00000000000006,0.0,0.138,2.4713692135884235,0.0,255.00000000000006
22.700000000000053,0.1,0.4,-0.4,0.4,-0.4,254.00000000000006,0.0,0.138,2.478317160993784,0.0,255.00000000000006
22.800000000000054,0.1,0.4,-0.4,0.4,-0.4,254.00000000000006,0.0,0.138,2.4852535603631023,0.0,254.00000000000006
22.900000000000055,0.1,0.4,-0.4,0.4,-0.4,255.00000000000006,0.0,0.138,2.4921806894597696,0.0,254.00000000000006
23.000000000000057,0.1,0.4,-0.4,0.4,-0.4,254.00000000000006,0.0,0.138,2.4991003767754503,0.0,254.00000000000006
23.10000000000006,0.1,0.4,-0.4,0.4,-0.4,254.00000000000006,0.0,0.138,2.5060140901455594,0.0,255.00000000000006
23.20000000000006,0.1,0.4,-0.4,0.4,-0.4,254.00000000000006,0.0,0.138,2.5129230078859974,0.0,255.00000000000006
23.30000000000006,0.1,0.4,-0.4,0.4,-0.4,254.00000000000006,0.0,0.138,2.519828075898703,0.0,254.00000000000006
23.400000000000063,0.1,0.4,-0.4,0.4,-0.4,254.00000000000006,0.0,0.138,2.5267300535135635,0.0,254.00000000000006
23.500000000000064,0.1,0.4,-0.4,0.4,-0.4,254.00000000000006,0.0,0.138,2.5336295502883455,0.0,254.00000000000006
23.600000000000065,0.1,0.4,-0.4,0.4,-0.4,255.00000000000006,0.0,0.138,2.5405270555501267,0.0,254.00000000000006
23.700000000000067,0.1,0.4,-0.4,0.4,-0.4,254.00000000000006,0.0,0.138,2.547422962109889,0.0,255.00000000000006
23.800000000000068,0.1,0.4,-0.4,0.4,-0.4,255.00000000000006,0.0,0.138,2.5543175852996,0.0,254.00000000000006
23.90000000000007,0.1,0.4,-0.4,0.4,-0.4,255.00000000000006,0.0,0.138,2.5612111782543603,0.0,254.00000000000006
24.00000000000007,0.1,0.4,-0.4,0.4,-0.4,254.00000000000006,0.0,0.138,2.5681039441802826,0.0,255.00000000000006
24.100000000000072,0.1,0.4,-0.4,0.4,-0.4,254.00000000000006,0.0,0.138,2.574996046202594,0.0,254.00000000000006
24.200000000000074,0.1,0.4,-0.4,0.4,-0.4,254.00000000000006,0.0,0.138,2.581887615271296,0.0,254.00000000000006
24.300000000000075,0.1,0.4,-0.4,0.4,-0.4,254.00000000000006,0.0,0.138,2.5887787565074842,0.0,255.00000000000006
24.400000000000077,0.1,0.4,-0.4,0.4,-0.4,254.00000000000006,0.0,0.138,2.595669554297912,0.0,254.00000000000006
24.500000000000078,0.1,0.4,-0.4,0.4,-0.4,254.00000000000006,0.0,0.138,2.602560076384673,0.0,254.00000000000006
24.60000000000008,0.1,0.4,-0.4,0.4,-0.4,254.00000000000006,0.0,0.138,2.6094503771482462,0.0,254.00000000000006
24.70000000000008,0.1,0.4,-0.4,0.4,-0.4,254.00000000000006,0.0,0.138,2.6163405002429707,0.0,254.00000000000006
24.800000000000082,0.1,0.4,-0.4,0.4,-0.4,254.00000000000006,0.0,0.138,2.623230480712689,0.0,255.00000000000006
24.900000000000084,0.1,0.4,-0.4,0.4,-0.4,255.00000000000006,0.0,0.138,2.6301203466891163,0.0,254.00000000000006
25.000000000000085,0.1,0.4,-0.4,0.4,-0.4,254.00000000000006,0.0,0.138,2.6370101207551913,0.0,254.00000000000006
25.100000000000087,0.1,0.4,-0.4,0.4,-0.4,254.00000000000006,0.0,0.138,2.643899821039542,0.0,254.00000000000006
25.200000000000088,0.1,0.4,-0.4,0.4,-0.4,254.00000000000006,0.0,0.138,2.6507894620950587,0.0,255.00000000000006
25.30000000000009,0.1,0.4,-0.4,0.4,-0.4,255.00000000000006,0.0,0.138,2.6576790556041856,0.0,254.00000000000006
25.40000000000009,0.1,0.4,-0.4,0.4,-0.4,255.00000000000006,0.0,0.138,2.66456861094509,0.0,255.00000000000006
25.500000000000092,0.1,0.4,-0.4,0.4,-0.4,254.00000000000006,0.0,0.138,2.671458135646169,0.0,254.00000000000006
25.600000000000094,0.1,1.0,-1.0,0.4,-0.4,254.00000000000006,0.0,0.138,2.6783476357508955,0.0,254.00000000000006
25.700000000000095,0.1,1.0,-1.0,0.4,-0.4,254.00000000000006,0.0,0.138,2.6880562495072633,0.0,255.00000000000006
25.800000000000097,0.1,1.0,-1.0,0.4,-0.4,254.00000000000006,0.0,0.138,2.6993744983837593,0.0,254.00000000000006
25.900000000000098,0.1,1.0,-1.0,0.4,-0.4,254.00000000000006,0.0,0.138,2.7118575136983467,0.0,254.00000000000006
26.0000000000001,0.1,1.0,-1.0,0.4,-0.4,255.00000000000006,0.0,0.138,2.7252755540180345,0.0,254.00000000000006
26.1000000000001,0.1,1.0,-1.0,0.4,-0.4,254.00000000000006,0.0,0.138,2.7394441926822197,0.0,255.00000000000006
26.200000000000102,0.1,1.0,-1.0,0.4,-0.4,254.00000000000006,0.0,0.138,2.754215379804136,0.0,254.00000000000006
26.300000000000104,0.1,1.0,-1.0,0.4,-0.4,254.00000000000006,0.0,0.138,2.7694702672253886,0.0,254.00000000000006
26.400000000000105,0.1,1.0,-1.0,0.4,-0.4,254.00000000000006,0.0,0.138,2.785113448694325,0.0,255.00000000000006
26.500000000000107,0.1,1.0,-1.0,0.4,-0.4,254.00000000000006,0.0,0.138,2.8010683361259714,0.0,255.00000000000006
26.600000000000108,0.1,1.0,-1.0,0.4,-0.4,254.00000000000006,0.0,0.138,2.8172734478599635,0.0,254.00000000000006
26.70000000000011,0.1,1.0,-1.0,0.4,-0.4,254.00000000000006,0.0,0.138,2.833679429031747,0.0,254.00000000000006
26.80000000000011,0.1,1.0,-1.0,0.4,-0.4,254.00000000000006,0.0,0.138,2.850246659653165,0.0,254.00000000000006
26.900000000000112,0.1,1.0,-1.0,0.4,-0.4,254.00000000000006,0.0,0.138,2.8669433344811948,0.0,255.00000000000006
27.000000000000114,0.1,1.0,-1.0,0.4,-0.4,254.00000000000006,0.0,0.138,2.8837439216181537,0.0,254.00000000000006
27.100000000000115,0.1,1.0,-1.0,0.4,-0.4,254.00000000000006,0.0,0.138,2.900627925141444,0.0,254.00000000000006
27.200000000000117,0.1,1.0,-1.0,0.4,-0.4,254.00000000000006,0.0,0.138,2.917578891795287,0.0,255.00000000000006
27.300000000000118,0.1,1.0,-1.0,0.4,-0.4,254.00000000000006,0.0,0.138,2.9345836136050467,0.0,254.00000000000006
27.40000000000012,0.1,1.0,-1.0,0.4,-0.4,254.00000000000006,0.0,0.138,2.9516314877698946,0.0,254.00000000000006
27.50000000000012,0.1,1.0,-1.0,0.4,-0.4,254.00000000000006,0.0,0.138,2.9687140028118493,0.0,255.00000000000006
27.600000000000122,0.1,1.0,-1.0,0.4,-0.4,254.00000000000006,0.0,0.138,2.985824326078039,0.0,254.00000000000006
27.700000000000124,0.1,1.0,-1.0,0.4,-0.4,254.00000000000006,0.0,0.138,3.002956972605062,0.0,254.00000000000006
27.800000000000125,0.1,1.0,-1.0,0.4,-0.4,255.00000000000006,0.0,0.138,3.020107539297359,0.0,254.00000000000006
27.900000000000126,0.1,1.0,-1.0,0.4,-0.4,254.00000000000006,0.0,0.138,3.0372724915369007,0.0,254.00000000000006
28.000000000000128,0.1,1.0,-1.0,0.4,-0.4,254.00000000000006,0.0,0.138,3.0544489918825226,0.0,255.00000000000006
28.10000000000013,0.1,1.0,-1.0,0.4,-0.4,254.00000000000006,0.0,0.138,3.0716347625570233,0.0,254.00000000000006
28.20000000000013,0.1,1.0,-1.0,0.4,-0.4,255.00000000000006,0.0,0.138,3.088827975057644,0.0,254.00000000000006
28.300000000000132,0.1,1.0,-1.0,0.4,-0.4,255.00000000000006,0.0,0.138,3.106027161540073,0.0,254.00000000000006
28.400000000000134,0.1,1.0,-1.0,0.4,-0.4,254.00000000000006,0.0,0.138,3.123231143681257,0.0,254.00000000000006
28.500000000000135,0.1,1.0,-1.0,0.4,-0.4,254.00000000000006,0.0,0.138,3.1404389755735225,0.0,254.00000000000006
28.600000000000136,0.1,1.0,-1.0,0.4,-0.4,255.00000000000006,0.0,0.138,3.1576498978823766,0.0,254.00000000000006
28.700000000000138,0.1,1.0,-1.0,0.4,-0.4,255.00000000000006,0.0,0.138,3.174863301046355,0.0,254.00000000000006
28.80000000000014,0.1,1.0,-1.0,0.4,-0.4,254.00000000000006,0.0,0.138,3.192078695735419,0.0,254.00000000000006
28.90000000000014,0.1,1.0,-1.0,0.4,-0.4,254.00000000000006,0.0,0.138,3.2092956891361983,0.0,254.00000000000006
29.000000000000142,0.1,1.0,-1.0,0.4,-0.4,255.00000000000006,0.0,0.138,3.226513965914809,0.0,254.00000000000006
29.100000000000144,0.1,1.0,-1.0,0.4,-0.4,254.00000000000006,0.0,0.138,3.2437332729346147,0.0,254.00000000000006
29.200000000000145,0.1,1.0,-1.0,0.4,-0.4,254.00000000000006,0.0,0.138,3.260953406988277,0.0,254.00000000000006
29.300000000000146,0.1,1.0,-1.0,0.4,-0.4,254.00000000000006,0.0,0.138,3.2781742049495772,0.0,255.00000000000006
29.400000000000148,0.1,1.0,-1.0,0.4,-0.4,255.00000000000006,0.0,0.138,3.2953955358677196,0.0,255.00000000000006
29.50000000000015,0.1,1.0,-1.0,0.4,-0.4,255.00000000000006,0.0,0.138,3.3126172946209693,0.0,254.00000000000006
29.60000000000015,0.1,1.0,-1.0,0.4,-0.4,254.00000000000006,0.0,0.138,3.3298393968220643,0.0,255.00000000000006
29.700000000000152,0.1,1.0,-1.0,0.4,-0.4,254.00000000000006,0.0,0.138,3.347061774728499,0.0,254.00000000000006
29.800000000000153,0.1,1.0,-1.0,0.4,-0.4,254.00000000000006,0.0,0.138,3.3642843739594603,0.0,255.00000000000006
29.900000000000155,0.1,1.0,-1.0,0.4,-0.4,255.00000000000006,0.0,0.138,3.3815071508603527,0.0,254.00000000000006
30.000000000000156,0.1,1.0,-1.0,0.4,-0.4,254.00000000000006,0.0,0.138,3.3987300703871113,0.0,254.00000000000006
30.100000000000158,0.1,1.0,-1.0,0.4,-0.4,254.00000000000006,0.0,0.138,3.4159531044078593,0.0,255.00000000000006
30.20000000000016,0.1,1.0,-1.0,0.4,-0.4,254.00000000000006,0.0,0.138,3.433176230339516,0.0,255.00000000000006
30.30000000000016,0.1,1.0,-1.0,0.4,-0.4,255.00000000000006,0.0,0.138,3.450399430053342,0.0,254.00000000000006
30.400000000000162,0.1,1.0,-1.0,0.4,-0.4,254.00000000000006,0.0,0.138,3.4676226889963604,0.0,254.00000000000006
30.500000000000163,0.1,1.0,-1.0,0.4,-0.4,255.00000000000006,0.0,0.138,3.484845995486061,0.0,254.00000000000006
30.600000000000165,0.1,0.4,-0.4,0.4,-0.4,255.00000000000006,0.0,0.138,3.5020693401442142,0.0,254.00000000000006
30.700000000000166,0.1,0.4,-0.4,0.4,-0.4,254.00000000000006,0.0,0.138,3.5164735820458377,0.0,255.00000000000006
30.800000000000168,0.1,0.4,-0.4,0.4,-0.4,255.00000000000006,0.0,0.138,3.5292681975734603,0.0,254.00000000000006
30.90000000000017,0.1,0.4,-0.4,0.4,-0.4,254.00000000000006,0.0,0.138,3.540898053684007,0.0,255.00000000000006
31.00000000000017,0.1,0.4,-0.4,0.4,-0.4,254.00000000000006,0.0,0.138,3.551592890425634,0.0,254.00000000000006
31.100000000000172,0.1,0.4,-0.4,0.4,-0.4,254.00000000000006,0.0,0.138,3.561537133347244,0.0,254.00000000000006
31.200000000000173,0.1,0.4,-0.4,0.4,-0.4,254.00000000000006,0.0,0.138,3.5708788314431876,0.0,255.00000000000006
31.300000000000175,0.1,0.4,-0.4,0.4,-0.4,254.00000000000006,0.0,0.138,3.5797368321554597,0.0,254.00000000000006
31.400000000000176,0.1,0.4,-0.4,0.4,-0.4,254.00000000000006,0.0,0.138,3.588206541160621,0.0,254.00000000000006
31.500000000000178,0.1,0.4,-0.4,0.4,-0.4,255.00000000000006,0.0,0.138,3.5963645460819897,0.0,254.00000000000006
31.60000000000018,0.1,0.4,-0.4,0.4,-0.4,255.00000000000006,0.0,0.138,3.60427232820932,0.0,254.00000000000006
31.70000000000018,0.1,0.4,-0.4,0.4,-0.4,254.00000000000006,0.0,0.138,3.6119792421096677,0.0,254.00000000000006
31.800000000000182,0.1,0.4,-0.4,0.4,-0.4,254.00000000000006,0.0,0.138,3.6195249075323668,0.0,254.00000000000006
31.900000000000183,0.1,0.4,-0.4,0.4,-0.4,255.00000000000006,0.0,0.138,3.626941129528724,0.0,254.00000000000006
32.000000000000185,0.1,0.4,-0.4,0.4,-0.4,255.00000000000006,0.0,0.138,3.6342534398425164,0.0,254.00000000000006
32.100000000000186,0.1,0.4,-0.4,0.4,-0.4,254.00000000000006,0.0,0.138,3.641482334272795,0.0,255.00000000000006
32.20000000000019,0.1,0.4,-0.4,0.4,-0.4,254.00000000000006,0.0,0.138,3.6486442659761633,0.0,255.00000000000006
32.30000000000019,0.1,0.4,-0.4,0.4,-0.4,254.00000000000006,0.0,0.138,3.6557524428476444,0.0,254.00000000000006
32.40000000000019,0.1,0.4,-0.4,0.4,-0.4,254.00000000000006,0.0,0.138,3.662817467624152,0.0,254.00000000000006
32.50000000000019,0.1,0.4,-0.4,0.4,-0.4,254.00000000000006,0.0,0.138,3.6698478517323623,0.0,254.00000000000006
32.60000000000019,0.1,0.4,-0.4,0.4,-0.4,254.00000000000006,0.0,0.138,3.676850427783962,0.0,255.00000000000006
32.700000000000195,0.1,0.4,-0.4,0.4,-0.4,255.00000000000006,0.0,0.138,3.683830680709291,0.0,254.00000000000006
32.800000000000196,0.1,0.4,-0.4,0.4,-0.4,254.00000000000006,0.0,0.138,3.6907930135773657,0.0,254.00000000000006
32.9000000000002,0.1,0.4,-0.4,0.4,-0.4,254.00000000000006,0.0,0.138,3.6977409609849086,0.0,255.00000000000006
33.0000000000002,0.1,0.4,-0.4,0.4,-0.4,255.00000000000006,0.0,0.138,3.7046773603559835,0.0,254.00000000000006
33.1000000000002,0.1,0.4,-0.4,0.4,-0.4,255.00000000000006,0.0,0.138,3.7116044894540607,0.0,254.00000000000006
33.2000000000002,0.1,0.4,-0.4,0.4,-0.4,255.00000000000006,0.0,0.138,3.7185241767708694,0.0,254.00000000000006
33.3000000000002,0.1,0.4,-0.4,0.4,-0.4,254.00000000000006,0.0,0.138,3.725437890141883,0.0,254.00000000000006
33.400000000000205,0.1,0.4,-0.4,0.4,-0.4,254.00000000000006,0.0,0.138,3.7323468078830477,0.0,255.00000000000006
33.500000000000206,0.1,0.4,-0.4,0.4,-0.4,255.00000000000006,0.0,0.138,3.7392518758963367,0.0,254.00000000000006
33.60000000000021,0.1,0.4,-0.4,0.4,-0.4,254.00000000000006,0.0,0.138,3.746153853511665,0.0,255.00000000000006
33.70000000000021,0.1,0.4,-0.4,0.4,-0.4,254.00000000000006,0.0,0.138,3.7530533502868226,0.0,254.00000000000006
33.80000000000021,0.1,0.4,-0.4,0.4,-0.4,254.00000000000006,0.0,0.138,3.7599508555489045,0.0,254.00000000000006
33.90000000000021,0.1,0.4,-0.4,0.4,-0.4,254.00000000000006,0.0,0.138,3.7668467621089072,0.0,254.00000000000006
34.00000000000021,0.1,0.4,-0.4,0.4,-0.4,254.00000000000006,0.0,0.138,3.7737413852988126,0.0,254.00000000000006
34.100000000000215,0.1,0.4,-0.4,0.4,-0.4,254.00000000000006,0.0,0.138,3.7806349782537305,0.0,255.00000000000006
34.200000000000216,0.1,0.4,-0.4,0.4,-0.4,255.00000000000006,0.0,0.138,3.787527744179775,0.0,254.00000000000006
34.30000000000022,0.1,0.4,-0.4,0.4,-0.4,254.00000000000006,0.0,0.138,3.794419846202188,0.0,254.00000000000006
34.40000000000022,0.1,0.4,-0.4,0.4,-0.4,254.00000000000006,0.0,0.138,3.801311415270969,0.0,254.00000000000006
34.50000000000022,0.1,0.4,-0.4,0.4,-0.4,254.00000000000006,0.0,0.138,3.8082025565072226,0.0,254.00000000000006
34.60000000000022,0.1,0.4,-0.4,0.4,-0.4,254.00000000000006,0.0,0.138,3.815093354297702,0.0,254.00000000000006
34.70000000000022,0.1,0.4,-0.4,0.4,-0.4,255.00000000000006,0.0,0.138,3.8219838763845053,0.0,254.00000000000006
34.800000000000225,0.1,0.4,-0.4,0.4,-0.4,254.00000000000006,0.0,0.138,3.828874177148114,0.0,254.00000000000006
34.900000000000226,0.1,0.4,-0.4,0.4,-0.4,254.00000000000006,0.0,0.138,3.835764300242865,0.0,254.00000000000006
35.00000000000023,0.1,0.4,-0.4,0.4,-0.4,255.00000000000006,0.0,0.138,3.8426542807126074,0.0,255.00000000000006
35.10000000000023,0.1,0.4,-0.4,0.4,-0.4,254.00000000000006,0.0,0.138,3.8495441466890497,0.0,254.00000000000006
35.20000000000023,0.1,0.4,-0.4,0.4,-0.4,254.00000000000006,0.0,0.138,3.8564339207551384,0.0,254.00000000000006
35.30000000000023,0.1,0.4,-0.4,0.4,-0.4,255.00000000000006,0.0,0.138,3.8633236210395023,0.0,254.00000000000006
35.40000000000023,0.1,0.4,-0.4,0.4,-0.4,254.00000000000006,0.0,0.138,3.87021326209503,0.0,254.00000000000006
35.500000000000234,0.1,0.4,-0.4,0.4,-0.4,254.00000000000006,0.0,0.138,3.8771028556041656,0.0,255.00000000000006
35.600000000000236,0.1,0.4,-0.4,0.4,-0.4,254.00000000000006,0.0,0.138,3.8839924109450745,0.0,254.00000000000006
35.70000000000024,0.1,0.4,-0.4,0.4,-0.4,254.00000000000006,0.0,0.138,3.890881935646157,0.0,255.00000000000006
35.80000000000024,0.1,1.0,-1.0,0.4,-0.4,254.00000000000006,0.0,0.138,3.8977714357508857,0.0,254.00000000000006
35.90000000000024,0.1,1.0,-1.0,0.4,-0.4,254.00000000000006,0.0,0.138,3.9074800495072575,0.0,254.00000000000006
36.00000000000024,0.1,1.0,-1.0,0.4,-0.4,254.00000000000006,0.0,0.138,3.9187982983837553,0.0,254.00000000000006
36.10000000000024,0.1,1.0,-1.0,0.4,-0.4,254.00000000000006,0.0,0.138,3.9312813136983484,0.0,254.00000000000006
36.200000000000244,0.1,1.0,-1.0,0.4,-0.4,254.00000000000006,0.0,0.138,3.944699354018037,0.0,254.00000000000006
36.300000000000246,0.1,1.0,-1.0,0.4,-0.4,254.00000000000006,0.0,0.138,3.958867992682226,0.0,254.00000000000006
36.40000000000025,0.1,1.0,-1.0,0.4,-0.4,254.00000000000006,0.0,0.138,3.973639179804147,0.0,254.00000000000006
36.50000000000025,0.1,1.0,-1.0,0.4,-0.4,254.00000000000006,0.0,0.138,3.988894067225404,0.0,254.00000000000006
36.60000000000025,0.1,1.0,-1.0,0.4,-0.4,255.00000000000006,0.0,0.138,4.0045372486943425,0.0,254.00000000000006
36.70000000000025,0.1,1.0,-1.0,0.4,-0.4,254.00000000000006,0.0,0.138,4.020492136125984,0.0,255.00000000000006
36.80000000000025,0.1,1.0,-1.0,0.4,-0.4,255.00000000000006,0.0,0.138,4.03669724785998,0.0,254.00000000000006
36.900000000000254,0.1,1.0,-1.0,0.4,-0.4,254.00000000000006,0.0,0.138,4.053103229031762,0.0,254.00000000000006
37.000000000000256,0.1,1.0,-1.0,0.4,-0.4,254.00000000000006,0.0,0.138,4.069670459653178,0.0,254.00000000000006
37.10000000000026,0.1,1.0,-1.0,0.4,-0.4,254.00000000000006,0.0,0.138,4.086367134481202,0.0,255.00000000000006
37.20000000000026,0.1,1.0,-1.0,0.4,-0.4,254.00000000000006,0.0,0.138,4.103167721618162,0.0,254.00000000000006
37.30000000000026,0.1,1.0,-1.0,0.4,-0.4,254.00000000000006,0.0,0.138,4.120051725141457,0.0,254.00000000000006
37.40000000000026,0.1,1.0,-1.0,0.4,-0.4,254.00000000000006,0.0,0.138,4.1370026917952964,0.0,255.00000000000006
37.50000000000026,0.1,1.0,-1.0,0.4,-0.4,254.00000000000006,0.0,0.138,4.154007413605054,0.0,254.00000000000006
37.600000000000264,0.1,1.0,-1.0,0.4,-0.4,254.00000000000006,0.0,0.138,4.171055287769905,0.0,254.00000000000006
37.700000000000266,0.1,1.0,-1.0,0.4,-0.4,254.00000000000006,0.0,0.138,4.1881378028118625,0.0,255.00000000000006
37.80000000000027,0.1,1.0,-1.0,0.4,-0.4,255.00000000000006,0.0,0.138,4.20524812607805,0.0,255.00000000000006
37.90000000000027,0.1,1.0,-1.0,0.4,-0.4,254.00000000000006,0.0,0.138,4.222380772605071,0.0,254.00000000000006
38.00000000000027,0.1,1.0,-1.0,0.4,-0.4,254.00000000000006,0.0,0.138,4.239531339297364,0.0,255.00000000000006
38.10000000000027,0.1,1.0,-1.0,0.4,-0.4,255.00000000000006,0.0,0.138,4.256696291536906,0.0,255.00000000000006
38.20000000000027,0.1,1.0,-1.0,0.4,-0.4,254.00000000000006,0.0,0.138,4.273872791882524,0.0,254.00000000000006
38.300000000000274,0.1,1.0,-1.0,0.4,-0.4,254.00000000000006,0.0,0.138,4.29105856255702,0.0,254.00000000000006
38.400000000000276,0.1,1.0,-1.0,0.4,-0.4,254.00000000000006,0.0,0.138,4.308251775057642,0.0,254.00000000000006
38.50000000000028,0.1,1.0,-1.0,0.4,-0.4,254.00000000000006,0.0,0.138,4.3254509615400725,0.0,254.00000000000006
38.60000000000028,0.1,1.0,-1.0,0.4,-0.4,254.00000000000006,0.0,0.138,4.342654943681255,0.0,254.00000000000006
38.70000000000028,0.1,1.0,-1.0,0.4,-0.4,255.00000000000006,0.0,0.138,4.359862775573518,0.0,254.00000000000006
38.80000000000028,0.1,1.0,-1.0,0.4,-0.4,255.00000000000006,0.0,0.138,4.377245820540151,0.0,255.00000000000006
38.90000000000028,0.1,1.0,-1.0,0.4,-0.4,254.00000000000006,0.0,0.138,4.394459245862787,0.0,254.00000000000006
39.000000000000284,0.1,1.0,-1.0,0.4,-0.4,255.00000000000006,0.0,0.138,4.411674658339883,0.0,255.00000000000006
39.100000000000286,0.1,1.0,-1.0,0.4,-0.4,254.00000000000006,0.0,0.138,4.428891666020128,0.0,255.00000000000006
39.20000000000029,0.1,1.0,-1.0,0.4,-0.4,254.00000000000006,0.0,0.138,4.4461099542617,0.0,254.00000000000006
39.30000000000029,0.1,1.0,-1.0,0.4,-0.4,254.00000000000006,0.0,0.138,4.46332927048348,0.0,254.00000000000006
39.40000000000029,0.1,1.0,-1.0,0.4,-0.4,254.00000000000006,0.0,0.138,4.480549411924092,0.0,254.00000000000006
39.50000000000029,0.1,1.0,-1.0,0.4,-0.4,255.00000000000006,0.0,0.138,4.497770215815325,0.0,254.00000000000006
39.60000000000029,0.1,1.0,-1.0,0.4,-0.4,254.00000000000006,0.0,0.138,4.514991551493769,0.0,254.00000000000006
39.700000000000294,0.1,1.0,-1.0,0.4,-0.4,254.00000000000006,0.0,0.138,4.532213314068384,0.0,254.00000000000006
39.800000000000296,0.1,1.0,-1.0,0.4,-0.4,255.00000000000006,0.0,0.138,4.549435419337104,0.0,255.00000000000006
39.9000000000003,0.1,1.0,-1.0,0.4,-0.4,254.00000000000006,0.0,0.138,4.566657799706097,0.0,254.00000000000006
40.0000000000003,0.1,1.0,-1.0,0.4,-0.4,254.00000000000006,0.0,0.138,4.583880400913901,0.0,254.00000000000006
40.1000000000003,0.1,1.0,-1.0,0.4,-0.4,255.00000000000006,0.0,0.138,4.601103179401712,0.0,254.00000000000006
40.2000000000003,0.1,1.0,-1.0,0.4,-0.4,254.00000000000006,0.0,0.138,4.618326100202389,0.0,254.00000000000006
40.3000000000003,0.1,1.0,-1.0,0.4,-0.4,255.00000000000006,0.0,0.138,4.635549135245782,0.0,254.00000000000006
40.400000000000304,0.1,1.0,-1.0,0.4,-0.4,254.00000000000006,0.0,0.138,4.65277226199837,0.0,255.00000000000006
40.500000000000306,0.1,1.0,-1.0,0.4,-0.4,255.00000000000006,0.0,0.138,4.66999546237121,0.0,254.00000000000006
40.60000000000031,0.1,1.0,-1.0,0.4,-0.4,255.00000000000006,0.0,0.138,4.687218721843257,0.0,255.00000000000006
40.70000000000031,0.1,1.0,-1.0,0.4,-0.4,255.00000000000006,0.0,0.138,4.704442028757639,0.0,255.00000000000006
40.80000000000031,0.1,0.4,-0.4,0.4,-0.4,254.00000000000006,0.0,0.138,4.7216653737567045,0.0,254.00000000000006
40.90000000000031,0.1,0.4,-0.4,0.4,-0.4,254.00000000000006,0.0,0.138,4.736069615931999,0.0,254.00000000000006
41.00000000000031,0.1,0.4,-0.4,0.4,-0.4,254.00000000000006,0.0,0.138,4.748864231679312,0.0,254.00000000000006
41.100000000000314,0.1,0.4,-0.4,0.4,-0.4,255.00000000000006,0.0,0.138,4.760494087966218,0.0,254.00000000000006
41.200000000000315,0.1,0.4,-0.4,0.4,-0.4,254.00000000000006,0.0,0.138,4.771188924849416,0.0,254.00000000000006
41.30000000000032,0.1,0.4,-0.4,0.4,-0.4,255.00000000000006,0.0,0.138,4.781133167884679,0.0,254.00000000000006
41.40000000000032,0.1,0.4,-0.4,0.4,-0.4,254.00000000000006,0.0,0.138,4.790474866071858,0.0,254.00000000000006
41.50000000000032,0.1,0.4,-0.4,0.4,-0.4,255.00000000000006,0.0,0.138,4.799332866857367,0.0,254.00000000000006
41.60000000000032,0.1,0.4,-0.4,0.4,-0.4,254.00000000000006,0.0,0.138,4.807802575921324,0.0,254.00000000000006
41.70000000000032,0.1,0.4,-0.4,0.4,-0.4,254.00000000000006,0.0,0.138,4.815960580889886,0.0,254.00000000000006
41.800000000000324,0.1,0.4,-0.4,0.4,-0.4,255.00000000000006,0.0,0.138,4.823868363055102,0.0,254.00000000000006
41.900000000000325,0.1,0.4,-0.4,0.4,-0.4,255.00000000000006,0.0,0.138,4.831575276985862,0.0,254.00000000000006
42.00000000000033,0.1,0.4,-0.4,0.4,-0.4,254.00000000000006,0.0,0.138,4.839120942432975,0.0,254.00000000000006
42.10000000000033,0.1,0.4,-0.4,0.4,-0.4,254.00000000000006,0.0,0.138,4.84653716444893,0.0,254.00000000000006
42.20000000000033,0.1,0.4,-0.4,0.4,-0.4,254.00000000000006,0.0,0.138,4.853849474778456,0.0,254.00000000000006
42.30000000000033,0.1,0.4,-0.4,0.4,-0.4,254.00000000000006,0.0,0.138,4.861078369221371,0.0,254.00000000000006
42.40000000000033,0.1,0.4,-0.4,0.4,-0.4,254.00000000000006,0.0,0.138,4.868240300934879,0.0,254.00000000000006
42.500000000000334,0.1,0.4,-0.4,0.4,-0.4,254.00000000000006,0.0,0.138,4.875348477814502,0.0,254.00000000000006
42.600000000000335,0.1,0.4,-0.4,0.4,-0.4,254.00000000000006,0.0,0.138,4.882413502597548,0.0,255.00000000000006
42.70000000000034,0.1,0.4,-0.4,0.4,-0.4,254.00000000000006,0.0,0.138,4.88944388671101,0.0,254.00000000000006
42.80000000000034,0.1,0.4,-0.4,0.4,-0.4,254.00000000000006,0.0,0.138,4.896446462766822,0.0,254.00000000000006
42.90000000000034,0.1,0.4,-0.4,0.4,-0.4,254.00000000000006,0.0,0.138,4.903426715695531,0.0,254.00000000000006
43.00000000000034,0.1,0.4,-0.4,0.4,-0.4,255.00000000000006,0.0,0.138,4.910389048566319,0.0,254.00000000000006
43.10000000000034,0.1,0.4,-0.4,0.4,-0.4,254.00000000000006,0.0,0.138,4.917336995976044,0.0,255.00000000000006
43.200000000000344,0.1,0.4,-0.4,0.4,-0.4,254.00000000000006,0.0,0.138,4.924273395348866,0.0,254.00000000000006
43.300000000000345,0.1,0.4,-0.4,0.4,-0.4,254.00000000000006,0.0,0.138,4.931200524448342,0.0,254.00000000000006
43.40000000000035,0.1,0.4,-0.4,0.4,-0.4,255.00000000000006,0.0,0.138,4.938120211766281,0.0,254.00000000000006
43.50000000000035,0.1,0.4,-0.4,0.4,-0.4,255.00000000000006,0.0,0.138,4.945033925138199,0.0,255.00000000000006
43.60000000000035,0.1,0.4,-0.4,0.4,-0.4,254.00000000000006,0.0,0.138,4.9519428428800865,0.0,254.00000000000006
43.70000000000035,0.1,0.4,-0.4,0.4,-0.4,254.00000000000006,0.0,0.138,4.958847910893961,0.0,255.00000000000006
43.80000000000035,0.1,0.4,-0.4,0.4,-0.4,254.00000000000006,0.0,0.138,4.965749888509759,0.0,254.00000000000006
43.900000000000354,0.1,0.4,-0.4,0.4,-0.4,254.00000000000006,0.0,0.138,4.972649385285293,0.0,254.00000000000006
44.000000000000355,0.1,0.4,-0.4,0.4,-0.4,254.00000000000006,0.0,0.138,4.9795468905476765,0.0,254.00000000000006
44.10000000000036,0.1,0.4,-0.4,0.4,-0.4,254.00000000000006,0.0,0.138,4.98644279710792,0.0,254.00000000000006
44.20000000000036,0.1,0.4,-0.4,0.4,-0.4,255.00000000000006,0.0,0.138,4.993337420298017,0.0,255.00000000000006
44.30000000000036,0.1,0.4,-0.4,0.4,-0.4,254.00000000000006,0.0,0.138,5.0002310132530905,0.0,254.00000000000006
44.40000000000036,0.1,0.4,-0.4,0.4,-0.4,254.00000000000006,0.0,0.138,5.007123779179265,0.0,254.00000000000006
44.50000000000036,0.1,0.4,-0.4,0.4,-0.4,254.00000000000006,0.0,0.138,5.014015881201781,0.0,254.00000000000006
44.600000000000364,0.1,0.4,-0.4,0.4,-0.4,255.00000000000006,0.0,0.138,5.02090745027064,0.0,254.00000000000006
44.700000000000365,0.1,0.4,-0.4,0.4,-0.4,254.00000000000006,0.0,0.138,5.0277985915069605,0.0,255.00000000000006
44.80000000000037,0.1,0.4,-0.4,0.4,-0.4,254.00000000000006,0.0,0.138,5.034689389297487,0.0,255.00000000000006
44.90000000000037,0.1,0.4,-0.4,0.4,-0.4,255.00000000000006,0.0,0.138,5.041579911384331,0.0,254.00000000000006
45.00000000000037,0.1,0.4,-0.4,0.4,-0.4,254.00000000000006,0.0,0.138,5.048470212147974,0.0,254.00000000000006
45.10000000000037,0.1,0.4,-0.4,0.4,-0.4,254.00000000000006,0.0,0.138,5.055360335242755,0.0,254.00000000000006
45.20000000000037,0.1,0.4,-0.4,0.4,-0.4,254.00000000000006,0.0,0.138,5.06225031571252,0.0,254.00000000000006
45.300000000000374,0.1,0.4,-0.4,0.4,-0.4,254.00000000000006,0.0,0.138,5.069140181688978,0.0,255.00000000000006
45.400000000000375,0.1,0.4,-0.4,0.4,-0.4,254.00000000000006,0.0,0.138,5.076029955755079,0.0,254.00000000000006
45.50000000000038,0.1,0.4,-0.4,0.4,-0.4,254.00000000000006,0.0,0.138,5.082919656039457,0.0,254.00000000000006
45.60000000000038,0.1,0.4,-0.4,0.4,-0.4,254.00000000000006,0.0,0.138,5.08980929709499,0.0,254.00000000000006
45.70000000000038,0.1,0.4,-0.4,0.4,-0.4,255.00000000000006,0.0,0.138,5.096698890604136,0.0,254.00000000000006
45.80000000000038,0.1,0.4,-0.4,0.4,-0.4,254.00000000000006,0.0,0.138,5.103588445945054,0.0,254.00000000000006
45.90000000000038,0.1,0.4,-0.4,0.4,-0.4,254.00000000000006,0.0,0.138,5.1104779706461425,0.0,254.00000000000006
46.000000000000384,0.1,1.0,-1.0,0.4,-0.4,255.00000000000006,0.0,0.138,5.117367470750878,0.0,254.00000000000006
46.100000000000385,0.1,1.0,-1.0,0.4,-0.4,254.00000000000006,0.0,0.138,5.12707608450725,0.0,254.00000000000006
46.20000000000039,0.1,1.0,-1.0,0.4,-0.4,254.00000000000006,0.0,0.138,5.13839433338375,0.0,254.00000000000006
46.30000000000039,0.1,1.0,-1.0,0.4,-0.4,254.00000000000006,0.0,0.138,5.150877348698348,0.0,255.00000000000006
46.40000000000039,0.1,1.0,-1.0,0.4,-0.4,254.00000000000006,0.0,0.138,5.164295389018038,0.0,254.00000000000006
46.50000000000039,0.1,1.0,-1.0,0.4,-0.4,255.00000000000006,0.0,0.138,5.178464027682231,0.0,254.00000000000006
46.60000000000039,0.1,1.0,-1.0,0.4,-0.4,254.00000000000006,0.0,0.138,5.193235214804154,0.0,254.00000000000006
46.700000000000394,0.1,1.0,-1.0,0.4,-0.4,254.00000000000006,0.0,0.138,5.208490102225413,0.0,254.00000000000006
46.800000000000395,0.1,1.0,-1.0,0.4,-0.4,254.00000000000006,0.0,0.138,5.224133283694352,0.0,254.00000000000006
46.9000000000004,0.1,1.0,-1.0,0.4,-0.4,254.00000000000006,0.0,0.138,5.240088171125994,0.0,254.00000000000006
47.0000000000004,0.1,1.0,-1.0,0.4,-0.4,254.00000000000006,0.0,0.138,5.25629328285999,0.0,255.00000000000006
47.1000000000004,0.1,1.0,-1.0,0.4,-0.4,254.00000000000006,0.0,0.138,5.272699264031772,0.0,254.00000000000006
47.2000000000004,0.1,1.0,-1.0,0.4,-0.4,254.00000000000006,0.0,0.138,5.289266494653188,0.0,255.00000000000006
47.3000000000004,0.1,1.0,-1.0,0.4,-0.4,254.00000000000006,0.0,0.138,5.305963169481212,0.0,254.00000000000006
47.400000000000404,0.1,1.0,-1.0,0.4,-0.4,254.00000000000006,0.0,0.138,5.322763756618172,0.0,254.00000000000006
47.500000000000405,0.1,1.0,-1.0,0.4,-0.4,254.00000000000006,0.0,0.138,5.339647760141467,0.0,255.00000000000006
47.600000000000406,0.1,1.0,-1.0,0.4,-0.4,254.00000000000006,0.0,0.138,5.356598726795307,0.0,254.00000000000006
47.70000000000041,0.1,1.0,-1.0,0.4,-0.4,255.00000000000006,0.0,0.138,5.373603448605065,0.0,254.00000000000006
47.80000000000041,0.1,1.0,-1.0,0.4,-0.4,255.00000000000006,0.0,0.138,5.390651322769916,0.0,255.00000000000006
47.90000000000041,0.1,1.0,-1.0,0.4,-0.4,254.00000000000006,0.0,0.138,5.407733837811874,0.0,255.00000000000006
48.00000000000041,0.1,1.0,-1.0,0.4,-0.4,254.00000000000006,0.0,0.138,5.424844161078061,0.0,255.00000000000006
48.10000000000041,0.1,1.0,-1.0,0.4,-0.4,254.00000000000006,0.0,0.138,5.441976807605082,0.0,255.00000000000006
48.200000000000415,0.1,1.0,-1.0,0.4,-0.4,254.00000000000006,0.0,0.138,5.459127374297376,0.0,254.00000000000006
48.300000000000416,0.1,1.0,-1.0,0.4,-0.4,255.00000000000006,0.0,0.138,5.476292326536918,0.0,255.00000000000006
48.40000000000042,0.1,1.0,-1.0,0.4,-0.4,254.00000000000006,0.0,0.138,5.493468826882536,0.0,254.00000000000006
48.50000000000042,0.1,1.0,-1.0,0.4,-0.4,254.00000000000006,0.0,0.138,5.510654597557032,0.0,254.00000000000006
48.60000000000042,0.1,1.0,-1.0,0.4,-0.4,254.00000000000006,0.0,0.138,5.527847810057654,0.0,254.00000000000006
48.70000000000042,0.1,1.0,-1.0,0.4,-0.4,254.00000000000006,0.0,0.138,5.545046996540084,0.0,255.00000000000006
48.80000000000042,0.1,1.0,-1.0,0.4,-0.4,255.00000000000006,0.0,0.138,5.562250978681267,0.0,255.00000000000006
48.900000000000425,0.1,1.0,-1.0,0.4,-0.4,254.00000000000006,0.0,0.138,5.57945881057353,0.0,254.00000000000006
49.000000000000426,0.1,1.0,-1.0,0.4,-0.4,254.00000000000006,0.0,0.138,5.596669732882386,0.0,254.00000000000006
49.10000000000043,0.1,1.0,-1.0,0.4,-0.4,254.00000000000006,0.0,0.138,5.613883136046362,0.0,255.00000000000006
49.20000000000043,0.1,1.0,-1.0,0.4,-0.4,255.00000000000006,0.0,0.138,5.631098530735427,0.0,254.00000000000006
49.30000000000043,0.1,1.0,-1.0,0.4,-0.4,254.00000000000006,0.0,0.138,5.648315524136198,0.0,254.00000000000006
49.40000000000043,0.1,1.0,-1.0,0.4,-0.4,255.00000000000006,0.0,0.138,5.6655338009148135,0.0,254.00000000000006
49.50000000000043,0.1,1.0,-1.0,0.4,-0.4,254.00000000000006,0.0,0.138,5.682753107934619,0.0,255.00000000000006
49.600000000000435,0.1,1.0,-1.0,0.4,-0.4,254.00000000000006,0.0,0.138,5.699973241988278,0.0,254.00000000000006
49.700000000000436,0.1,1.0,-1.0,0.4,-0.4,255.00000000000006,0.0,0.138,5.717194039949578,0.0,254.00000000000006
49.80000000000044,0.1,1.0,-1.0,0.4,-0.4,254.00000000000006,0.0,0.138,5.734415370867724,0.0,254.00000000000006
49.90000000000044,0.1,1.0,-1.0,0.4,-0.4,254.00000000000006,0.0,0.138,5.751637129620975,0.0,254.00000000000006
