{"fmus":{"{Controller}":"file:////home/student/Desktop/fmss/into-cps/FMUs/line_following_robot_4S.fmu","{SensorLeft}":"file:////home/student/Desktop/fmss/into-cps/FMUs/Sensor_Block_01.fmu","{SensorRight}":"file:////home/student/Desktop/fmss/into-cps/FMUs/Sensor_Block_02.fmu","{Plant}":"file:////home/student/Desktop/fmss/into-cps/FMUs/Body_Block.fmu"},"connections":{"{Controller}.ControllerInstance.servoLeftVal":["{Plant}.PlantInstance.servo_left_input"],"{Controller}.ControllerInstance.servoRightVal":["{Plant}.PlantInstance.servo_right_input"],"{Plant}.PlantInstance.robot_theta":["{SensorLeft}.SensorLeftMidInstance.robot_theta","{SensorLeft}.SensorLeftFarInstance.robot_theta","{SensorRight}.SensorRightMidInstance.robot_theta","{SensorRight}.SensorRightFarInstance.robot_theta"],"{Plant}.PlantInstance.robot_x":["{SensorLeft}.SensorLeftMidInstance.robot_x","{SensorLeft}.SensorLeftFarInstance.robot_x","{SensorRight}.SensorRightMidInstance.robot_x","{SensorRight}.SensorRightFarInstance.robot_x"],"{Plant}.PlantInstance.robot_y":["{SensorLeft}.SensorLeftMidInstance.robot_y","{SensorLeft}.SensorLeftFarInstance.robot_y","{SensorRight}.SensorRightMidInstance.robot_y","{SensorRight}.SensorRightFarInstance.robot_y"],"{Plant}.PlantInstance.robot_z":["{SensorLeft}.SensorLeftMidInstance.robot_z","{SensorRight}.SensorRightMidInstance.robot_z","{SensorRight}.SensorRightFarInstance.robot_z","{SensorLeft}.SensorLeftFarInstance.robot_z"],"{SensorLeft}.SensorLeftMidInstance.lf_1_sensor_reading":["{Controller}.ControllerInstance.lfMidLeftVal"],"{SensorLeft}.SensorLeftFarInstance.lf_1_sensor_reading":["{Controller}.ControllerInstance.lfFarLeftVal"],"{SensorRight}.SensorRightMidInstance.lf_1_sensor_reading":["{Controller}.ControllerInstance.lfMidRightVal"],"{SensorRight}.SensorRightFarInstance.lf_1_sensor_reading":["{Controller}.ControllerInstance.lfFarRightVal"]},"parameters":{"{Controller}.ControllerInstance.forwardSpeed":0.4,"{Controller}.ControllerInstance.highRotate":0.3,"{Controller}.ControllerInstance.lowRotate":0.1,"{Controller}.ControllerInstance.mediumRotate":0.2,"{SensorLeft}.SensorLeftMidInstance.lf_position_x":-0.01,"{SensorLeft}.SensorLeftMidInstance.lf_position_y":0.065,"{SensorLeft}.SensorLeftFarInstance.lf_position_x":-0.02,"{SensorLeft}.SensorLeftFarInstance.lf_position_y":0.065,"{SensorRight}.SensorRightMidInstance.lf_position_x":0.01,"{SensorRight}.SensorRightMidInstance.lf_position_y":0.065,"{SensorRight}.SensorRightFarInstance.lf_position_x":0.02,"{SensorRight}.SensorRightFarInstance.lf_position_y":0.065},"liveGraphColumns":1,"liveGraphVisibleRowCount":1,"logVariables":{},"algorithm":{"type":"fixed-step","size":0.1},"parallelSimulation":false,"stabalizationEnabled":false,"global_absolute_tolerance":0,"global_relative_tolerance":0.01,"simulationProgramDelay":false,"livestream":{"{Plant}.PlantInstance":["robot_x","robot_y"]}}