time,step-size,{Attack}.AttackInstance1.output,{Attack}.AttackInstance2.output,{Control}.ControlInstance.servoLeftVal,{Control}.ControlInstance.servoRightVal,{Plant}.PlantInstance.robot_theta,{Plant}.PlantInstance.robot_x,{Plant}.PlantInstance.robot_y,{Plant}.PlantInstance.robot_z,{SensorLeft}.SensorLeftInstance.lf_1_sensor_reading,{SensorRight}.SensorRightInstance.lf_1_sensor_reading
0.0,0.0,0.0,0.0,0.0,0.0,0.0,0.0,0.0,0.0,1.0000000000000002,0.0
0.1,0.1,0.0,0.0,0.5,-0.5,0.0,0.138,-0.08,0.0,254.00000000000006,254.00000000000006
0.2,0.1,0.5,0.5,0.5,-0.5,0.0,0.138,-0.08,0.0,254.00000000000006,254.00000000000006
0.30000000000000004,0.1,0.5,0.5,0.5,-0.5,-0.09695489023473358,0.13919012673886938,-0.0800562692696552,0.0,254.00000000000006,255.00000000000006
0.4,0.1,0.5,0.5,0.5,-0.5,-0.22479844294449516,0.1407696224806189,-0.08030882445633876,0.0,0.0,254.00000000000006
0.5,0.1,0.5,0.5,0.1,-0.4,-0.37045419921521977,0.1425153295906165,-0.08083952553437111,0.0,195.00000000000006,255.00000000000006
0.6,0.1,0.1,0.1,0.1,-0.4,-0.5272994197591926,0.14428862971429554,-0.08168811653714467,0.0,254.00000000000006,254.00000000000006
0.7,0.1,0.1,0.1,0.1,-0.4,-0.6136098156201374,0.14521756637676964,-0.08228288836871382,0.0,254.00000000000006,254.00000000000006
0.7999999999999999,0.1,0.1,0.1,0.1,-0.4,-0.6796248250744105,0.1458816279573943,-0.08278439962210596,0.0,254.00000000000006,255.00000000000006
0.8999999999999999,0.1,0.1,0.1,0.1,-0.4,-0.7341638554690668,0.14640369812012788,-0.08323081046105847,0.0,255.00000000000006,255.00000000000006
0.9999999999999999,0.1,0.1,0.1,0.1,-0.4,-0.7814937689695923,0.14683605557663526,-0.08364051632495784,0.0,254.00000000000006,254.00000000000006
1.0999999999999999,0.1,0.1,0.1,0.1,-0.4,-0.8247064776473818,0.1472132271757795,-0.08403181602332524,0.0,254.00000000000006,255.00000000000006
1.2,0.1,0.1,0.1,0.1,-0.4,-0.8646405890558673,0.14754632139101975,-0.08440739910390253,0.0,254.00000000000006,254.00000000000006
1.3,0.1,0.1,0.1,0.1,-0.4,-0.9027958997061578,0.14785026708590837,-0.08477824490426794,0.0,254.00000000000006,254.00000000000006
1.4000000000000001,0.1,0.1,0.1,0.1,-0.4,-0.9398337929980787,0.14813155256202126,-0.0851489479016308,0.0,254.00000000000006,254.00000000000006
1.5000000000000002,0.1,0.1,0.1,0.1,-0.4,-0.9761697405941377,0.1483939861575925,-0.0855224158265772,0.0,254.00000000000006,254.00000000000006
1.6000000000000003,0.1,0.1,0.1,0.1,-0.4,-1.0120647358931323,0.14863976023217987,-0.0859004093393109,0.0,254.00000000000006,254.00000000000006
1.7000000000000004,0.1,0.1,0.1,0.1,-0.4,-1.0476827312410188,0.14887009370158996,-0.08628391964006876,0.0,255.00000000000006,255.00000000000006
1.8000000000000005,0.1,0.1,0.1,0.1,-0.4,-1.0831267191716871,0.14908562155414998,-0.08667342570947809,0.0,254.00000000000006,255.00000000000006
1.9000000000000006,0.1,0.1,0.1,0.1,-0.4,-1.1184613981303801,0.14928663149128657,-0.08706906685542855,0.0,255.00000000000006,254.00000000000006
2.0000000000000004,0.1,0.1,0.1,0.1,-0.4,-1.153727410759537,0.14947320782429138,-0.08747075736649465,0.0,255.00000000000006,254.00000000000006
2.1000000000000005,0.1,0.1,0.1,0.1,-0.4,-1.1889502881879284,0.14964531898036507,-0.08787826225666365,0.0,254.00000000000006,254.00000000000006
2.2000000000000006,0.1,0.1,0.1,0.1,-0.4,-1.2241460687061725,0.14980287068993292,-0.08829124713918587,0.0,254.00000000000006,255.00000000000006
2.3000000000000007,0.1,0.1,0.1,0.1,-0.4,-1.2593248273389723,0.1499457382883591,-0.08870931102287735,0.0,255.00000000000006,254.00000000000006
2.400000000000001,0.1,0.1,0.1,0.1,-0.4,-1.2944928930722792,0.15007378631555152,-0.08913200789442267,0.0,254.00000000000006,254.00000000000006
2.500000000000001,0.1,0.1,0.1,0.1,-0.4,-1.3296542416839106,0.1501868803986598,-0.08955886096668458,0.0,254.00000000000006,254.00000000000006
2.600000000000001,0.1,-1.0,-1.0,0.1,-0.4,-1.3648113706999558,0.15028489445233323,-0.08998937214629076,0.0,254.00000000000006,254.00000000000006
2.700000000000001,0.1,-1.0,-1.0,0.1,-0.4,-1.1866651418043022,0.14965562721304596,-0.08790433333463625,0.0,254.00000000000006,254.00000000000006
2.800000000000001,0.1,-1.0,-1.0,0.1,-0.4,-0.9405622227321382,0.1481753689468535,-0.08521226776526786,0.0,254.00000000000006,254.00000000000006
2.9000000000000012,0.1,-1.0,-1.0,0.1,-0.4,-0.6552714167474163,0.14569947229845395,-0.08264857403201467,0.0,254.00000000000006,254.00000000000006
3.0000000000000013,0.1,-1.0,-1.0,0.1,-0.4,-0.34536311515368767,0.14231116272645916,-0.08077385361685249,0.0,254.00000000000006,255.00000000000006
3.1000000000000014,0.1,-1.0,-1.0,0.1,-0.4,-0.019990428872563554,0.13831683991570007,-0.08001518799996553,0.0,255.00000000000006,254.00000000000006
3.2000000000000015,0.1,-1.0,-1.0,0.1,-0.4,0.3150967785043784,0.13417228595176184,-0.08061043489909019,0.0,136.00000000000003,254.00000000000006
3.3000000000000016,0.1,-1.0,-1.0,0.1,-0.4,0.656286517026088,0.13039264934096848,-0.08258267749297711,0.0,254.00000000000006,255.00000000000006
3.4000000000000017,0.1,-1.0,-1.0,0.1,-0.4,1.0013097811128013,0.12746483795140034,-0.08574708649878755,0.0,254.00000000000006,255.00000000000006
3.5000000000000018,0.1,-1.0,-1.0,0.1,-0.4,1.348741210907915,0.1257735462983859,-0.08974521668701371,0.0,254.00000000000006,254.00000000000006
3.600000000000002,0.1,-1.0,-1.0,0.1,-0.4,1.697685414179716,0.12554754639976767,-0.09409936883352618,0.0,254.00000000000006,255.00000000000006
3.700000000000002,0.1,-1.0,-1.0,0.1,-0.4,2.047579917669837,0.12682987464653703,-0.09827894610860259,0.0,254.00000000000006,254.00000000000006
3.800000000000002,0.1,-1.0,-1.0,0.1,-0.4,2.3980713835683756,0.12947318298075616,-0.10177055434671796,0.0,255.00000000000006,254.00000000000006
3.900000000000002,0.1,-1.0,-1.0,0.1,-0.4,2.7489378502338844,0.13315926756739402,-0.10414377829491271,0.0,255.00000000000006,255.00000000000006
4.000000000000002,0.1,-1.0,-1.0,0.1,-0.4,3.100039884782095,0.13743954021862298,-0.10510526860041486,0.0,254.00000000000006,254.00000000000006
4.100000000000001,0.1,-1.0,-1.0,0.1,-0.4,3.4512898977586652,0.14179113226837023,-0.10453513173667478,0.0,254.00000000000006,0.0
4.200000000000001,0.1,-1.0,-1.0,0.4,-0.1,3.802632867011054,0.14568168854420135,-0.10250161936322022,0.0,254.00000000000006,254.00000000000006
4.300000000000001,0.1,-1.0,-1.0,0.4,-0.1,4.154034228678395,0.14863497856873023,-0.09925260640327048,0.0,254.00000000000006,254.00000000000006
4.4,0.1,-1.0,-1.0,0.4,-0.1,4.50547227047518,0.15028939522564552,-0.09518505920747933,0.0,254.00000000000006,255.00000000000006
4.5,0.1,-1.0,-1.0,0.4,-0.1,4.85693335325858,0.15044227846458966,-0.09079630156998775,0.0,254.00000000000006,254.00000000000006
4.6,0.1,-1.0,-1.0,0.4,-0.1,5.208408909286687,0.14907471471783165,-0.08662306197930209,0.0,254.00000000000006,255.00000000000006
4.699999999999999,0.1,-1.0,-1.0,0.4,-0.1,5.55989355657038,0.14635382702804267,-0.08317575417342948,0.0,254.00000000000006,254.00000000000006
4.799999999999999,0.1,-1.0,-1.0,0.4,-0.1,5.911383914339802,0.14261230394893332,-0.08087601587367295,0.0,254.00000000000006,254.00000000000006
4.899999999999999,0.1,-1.0,-1.0,0.4,-0.1,6.262877858941058,0.13830768474443714,-0.08000513042341631,0.0,254.00000000000006,255.00000000000006
4.999999999999998,0.1,-1.0,-1.0,0.4,-0.1,6.610859086335743,0.1340082073848307,-0.08065549440792158,0.0,136.00000000000003,254.00000000000006
5.099999999999998,0.1,0.4,0.4,0.1,-0.4,6.962356687606716,0.13015370852404,-0.08276059124484335,0.0,254.00000000000006,255.00000000000006
5.1999999999999975,0.1,0.1,0.1,0.1,-0.4,7.042381540983452,0.1293508032123179,-0.08347815560057815,0.0,254.00000000000006,254.00000000000006
5.299999999999997,0.1,0.1,0.1,0.1,-0.4,7.094091568296668,0.12890052983585118,-0.08394407504150075,0.0,254.00000000000006,255.00000000000006
5.399999999999997,0.1,0.1,0.1,0.1,-0.4,7.114460933244246,0.1287291203609769,-0.08414189941030796,0.0,254.00000000000006,255.00000000000006
5.4999999999999964,0.1,0.1,0.1,0.1,-0.4,7.114187343275342,0.12873460923056873,-0.08414715663087094,0.0,254.00000000000006,254.00000000000006
5.599999999999996,0.1,0.1,0.1,0.1,-0.4,7.100946203376142,0.1288504320964442,-0.0840308540738965,0.0,254.00000000000006,254.00000000000006
5.699999999999996,0.1,0.1,0.1,0.1,-0.4,7.079559037070368,0.1290386770558634,-0.08384119590725105,0.0,254.00000000000006,255.00000000000006
5.799999999999995,0.1,0.1,0.1,0.1,-0.4,7.053054654459346,0.12927661416905897,-0.08360966679275329,0.0,254.00000000000006,254.00000000000006
5.899999999999995,0.1,0.1,0.1,0.1,-0.4,7.0233357098589595,0.12955005491659166,-0.08335643716516414,0.0,254.00000000000006,254.00000000000006
5.999999999999995,0.1,0.1,0.1,0.1,-0.4,6.991597423166475,0.12984987402181256,-0.08309430938915324,0.0,255.00000000000006,255.00000000000006
6.099999999999994,0.1,0.1,0.1,0.1,-0.4,6.958590614335335,0.13017006575447193,-0.08283138735520423,0.0,254.00000000000006,254.00000000000006
6.199999999999994,0.1,0.1,0.1,0.1,-0.4,6.92478693772839,0.13050659486669905,-0.08257281561925095,0.0,254.00000000000006,254.00000000000006
6.299999999999994,0.1,0.1,0.1,0.1,-0.4,6.890482679911341,0.1308566883678616,-0.0823218883663694,0.0,254.00000000000006,254.00000000000006
6.399999999999993,0.1,0.1,0.1,0.1,-0.4,6.855863963914729,0.13121838697916577,-0.0820807471720553,0.0,254.00000000000006,254.00000000000006
6.499999999999993,0.1,0.1,0.1,0.1,-0.4,6.821047709608211,0.1315902565337442,-0.08185081614626817,0.0,254.00000000000006,254.00000000000006
6.5999999999999925,0.1,0.1,0.1,0.1,-0.4,6.786107364418711,0.13197120081278005,-0.08163307159985776,0.0,255.00000000000006,254.00000000000006
6.699999999999992,0.1,0.1,0.1,0.1,-0.4,6.751089066999307,0.13236033982275539,-0.08142820837637596,0.0,254.00000000000006,255.00000000000006
6.799999999999992,0.1,0.1,0.1,0.1,-0.4,6.716021801015727,0.13275693066904923,-0.08123674206346362,0.0,255.00000000000006,254.00000000000006
6.8999999999999915,0.1,0.1,0.1,0.1,-0.4,6.680923773610915,0.13316031626007646,-0.0810590716037159,0.0,254.00000000000006,254.00000000000006
6.999999999999991,0.1,0.1,0.1,0.1,-0.4,6.645806422266298,0.13356989220733329,-0.08089551753850337,0.0,254.00000000000006,254.00000000000006
7.099999999999991,0.1,0.1,0.1,0.1,-0.4,6.610676931855574,0.1339850856096622,-0.08074634530402465,0.0,255.00000000000006,254.00000000000006
7.19999999999999,0.1,0.1,0.1,0.1,-0.4,6.575539815822652,0.13440534158371906,-0.08061177938243161,0.0,255.00000000000006,255.00000000000006
7.29999999999999,0.1,0.1,0.1,0.1,-0.4,6.540397909455509,0.13483011483052265,-0.08049201187231017,0.0,254.00000000000006,254.00000000000006
7.39999999999999,0.1,0.1,0.1,0.1,-0.4,6.5052529938471,0.1352588644667352,-0.0803872076623309,0.0,255.00000000000006,254.00000000000006
7.499999999999989,0.1,0.1,0.1,0.1,-0.4,6.4701061878589625,0.13569105096585007,-0.08029750754318152,0.0,254.00000000000006,44.00000000000001
7.599999999999989,0.1,0.1,0.1,0.4,-0.1,6.434958194347427,0.13612613445851549,-0.08022303007247937,0.0,254.00000000000006,1.0000000000000002
7.699999999999989,0.1,-1.0,-1.0,0.4,-0.1,6.399809454839557,0.1365635739053327,-0.08016387268899042,0.0,254.00000000000006,1.0000000000000002
7.799999999999988,0.1,-1.0,-1.0,0.4,-0.1,6.577960954411242,0.13443063796856292,-0.08060459873569728,0.0,254.00000000000006,0.0
7.899999999999988,0.1,-1.0,-1.0,0.4,-0.1,6.82406718446551,0.13161719068097744,-0.08183875940322635,0.0,254.00000000000006,255.00000000000006
7.999999999999988,0.1,-1.0,-1.0,0.4,-0.1,7.109360070331523,0.12884278315432895,-0.08407604331354808,0.0,254.00000000000006,254.00000000000006
8.099999999999987,0.1,-1.0,-1.0,0.4,-0.1,7.419269678426625,0.1266732009830613,-0.08728357489913131,0.0,254.00000000000006,254.00000000000006
8.199999999999987,0.1,-1.0,-1.0,0.4,-0.1,7.744643185379369,0.12556115656960504,-0.09119428192183217,0.0,255.00000000000006,254.00000000000006
8.299999999999986,0.1,-1.0,-1.0,0.4,-0.1,8.07973090824026,0.12578422334916742,-0.09537542315582277,0.0,254.00000000000006,254.00000000000006
8.399999999999986,0.1,-1.0,-1.0,0.4,-0.1,8.420920970537667,0.12741135519256305,-0.09931596506938609,0.0,254.00000000000006,255.00000000000006
8.499999999999986,0.1,-1.0,-1.0,0.4,-0.1,8.765944437978458,0.13030190410508113,-0.10251445112956668,0.0,255.00000000000006,254.00000000000006
8.599999999999985,0.1,-1.0,-1.0,0.4,-0.1,9.11337599548686,0.13413317930624777,-0.10455573917723437,0.0,254.00000000000006,254.00000000000006
8.699999999999985,0.1,-1.0,-1.0,0.4,-0.1,9.462320278961062,0.1384497997069917,-0.10516934665048985,0.0,5.000000000000001,255.00000000000006
8.799999999999985,0.1,-1.0,-1.0,0.1,-0.4,9.812214832812636,0.14272712518417902,-0.1042650655172711,0.0,254.00000000000006,1.0000000000000002
8.899999999999984,0.1,-1.0,-1.0,0.4,-0.1,10.162706330330876,0.14644066221972524,-0.10194384744756063,0.0,254.00000000000006,255.00000000000006
8.999999999999984,0.1,-1.0,-1.0,0.4,-0.1,10.513572816845995,0.149133320143347,-0.09848422216631728,0.0,254.00000000000006,254.00000000000006
9.099999999999984,0.1,-1.0,-1.0,0.4,-0.1,10.864674863852619,0.15047289348033158,-0.09430681360199994,0.0,254.00000000000006,254.00000000000006
9.199999999999983,0.1,-1.0,-1.0,0.4,-0.1,11.215924884646673,0.1502933127240349,-0.08992170686458108,0.0,254.00000000000006,254.00000000000006
9.299999999999983,0.1,-1.0,-1.0,0.4,-0.1,11.567267858802888,0.14861505652947882,-0.08586522347924545,0.0,255.00000000000006,255.00000000000006
9.399999999999983,0.1,-1.0,-1.0,0.4,-0.1,11.918669223545104,0.14564251814485574,-0.08263381153957239,0.0,254.00000000000006,254.00000000000006
9.499999999999982,0.1,-1.0,-1.0,0.4,-0.1,12.270107267268976,0.1417388150914406,-0.08062305611221222,0.0,255.00000000000006,255.00000000000006
9.599999999999982,0.1,-1.0,-1.0,0.4,-0.1,12.621568351259299,0.13738120449844743,-0.080079183910855,0.0,254.00000000000006,254.00000000000006
9.699999999999982,0.1,-1.0,-1.0,0.4,-0.1,12.973043908042657,0.1331025862967761,-0.08106892411774694,0.0,255.00000000000006,52.000000000000014
9.799999999999981,0.1,-1.0,-1.0,0.4,-0.1,13.324528555798446,0.1294262502701391,-0.08347136338271652,0.0,255.00000000000006,255.00000000000006
9.89999999999998,0.1,-1.0,-1.0,0.4,-0.1,13.6795338383128,0.1267821221919082,-0.08703226002329668,0.0,254.00000000000006,255.00000000000006
9.99999999999998,0.1,-1.0,-1.0,0.4,-0.1,14.031027811203453,0.1255454239833853,-0.0912463754289267,0.0,254.00000000000006,254.00000000000006
10.09999999999998,0.1,-1.0,-1.0,0.4,-0.1,14.38252402643375,0.12583531156687286,-0.0956286585153825,0.0,255.00000000000006,255.00000000000006
10.19999999999998,0.1,0.4,0.4,0.4,-0.1,14.734021650000956,0.1276163497703795,-0.09964319455025705,0.0,254.00000000000006,254.00000000000006
10.29999999999998,0.1,0.4,0.4,0.4,-0.1,14.814046517363437,0.12826546709601244,-0.10050238173817946,0.0,254.00000000000006,255.00000000000006
10.399999999999979,0.1,0.4,0.4,0.4,-0.1,14.807583548305667,0.12823262567507202,-0.10044250833650131,0.0,254.00000000000006,254.00000000000006
10.499999999999979,0.1,0.4,0.4,0.4,-0.1,14.751246738042914,0.12782099716522427,-0.0998778200731346,0.0,254.00000000000006,254.00000000000006
10.599999999999978,0.1,0.4,0.4,0.4,-0.1,14.663579674379584,0.127234609198021,-0.0989527884427866,0.0,255.00000000000006,254.00000000000006
10.699999999999978,0.1,0.4,0.4,0.4,-0.1,14.556231400863647,0.1266257113554363,-0.09775446539650276,0.0,254.00000000000006,254.00000000000006
10.799999999999978,0.1,0.4,0.4,0.4,-0.1,14.436519673056539,0.12609998988043264,-0.09634913072750428,0.0,254.00000000000006,254.00000000000006
10.899999999999977,0.1,0.4,0.4,0.4,-0.1,14.30904139800625,0.12572746306516552,-0.09479453533578387,0.0,254.00000000000006,254.00000000000006
10.999999999999977,0.1,0.4,0.4,0.4,-0.1,14.17668428662018,0.12555213730436454,-0.09314356353783859,0.0,254.00000000000006,255.00000000000006
11.099999999999977,0.1,0.4,0.4,0.4,-0.1,14.041262357907422,0.12559926207898203,-0.0914452405977265,0.0,254.00000000000006,254.00000000000006
11.199999999999976,0.1,0.4,0.4,0.4,-0.1,13.903915153123215,0.12588041832358343,-0.08974503185665622,0.0,254.00000000000006,254.00000000000006
11.299999999999976,0.1,0.4,0.4,0.4,-0.1,13.765358516201594,0.12639696202912967,-0.08808496217478931,0.0,255.00000000000006,254.00000000000006
11.399999999999975,0.1,0.4,0.4,0.4,-0.1,13.62604213039197,0.12714232502422546,-0.08650365105230302,0.0,254.00000000000006,254.00000000000006
11.499999999999975,0.1,0.4,0.4,0.4,-0.1,13.48624848052487,0.12810357276651013,-0.0850362630536528,0.0,254.00000000000006,255.00000000000006
11.599999999999975,0.1,0.4,0.4,0.4,-0.1,13.346155019708638,0.129262508873871,-0.08371437346674918,0.0,255.00000000000006,254.00000000000006
11.699999999999974,0.1,0.4,0.4,0.4,-0.1,13.205873221576327,0.1305965229976143,-0.08256576529926367,0.0,254.00000000000006,254.00000000000006
11.799999999999974,0.1,0.4,0.4,0.4,-0.1,13.065473112362515,0.1320793080973039,-0.08161418455229232,0.0,254.00000000000006,254.00000000000006
11.899999999999974,0.1,0.4,0.4,0.4,-0.1,12.924998681613463,0.1336815231758473,-0.08087908400764025,0.0,254.00000000000006,255.00000000000006
11.999999999999973,0.1,0.4,0.4,0.4,-0.1,12.784477562982223,0.1353714436764841,-0.08037538393847367,0.0,254.00000000000006,254.00000000000006
12.099999999999973,0.1,0.4,0.4,0.4,-0.1,12.643927115570845,0.13711561959906224,-0.08011327377098841,0.0,255.00000000000006,18.000000000000004
12.199999999999973,0.1,0.4,0.4,0.4,-0.1,12.503358244146218,0.1388795473289088,-0.08009807350371213,0.0,254.00000000000006,1.0000000000000002
12.299999999999972,0.1,0.4,0.4,0.4,-0.1,12.362777798947512,0.14062835249975167,-0.08033016855470745,0.0,1.0000000000000002,254.00000000000006
12.399999999999972,0.1,0.4,0.4,0.1,-0.4,12.222190083212706,0.14232747606426105,-0.08080502705553395,0.0,65.00000000000001,254.00000000000006
12.499999999999972,0.1,0.1,0.1,0.1,-0.4,12.081597800186442,0.14394335287806126,-0.08151330455540735,0.0,255.00000000000006,255.00000000000006
12.599999999999971,0.1,0.1,0.1,0.1,-0.4,11.999175578196242,0.14485155838205244,-0.08204089191851051,0.0,254.00000000000006,254.00000000000006
12.69999999999997,0.1,0.1,0.1,0.1,-0.4,11.93528476061314,0.14551597980128478,-0.0824958827132176,0.0,255.00000000000006,254.00000000000006
12.79999999999997,0.1,-1.0,-1.0,0.1,-0.4,11.882080136381706,0.14604559464219188,-0.08290628371343119,0.0,254.00000000000006,255.00000000000006
12.89999999999997,0.1,-1.0,-1.0,0.1,-0.4,12.048889224299073,0.1443684010909814,-0.08175398756954338,0.0,255.00000000000006,254.00000000000006
12.99999999999997,0.1,-1.0,-1.0,0.1,-0.4,12.287870311806868,0.1416234728406392,-0.08058705623532453,0.0,254.00000000000006,254.00000000000006
13.09999999999997,0.1,-1.0,-1.0,0.1,-0.4,12.568687278425594,0.13815114336378015,-0.08008815328246291,0.0,254.00000000000006,255.00000000000006
13.199999999999969,0.1,-1.0,-1.0,0.1,-0.4,12.875785170849925,0.13435760612470557,-0.08066539725774033,0.0,254.00000000000006,254.00000000000006
13.299999999999969,0.1,-1.0,-1.0,0.1,-0.4,13.199392392246839,0.13074568502541323,-0.08248345279114762,0.0,254.00000000000006,254.00000000000006
13.399999999999968,0.1,-1.0,-1.0,0.1,-0.4,13.533370555319102,0.1278238034511249,-0.08546313442676896,0.0,254.00000000000006,255.00000000000006
13.499999999999968,0.1,-1.0,-1.0,0.1,-0.4,13.873863604849047,0.1260183972004335,-0.08931564796626168,0.0,255.00000000000006,254.00000000000006
13.599999999999968,0.1,-1.0,-1.0,0.1,-0.4,14.218449216618477,0.1256076187105291,-0.09360164736767132,0.0,254.00000000000006,254.00000000000006
13.699999999999967,0.1,-1.0,-1.0,0.1,-0.4,14.56560571791102,0.1266827620117225,-0.09780400717683985,0.0,254.00000000000006,255.00000000000006
13.799999999999967,0.1,-1.0,-1.0,0.1,-0.4,14.914377213922464,0.1291382594174245,-0.1014042126599565,0.0,255.00000000000006,254.00000000000006
13.899999999999967,0.1,-1.0,-1.0,0.1,-0.4,15.264163224395856,0.132688149892297,-0.1039536610831731,0.0,255.00000000000006,254.00000000000006
13.999999999999966,0.1,-1.0,-1.0,0.1,-0.4,15.614586535967797,0.13690492656999403,-0.10513254311806414,0.0,254.00000000000006,254.00000000000006
14.099999999999966,0.1,-1.0,-1.0,0.1,-0.4,15.9654101886479,0.14127502436725844,-0.10479052062056426,0.0,251.00000000000006,204.00000000000006
14.199999999999966,0.1,-1.0,-1.0,0.1,-0.4,16.316485327758013,0.14526388143327704,-0.1029653419781958,0.0,254.00000000000006,254.00000000000006
14.299999999999965,0.1,-1.0,-1.0,0.1,-0.4,16.667718445176707,0.14838270186932667,-0.09987786383221195,0.0,254.00000000000006,254.00000000000006
14.399999999999965,0.1,-1.0,-1.0,0.1,-0.4,17.019050800708218,0.15024897342174673,-0.09590451879631119,0.0,254.00000000000006,254.00000000000006
14.499999999999964,0.1,-1.0,-1.0,0.1,-0.4,17.3704454948554,0.15063356618737578,-0.09153080564676085,0.0,255.00000000000006,254.00000000000006
14.599999999999964,0.1,-1.0,-1.0,0.1,-0.4,17.721879348109,0.1494888345694821,-0.08729156438886825,0.0,254.00000000000006,254.00000000000006
14.699999999999964,0.1,-1.0,-1.0,0.1,-0.4,18.073337799629805,0.14695441094692632,-0.08370534404481397,0.0,254.00000000000006,254.00000000000006
14.799999999999963,0.1,-1.0,-1.0,0.1,-0.4,18.424811702674017,0.14334005797380506,-0.0812108638562184,0.0,255.00000000000006,255.00000000000006
14.899999999999963,0.1,-1.0,-1.0,0.1,-0.4,18.776295311527768,0.13908771576541532,-0.08011330593214389,0.0,254.00000000000006,254.00000000000006
14.999999999999963,0.1,-1.0,-1.0,0.1,-0.4,19.127785016931576,0.1347174013965771,-0.08054697911409908,0.0,0.0,254.00000000000006
15.099999999999962,0.1,-1.0,-1.0,0.1,-0.4,19.479278551695312,0.13076357990028645,-0.08245889933710832,0.0,254.00000000000006,255.00000000000006
15.199999999999962,0.1,-1.0,-1.0,0.1,-0.4,19.830774491680312,0.12770978509722838,-0.08561528131731867,0.0,255.00000000000006,255.00000000000006
15.299999999999962,0.1,0.1,0.1,0.1,-0.4,20.182271942326263,0.12592948060090242,-0.08963014043935263,0.0,254.00000000000006,254.00000000000006
15.399999999999961,0.1,0.1,0.1,0.1,-0.4,20.320469706065147,0.12563538109126512,-0.09139661739326328,0.0,254.00000000000006,255.00000000000006
15.499999999999961,0.1,0.1,0.1,0.1,-0.4,20.390712866408236,0.1255883125511273,-0.09228839798575925,0.0,254.00000000000006,255.00000000000006
15.59999999999996,0.1,0.1,0.1,0.1,-0.4,20.421769504072273,0.12559218401274524,-0.09268540232627853,0.0,254.00000000000006,254.00000000000006
15.69999999999996,0.1,0.1,0.1,0.1,-0.4,20.428209554748133,0.1256003872389414,-0.09277056586779733,0.0,254.00000000000006,254.00000000000006
15.79999999999996,0.1,0.1,0.1,0.1,-0.4,20.41918582635074,0.12560627601186924,-0.09265992520174764,0.0,254.00000000000006,254.00000000000006
15.89999999999996,0.1,0.1,0.1,0.1,-0.4,20.400447977004248,0.12561369464513308,-0.09242636106972685,0.0,254.00000000000006,254.00000000000006
15.99999999999996,0.1,0.1,0.1,0.1,-0.4,20.375607857215904,0.12562764730339915,-0.09211575086111853,0.0,254.00000000000006,254.00000000000006
16.09999999999996,0.1,0.1,0.1,0.1,-0.4,20.346934378696705,0.12565193689860663,-0.09175712249505213,0.0,254.00000000000006,255.00000000000006
16.19999999999996,0.1,0.1,0.1,0.1,-0.4,20.315852838886435,0.1256889793855699,-0.09136895159374178,0.0,255.00000000000006,255.00000000000006
16.29999999999996,0.1,0.1,0.1,0.1,-0.4,20.28325858911135,0.1257401486843828,-0.09096308015716582,0.0,254.00000000000006,254.00000000000006
16.399999999999963,0.1,0.1,0.1,0.1,-0.4,20.24971407625691,0.12580614442979451,-0.09054716974650741,0.0,254.00000000000006,255.00000000000006
16.499999999999964,0.1,0.1,0.1,0.1,-0.4,20.215572621447386,0.12588726311319304,-0.09012624420439946,0.0,254.00000000000006,254.00000000000006
16.599999999999966,0.1,0.1,0.1,0.1,-0.4,20.181056176006887,0.12598357197661095,-0.08970366225481015,0.0,255.00000000000006,254.00000000000006
16.699999999999967,0.1,0.1,0.1,0.1,-0.4,20.146304166628035,0.12609501196388917,-0.08928173122075847,0.0,254.00000000000006,254.00000000000006
16.79999999999997,0.1,0.1,0.1,0.1,-0.4,20.111404179203728,0.12622145512090852,-0.08886209419905476,0.0,254.00000000000006,254.00000000000006
16.89999999999997,0.1,0.1,0.1,0.1,-0.4,20.07641123397064,0.12636273482802643,-0.08844597408031388,0.0,254.00000000000006,255.00000000000006
16.99999999999997,0.1,0.1,0.1,0.1,-0.4,20.0413598938796,0.1265186606928287,-0.0880343271120944,0.0,254.00000000000006,254.00000000000006
17.099999999999973,0.1,0.1,0.1,0.1,-0.4,20.006271870901607,0.12668902521291125,-0.0876279393432399,0.0,255.00000000000006,254.00000000000006
17.199999999999974,0.1,0.1,0.1,0.1,-0.4,19.971160804201634,0.1268736062763574,-0.08722748703857656,0.0,254.00000000000006,254.00000000000006
17.299999999999976,0.1,0.1,0.1,0.1,-0.4,19.936035261719997,0.12707216772690816,-0.08683357439528794,0.0,255.00000000000006,255.00000000000006
17.399999999999977,0.1,0.1,0.1,0.1,-0.4,19.90090062572374,0.12728445915626072,-0.08644675697948463,0.0,255.00000000000006,254.00000000000006
17.49999999999998,0.1,0.1,0.1,0.1,-0.4,19.865760277283325,0.12751021549370045,-0.08606755619270526,0.0,254.00000000000006,254.00000000000006
17.59999999999998,0.1,0.1,0.1,0.1,-0.4,19.83061634034467,0.12774915664675973,-0.0856964681130127,0.0,254.00000000000006,254.00000000000006
17.69999999999998,0.1,0.1,0.1,0.1,-0.4,19.795470149144816,0.12800098728552362,-0.08533396881477417,0.0,255.00000000000006,254.00000000000006
17.799999999999983,0.1,0.1,0.1,0.1,-0.4,19.76032254183603,0.12826539678679516,-0.08498051748906414,0.0,254.00000000000006,254.00000000000006
17.899999999999984,0.1,-1.0,-1.0,0.1,-0.4,19.725174044936423,0.1285420593222431,-0.08463655819417654,0.0,254.00000000000006,254.00000000000006
17.999999999999986,0.1,-1.0,-1.0,0.1,-0.4,19.90332569693657,0.12729785715272798,-0.08642418918721033,0.0,254.00000000000006,255.00000000000006
18.099999999999987,0.1,-1.0,-1.0,0.1,-0.4,20.149432022745113,0.1261059607033415,-0.08925580153512641,0.0,254.00000000000006,254.00000000000006
18.19999999999999,0.1,-1.0,-1.0,0.1,-0.4,20.434724968761014,0.12563273067064362,-0.09278834101407,0.0,254.00000000000006,254.00000000000006
18.29999999999999,0.1,-1.0,-1.0,0.1,-0.4,20.74463461463885,0.12626603567997013,-0.09660858631125338,0.0,255.00000000000006,254.00000000000006
18.39999999999999,0.1,-1.0,-1.0,0.1,-0.4,21.070008145323474,0.12815053426725728,-0.10021121586607834,0.0,254.00000000000006,254.00000000000006
18.499999999999993,0.1,-1.0,-1.0,0.1,-0.4,21.405095883089857,0.1311898046249154,-0.10309123983856038,0.0,254.00000000000006,254.00000000000006
18.599999999999994,0.1,-1.0,-1.0,0.1,-0.4,21.746285954748462,0.13508218542123557,-0.10483043544592599,0.0,254.00000000000006,255.00000000000006
18.699999999999996,0.1,-1.0,-1.0,0.1,-0.4,22.09130942806799,0.1393805340669694,-0.1051617746396814,0.0,1.0000000000000002,254.00000000000006
18.799999999999997,0.1,-1.0,-1.0,0.1,-0.4,22.438740989267785,0.14356503165646428,-0.10400613330369222,0.0,254.00000000000006,2.0000000000000004
18.9,0.1,-1.0,-1.0,0.4,-0.1,22.784190396521264,0.1470882678796569,-0.1015118545516385,0.0,254.00000000000006,254.00000000000006
19.0,0.1,-1.0,-1.0,0.4,-0.1,23.134077470209142,0.14958179969997099,-0.09792093256006948,0.0,254.00000000000006,254.00000000000006
19.1,0.1,-1.0,-1.0,0.4,-0.1,23.48456426882037,0.15069347390281132,-0.09368512358985553,0.0,254.00000000000006,254.00000000000006
19.200000000000003,0.1,-1.0,-1.0,0.4,-0.1,23.83542780357235,0.15028150459106118,-0.08932056495143552,0.0,254.00000000000006,254.00000000000006
19.300000000000004,0.1,-1.0,-1.0,0.4,-0.1,24.18652799634397,0.148392445351751,-0.0853612151100651,0.0,254.00000000000006,254.00000000000006
19.400000000000006,0.1,-1.0,-1.0,0.4,-0.1,24.537776852351655,0.1452551305914917,-0.0822922513132264,0.0,254.00000000000006,254.00000000000006
19.500000000000007,0.1,-1.0,-1.0,0.4,-0.1,24.88911909482056,0.14125218414720342,-0.08049004687743222,0.0,254.00000000000006,254.00000000000006
19.60000000000001,0.1,-1.0,-1.0,0.4,-0.1,25.240519999939632,0.13687277345351867,-0.08017585091429613,0.0,254.00000000000006,254.00000000000006
19.70000000000001,0.1,-1.0,-1.0,0.4,-0.1,25.591957754945007,0.1326524544736776,-0.0813886620754122,0.0,255.00000000000006,0.0
19.80000000000001,0.1,-1.0,-1.0,0.4,-0.1,25.943418657574888,0.12910746551086594,-0.08398049547363198,0.0,254.00000000000006,254.00000000000006
19.900000000000013,0.1,-1.0,-1.0,0.4,-0.1,26.29489410043704,0.1266714797549066,-0.08763455078907413,0.0,254.00000000000006,254.00000000000006
20.000000000000014,0.1,-1.0,-1.0,0.4,-0.1,26.64637867663471,0.12564252002672507,-0.09190402323782298,0.0,254.00000000000006,254.00000000000006
20.100000000000016,0.1,-1.0,-1.0,0.4,-0.1,26.99786898975152,0.12614650062417598,-0.09626679642019821,0.0,255.00000000000006,254.00000000000006
20.200000000000017,0.1,-1.0,-1.0,0.4,-0.1,27.349362906304766,0.1281218351904682,-0.10018932598952261,0.0,255.00000000000006,255.00000000000006
20.30000000000002,0.1,-1.0,-1.0,0.4,-0.1,27.70085908615065,0.1313269805013393,-0.10319190479205595,0.0,254.00000000000006,254.00000000000006
20.40000000000002,0.1,0.4,0.4,0.4,-0.1,28.052356687494658,0.13536998683746823,-0.10490733300225767,0.0,255.00000000000006,254.00000000000006
20.50000000000002,0.1,0.4,0.4,0.4,-0.1,28.132381540913684,0.13643095750543272,-0.10509144380387754,0.0,0.0,254.00000000000006
20.600000000000023,0.1,0.4,0.4,0.1,-0.4,28.125918563100004,0.13636607364848408,-0.10507014888680961,0.0,36.00000000000001,255.00000000000006
20.700000000000024,0.1,0.1,0.1,0.1,-0.4,28.069581747338244,0.13567971697469958,-0.1049389030463861,0.0,17.000000000000004,255.00000000000006
20.800000000000026,0.1,0.1,0.1,0.1,-0.4,28.040087656658805,0.13531005183301228,-0.10484898727825384,0.0,1.0000000000000002,254.00000000000006
20.900000000000027,0.1,0.1,0.1,0.1,-0.4,28.009445540324094,0.13493905509351836,-0.10474832552435234,0.0,1.0000000000000002,254.00000000000006
21.00000000000003,0.1,0.1,0.1,0.1,-0.4,27.97712727955808,0.13455068235326173,-0.104631317236972,0.0,1.0000000000000002,254.00000000000006
21.10000000000003,0.1,0.1,0.1,0.1,-0.4,27.94375614045903,0.1341533835131733,-0.10449842437328782,0.0,1.0000000000000002,254.00000000000006
21.20000000000003,0.1,0.1,0.1,0.1,-0.4,27.909723597806945,0.13375265186839813,-0.10435009499394504,0.0,65.00000000000001,254.00000000000006
21.300000000000033,0.1,0.1,0.1,0.1,-0.4,27.875275570475075,0.13335212141230268,-0.10418674792465854,0.0,251.00000000000006,254.00000000000006
21.400000000000034,0.1,0.1,0.1,0.1,-0.4,27.840566541240428,0.13295425577416875,-0.10400876737704819,0.0,254.00000000000006,254.00000000000006
21.500000000000036,0.1,0.1,0.1,0.1,-0.4,27.805693554036047,0.13256078138933935,-0.10381650641708894,0.0,254.00000000000006,254.00000000000006
21.600000000000037,0.1,0.1,0.1,0.1,-0.4,27.770717570529253,0.13217295939897325,-0.10361029481660372,0.0,254.00000000000006,254.00000000000006
21.70000000000004,0.1,0.1,0.1,0.1,-0.4,27.7356768860159,0.1317917560089363,-0.10339044795448953,0.0,255.00000000000006,254.00000000000006
21.80000000000004,0.1,0.1,0.1,0.1,-0.4,27.700595557093074,0.13141794901301368,-0.10315727494474697,0.0,254.00000000000006,254.00000000000006
21.90000000000004,0.1,0.1,0.1,0.1,-0.4,27.665488695803422,0.13105219424666717,-0.10291108525115258,0.0,255.00000000000006,254.00000000000006
22.000000000000043,0.1,0.1,0.1,0.1,-0.4,27.630365795341994,0.13069506692793437,-0.10265219366752835,0.0,254.00000000000006,254.00000000000006
22.100000000000044,0.1,0.1,0.1,0.1,-0.4,27.595232819219046,0.13034708728314523,-0.10238092383626497,0.0,254.00000000000006,254.00000000000006
22.200000000000045,0.1,0.1,0.1,0.1,-0.4,27.560093513643107,0.13000873635323978,-0.10209761058047738,0.0,254.00000000000006,254.00000000000006
22.300000000000047,0.1,0.1,0.1,0.1,-0.4,27.524950231942093,0.12968046567405203,-0.10180260133009217,0.0,254.00000000000006,254.00000000000006
22.40000000000005,0.1,0.1,0.1,0.1,-0.4,27.489804452453594,0.1293627031409845,-0.10149625688492292,0.0,255.00000000000006,254.00000000000006
22.50000000000005,0.1,0.1,0.1,0.1,-0.4,27.454657103856576,0.12905585650147233,-0.10117895170821235,0.0,255.00000000000006,255.00000000000006
22.60000000000005,0.1,0.1,0.1,0.1,-0.4,27.419508769540716,0.1287603153758749,-0.10085107389643674,0.0,254.00000000000006,254.00000000000006
22.700000000000053,0.1,0.1,0.1,0.1,-0.4,27.384359815988446,0.12847645236816332,-0.10051302493098041,0.0,255.00000000000006,255.00000000000006
22.800000000000054,0.1,0.1,0.1,0.1,-0.4,27.34921047342322,0.12820462361600574,-0.10016521928582875,0.0,254.00000000000006,255.00000000000006
22.900000000000055,0.1,0.1,0.1,0.1,-0.4,27.314060886471484,0.1279451689978525,-0.09980808394197076,0.0,255.00000000000006,254.00000000000006
23.000000000000057,0.1,-1.0,-1.0,0.1,-0.4,27.278911145988378,0.12769841213245708,-0.09944205784232305,0.0,254.00000000000006,254.00000000000006
23.10000000000006,0.1,-1.0,-1.0,0.1,-0.4,27.457062016791546,0.1290380879192729,-0.10115929092891687,0.0,255.00000000000006,254.00000000000006
23.20000000000006,0.1,-1.0,-1.0,0.1,-0.4,27.703167851863185,0.13139051125381168,-0.10313532539229181,0.0,254.00000000000006,254.00000000000006
23.30000000000006,0.1,-1.0,-1.0,0.1,-0.4,27.988460489604577,0.1346250545669216,-0.1046321499815687,0.0,254.00000000000006,255.00000000000006
23.400000000000063,0.1,-1.0,-1.0,0.1,-0.4,28.298369941828067,0.13846169722127608,-0.10515703449097923,0.0,1.0000000000000002,254.00000000000006
23.500000000000064,0.1,-1.0,-1.0,0.1,-0.4,28.623743350861155,0.14246050772269736,-0.10442233941725101,0.0,255.00000000000006,1.0000000000000002
23.600000000000065,0.1,-1.0,-1.0,0.4,-0.1,28.95883101220729,0.14611057040182662,-0.102370818800672,0.0,254.00000000000006,255.00000000000006
23.700000000000067,0.1,-1.0,-1.0,0.4,-0.1,29.30002103585944,0.14892315411125237,-0.09916694655039045,0.0,254.00000000000006,254.00000000000006
23.800000000000068,0.1,-1.0,-1.0,0.4,-0.1,29.645044479021678,0.15051093155318623,-0.09515888638433842,0.0,254.00000000000006,254.00000000000006
23.90000000000007,0.1,-1.0,-1.0,0.4,-0.1,29.99247602127689,0.1506445787675116,-0.09081980084172331,0.0,254.00000000000006,254.00000000000006
24.00000000000007,0.1,-1.0,-1.0,0.4,-0.1,30.341420295167826,0.14928323338412489,-0.08667776468389408,0.0,254.00000000000006,255.00000000000006
24.100000000000072,0.1,-1.0,-1.0,0.4,-0.1,30.691314842998175,0.1465783382569919,-0.08324312069789909,0.0,254.00000000000006,254.00000000000006
24.200000000000074,0.1,-1.0,-1.0,0.4,-0.1,31.04180633673305,0.1428526665957853,-0.08094142981738012,0.0,254.00000000000006,254.00000000000006
24.300000000000075,0.1,-1.0,-1.0,0.4,-0.1,31.39267282087076,0.13855836176364358,-0.08005918294960926,0.0,254.00000000000006,254.00000000000006
24.400000000000077,0.1,-1.0,-1.0,0.4,-0.1,31.743774866383365,0.13421966752029107,-0.08070797501419792,0.0,96.00000000000003,254.00000000000006
24.500000000000078,0.1,-1.0,-1.0,0.1,-0.4,32.0950248862384,0.13036746994489895,-0.08281082643271315,0.0,254.00000000000006,254.00000000000006
24.60000000000008,0.1,-1.0,-1.0,0.1,-0.4,32.44636785980432,0.12747357057736508,-0.08611187894662213,0.0,254.00000000000006,254.00000000000006
24.70000000000008,0.1,-1.0,-1.0,0.1,-0.4,32.79776922417548,0.12589257802964032,-0.09020803203191878,0.0,255.00000000000006,255.00000000000006
24.800000000000082,0.1,-1.0,-1.0,0.1,-0.4,33.149207267665965,0.1258183791631083,-0.09459853649300938,0.0,254.00000000000006,254.00000000000006
24.900000000000084,0.1,-1.0,-1.0,0.1,-0.4,33.50066835150948,0.12726040103845485,-0.09874644439318958,0.0,255.00000000000006,254.00000000000006
25.000000000000085,0.1,-1.0,-1.0,0.1,-0.4,33.852143908200475,0.13004249178265578,-0.10214440414504364,0.0,254.00000000000006,255.00000000000006
25.100000000000087,0.1,-1.0,-1.0,0.1,-0.4,34.20362855589813,0.1338245133989811,-0.10437677362411663,0.0,254.00000000000006,254.00000000000006
25.200000000000088,0.1,-1.0,-1.0,0.1,-0.4,34.5551189139256,0.13814398402905173,-0.10517047679393836,0.0,217.00000000000006,254.00000000000006
25.30000000000009,0.1,-1.0,-1.0,0.1,-0.4,34.90661285868736,0.14247266900482403,-0.10442840242009419,0.0,254.00000000000006,1.0000000000000002
25.40000000000009,0.1,-1.0,-1.0,0.4,-0.1,35.25810905625042,0.14628119940317724,-0.10224127322798329,0.0,254.00000000000006,254.00000000000006
25.500000000000092,0.1,0.4,0.4,0.4,-0.1,35.609606668721675,0.1491038184905549,-0.0988765419002873,0.0,254.00000000000006,255.00000000000006
25.600000000000094,0.1,0.4,0.4,0.4,-0.1,35.689631529122146,0.1495901068126797,-0.0979157716863567,0.0,254.00000000000006,254.00000000000006
25.700000000000095,0.1,0.4,0.4,0.4,-0.1,35.68316855569254,0.14955077058441674,-0.09797159325002472,0.0,255.00000000000006,254.00000000000006
25.800000000000097,0.1,0.4,0.4,0.4,-0.1,35.62683174268409,0.14922457230008232,-0.0985895783541101,0.0,255.00000000000006,254.00000000000006
25.900000000000098,0.1,0.4,0.4,0.4,-0.1,35.53916467729613,0.1486515651815982,-0.09952295783337062,0.0,254.00000000000006,254.00000000000006
26.0000000000001,0.1,0.4,0.4,0.4,-0.1,35.431816402696775,0.14784299591798794,-0.10059671315310317,0.0,254.00000000000006,254.00000000000006
26.1000000000001,0.1,0.4,0.4,0.4,-0.1,35.31210467420895,0.14681192707196988,-0.10168677996768483,0.0,255.00000000000006,254.00000000000006
26.200000000000102,0.1,0.4,0.4,0.4,-0.1,35.18462639873096,0.14557944308330212,-0.10270487932133435,0.0,254.00000000000006,255.00000000000006
26.300000000000104,0.1,0.4,0.4,0.4,-0.1,35.052269287076044,0.14417369411356545,-0.10358823476765527,0.0,254.00000000000006,255.00000000000006
26.400000000000105,0.1,0.4,0.4,0.4,-0.1,34.916847358194275,0.14262761116024386,-0.10429261326063194,0.0,255.00000000000006,254.00000000000006
26.500000000000107,0.1,0.4,0.4,0.4,-0.1,34.779500153303815,0.14097693751309984,-0.10478762347452522,0.0,254.00000000000006,255.00000000000006
26.600000000000108,0.1,0.4,0.4,0.4,-0.1,34.64094351631537,0.13925882197834988,-0.10505357038690792,0.0,254.00000000000006,255.00000000000006
26.70000000000011,0.1,0.4,0.4,0.4,-0.1,34.5016271304637,0.13751083883536017,-0.10507937337019227,0.0,254.00000000000006,1.0000000000000002
26.80000000000011,0.1,0.4,0.4,0.4,-0.1,34.36183348057015,0.13577025839354837,-0.10486118884471796,0.0,254.00000000000006,4.000000000000001
26.900000000000112,0.1,0.4,0.4,0.4,-0.1,34.221740019737254,0.13407344070230803,-0.10440147730020048,0.0,0.0,254.00000000000006
27.000000000000114,0.1,0.4,0.4,0.1,-0.4,34.08145822159443,0.13245528043596666,-0.10370833102594137,0.0,103.00000000000003,254.00000000000006
27.100000000000115,0.1,0.1,0.1,0.1,-0.4,33.941058112373995,0.13094867172553087,-0.10279493748332749,0.0,255.00000000000006,254.00000000000006
27.200000000000117,0.1,0.1,0.1,0.1,-0.4,33.85875661276289,0.13011887968583247,-0.102153513424746,0.0,255.00000000000006,255.00000000000006
27.300000000000118,0.1,0.1,0.1,0.1,-0.4,33.79494163168247,0.1295206733077141,-0.10161585449130071,0.0,254.00000000000006,254.00000000000006
27.40000000000012,0.1,0.1,0.1,0.1,-0.4,33.74178464711048,0.1290499281045894,-0.1011399212552655,0.0,254.00000000000006,254.00000000000006
27.50000000000012,0.1,0.1,0.1,0.1,-0.4,33.695322916279814,0.1286600002163832,-0.10070428719075898,0.0,254.00000000000006,254.00000000000006
27.600000000000122,0.1,0.1,0.1,0.1,-0.4,33.65306704848663,0.12832343737904367,-0.10029304695032307,0.0,254.00000000000006,254.00000000000006
27.700000000000124,0.1,0.1,0.1,0.1,-0.4,33.61345324391489,0.12802400952907805,-0.09989517387829291,0.0,254.00000000000006,254.00000000000006
27.800000000000125,0.1,0.1,0.1,0.1,-0.4,33.57549914579279,0.12775211483824064,-0.09950332328527876,0.0,254.00000000000006,254.00000000000006
27.900000000000126,0.1,0.1,0.1,0.1,-0.4,33.53858765158825,0.127502097094545,-0.09911275074824238,0.0,254.00000000000006,254.00000000000006
28.000000000000128,0.1,0.1,0.1,0.1,-0.4,33.502331106279925,0.1272706600195188,-0.09872048795906424,0.0,254.00000000000006,254.00000000000006
28.10000000000013,0.1,-1.0,-1.0,0.1,-0.4,33.46648599050545,0.1270559211283528,-0.09832475783795952,0.0,255.00000000000006,254.00000000000006
28.20000000000013,0.1,-1.0,-1.0,0.1,-0.4,33.64420004267664,0.12822243102454925,-0.10015749278021602,0.0,254.00000000000006,254.00000000000006
28.300000000000132,0.1,-1.0,-1.0,0.1,-0.4,33.890031474585015,0.1303719615275306,-0.10234768875672341,0.0,254.00000000000006,255.00000000000006
28.400000000000134,0.1,-1.0,-1.0,0.1,-0.4,34.17515173560695,0.13344563132656173,-0.10414766653988058,0.0,254.00000000000006,254.00000000000006
28.500000000000135,0.1,-1.0,-1.0,0.1,-0.4,34.48495290246754,0.13721252367985684,-0.10503950134164314,0.0,254.00000000000006,254.00000000000006
28.600000000000136,0.1,-1.0,-1.0,0.1,-0.4,34.81025828743695,0.14126270919777287,-0.10469402395748553,0.0,255.00000000000006,68.00000000000001
28.700000000000138,0.1,-1.0,-1.0,0.4,-0.1,35.14530321639194,0.14509325541621265,-0.10300460170393676,0.0,255.00000000000006,255.00000000000006
28.80000000000014,0.1,-1.0,-1.0,0.4,-0.1,35.48646639563267,0.1482018170919883,-0.10008751122781584,0.0,255.00000000000006,254.00000000000006
28.90000000000014,0.1,-1.0,-1.0,0.4,-0.1,35.83147297508779,0.15016919335273848,-0.09625173180462723,0.0,255.00000000000006,254.00000000000006
29.000000000000142,0.1,-1.0,-1.0,0.4,-0.1,36.1788939234581,0.15072135967751668,-0.09194598065820747,0.0,254.00000000000006,255.00000000000006
29.100000000000144,0.1,-1.0,-1.0,0.4,-0.1,36.527831542147005,0.1497665705043026,-0.08769187898819093,0.0,254.00000000000006,254.00000000000006
29.200000000000145,0.1,-1.0,-1.0,0.4,-0.1,36.877721909055865,0.14740620991244216,-0.08401200387319835,0.0,254.00000000000006,254.00000000000006
29.300000000000146,0.1,-1.0,-1.0,0.4,-0.1,37.22821077622151,0.14392039418428787,-0.08136111466111666,0.0,254.00000000000006,255.00000000000006
29.400000000000148,0.1,-1.0,-1.0,0.4,-0.1,37.579075610247294,0.1397314518539746,-0.08006805761997213,0.0,255.00000000000006,254.00000000000006
29.50000000000015,0.1,-1.0,-1.0,0.4,-0.1,37.93017661907258,0.13535038136831656,-0.08029457001147634,0.0,1.0000000000000002,255.00000000000006
29.60000000000015,0.1,-1.0,-1.0,0.1,-0.4,38.28142598760719,0.13131301895664943,-0.08201533859702875,0.0,255.00000000000006,86.00000000000001
29.700000000000152,0.1,-1.0,-1.0,0.4,-0.1,38.63276855195249,0.12811368085061373,-0.08502129814114794,0.0,254.00000000000006,255.00000000000006
29.800000000000153,0.1,-1.0,-1.0,0.4,-0.1,38.98416965920064,0.12614426868067546,-0.08894550450772018,0.0,254.00000000000006,254.00000000000006
29.900000000000155,0.1,-1.0,-1.0,0.4,-0.1,39.33560754112503,0.12564615134680446,-0.09330828994178761,0.0,254.00000000000006,254.00000000000006
30.000000000000156,0.1,-1.0,-1.0,0.4,-0.1,39.6870685234389,0.1266805995777676,-0.09757613168129803,0.0,254.00000000000006,254.00000000000006
30.100000000000158,0.1,-1.0,-1.0,0.4,-0.1,40.038544016321474,0.12912131380893457,-0.10122703111967027,0.0,254.00000000000006,255.00000000000006
30.20000000000016,0.1,-1.0,-1.0,0.4,-0.1,40.39002862391234,0.1326699135920464,-0.1038144229342661,0.0,254.00000000000006,254.00000000000006
30.30000000000016,0.1,-1.0,-1.0,0.4,-0.1,40.74151895672673,0.13689247042394614,-0.10502181784106232,0.0,254.00000000000006,254.00000000000006
30.400000000000162,0.1,-1.0,-1.0,0.4,-0.1,41.09301288563506,0.14127260645504122,-0.10470151368986606,0.0,243.00000000000006,228.00000000000006
30.500000000000163,0.1,-1.0,-1.0,0.4,-0.1,41.44450907322724,0.1452746636358927,-0.10289265348511828,0.0,254.00000000000006,255.00000000000006
30.600000000000165,0.1,0.4,0.4,0.4,-0.1,41.79600667942532,0.14840922015971703,-0.09981643011503342,0.0,254.00000000000006,254.00000000000006
30.700000000000166,0.1,0.4,0.4,0.4,-0.1,41.876031535851524,0.14898607509064982,-0.09890714797049965,0.0,254.00000000000006,254.00000000000006
30.800000000000168,0.1,0.4,0.4,0.4,-0.1,41.869568559919,0.14894152797950816,-0.09895890668152818,0.0,254.00000000000006,255.00000000000006
30.90000000000017,0.1,0.4,0.4,0.4,-0.1,41.8132317453357,0.1485571372268112,-0.09954247733047863,0.0,254.00000000000006,254.00000000000006
31.00000000000017,0.1,0.4,0.4,0.4,-0.1,41.725564678957696,0.14789661494019224,-0.10041611613341775,0.0,254.00000000000006,254.00000000000006
31.100000000000172,0.1,0.4,0.4,0.4,-0.1,41.618216403736525,0.14698806794050182,-0.10140671045984047,0.0,255.00000000000006,254.00000000000006
31.200000000000173,0.1,0.4,0.4,0.4,-0.1,41.49850467485856,0.14585648650459354,-0.10239203888236896,0.0,254.00000000000006,254.00000000000006
31.300000000000175,0.1,0.4,0.4,0.4,-0.1,41.37102639913595,0.14453138715063799,-0.10328627307580276,0.0,254.00000000000006,255.00000000000006
31.400000000000176,0.1,0.4,0.4,0.4,-0.1,41.23866928732795,0.14304685463666414,-0.10402965066166871,0.0,255.00000000000006,254.00000000000006
31.500000000000178,0.1,0.4,0.4,0.4,-0.1,41.10324735835049,0.1414399402565247,-0.10458132786933039,0.0,254.00000000000006,255.00000000000006
31.60000000000018,0.1,0.4,0.4,0.4,-0.1,40.965900153400256,0.1397491568525103,-0.1049145096312573,0.0,254.00000000000006,254.00000000000006
31.70000000000018,0.1,0.4,0.4,0.4,-0.1,40.82734351637458,0.13801338257819273,-0.10501318294429468,0.0,254.00000000000006,83.00000000000001
31.800000000000182,0.1,0.4,0.4,0.4,-0.1,40.68802713049978,0.1362710866252198,-0.10486994999917618,0.0,254.00000000000006,0.0
31.900000000000183,0.1,0.4,0.4,0.4,-0.1,40.54823348059191,0.1345597362926722,-0.10448458679074052,0.0,6.000000000000002,254.00000000000006
32.000000000000185,0.1,0.4,0.4,0.1,-0.4,40.40814001975018,0.13291528369186856,-0.1038630559175775,0.0,1.0000000000000002,254.00000000000006
32.100000000000186,0.1,0.1,0.1,0.1,-0.4,40.267858221601976,0.13137167819332096,-0.10301678381550128,0.0,254.00000000000006,254.00000000000006
32.20000000000019,0.1,0.1,0.1,0.1,-0.4,40.185631043844765,0.13051548690948947,-0.10241267732622514,0.0,255.00000000000006,254.00000000000006
32.30000000000019,0.1,0.1,0.1,0.1,-0.4,40.12186275083353,0.12989484142642482,-0.10190201390510731,0.0,254.00000000000006,254.00000000000006
32.40000000000019,0.1,0.1,0.1,0.1,-0.4,40.06873509512258,0.1294040270676185,-0.10144735143707143,0.0,255.00000000000006,254.00000000000006
32.50000000000019,0.1,0.1,0.1,0.1,-0.4,40.02229178831309,0.12899559195746865,-0.10102934549670149,0.0,254.00000000000006,255.00000000000006
32.60000000000019,0.1,0.1,0.1,0.1,-0.4,39.980047494258365,0.12864146359291828,-0.10063332714826495,0.0,254.00000000000006,254.00000000000006
32.700000000000195,0.1,0.1,0.1,0.1,-0.4,39.94044096016486,0.1283249741320583,-0.10024900590412116,0.0,255.00000000000006,254.00000000000006
32.800000000000196,0.1,0.1,0.1,0.1,-0.4,39.90249142926815,0.1280362269832213,-0.0998694751817063,0.0,254.00000000000006,254.00000000000006
32.9000000000002,0.1,0.1,0.1,0.1,-0.4,39.86558280414009,0.1277693742646045,-0.09949025000217183,0.0,255.00000000000006,255.00000000000006
33.0000000000002,0.1,0.1,0.1,0.1,-0.4,39.82932806115271,0.12752099937451694,-0.09910851402147806,0.0,254.00000000000006,255.00000000000006
33.1000000000002,0.1,0.1,0.1,0.1,-0.4,39.79348407757669,0.12728914780563003,-0.09872257740382145,0.0,254.00000000000006,254.00000000000006
33.2000000000002,0.1,-1.0,-1.0,0.1,-0.4,39.757898127178436,0.12707274291820203,-0.09833150209945017,0.0,254.00000000000006,254.00000000000006
33.3000000000002,0.1,-1.0,-1.0,0.1,-0.4,39.93577498195756,0.12825550127025032,-0.10015624045987732,0.0,254.00000000000006,255.00000000000006
33.400000000000205,0.1,-1.0,-1.0,0.1,-0.4,40.181708684145846,0.1304243132199091,-0.10232916080248385,0.0,254.00000000000006,255.00000000000006
33.500000000000206,0.1,-1.0,-1.0,0.1,-0.4,40.466893190049845,0.13351389248751408,-0.10410330893876676,0.0,254.00000000000006,255.00000000000006
33.60000000000021,0.1,-1.0,-1.0,0.1,-0.4,40.77673471481907,0.13728878019817142,-0.10496294724825377,0.0,254.00000000000006,254.00000000000006
33.70000000000021,0.1,-1.0,-1.0,0.1,-0.4,41.102065452227414,0.14133615884580875,-0.10458260824306691,0.0,254.00000000000006,27.000000000000007
33.80000000000021,0.1,-1.0,-1.0,0.4,-0.1,41.43712630737032,0.14515217184752047,-0.10286012729512473,0.0,254.00000000000006,254.00000000000006
33.90000000000021,0.1,-1.0,-1.0,0.4,-0.1,41.77829949133304,0.14823550598571222,-0.09991620359753381,0.0,255.00000000000006,254.00000000000006
34.00000000000021,0.1,-1.0,-1.0,0.4,-0.1,42.12331235570465,0.15016967103143847,-0.09606348325995734,0.0,254.00000000000006,254.00000000000006
34.100000000000215,0.1,-1.0,-1.0,0.4,-0.1,42.47073725224233,0.1506845608167668,-0.09175306610403856,0.0,254.00000000000006,254.00000000000006
34.200000000000216,0.1,-1.0,-1.0,0.4,-0.1,42.819677351170306,0.14969297016548846,-0.08750735996535224,0.0,255.00000000000006,254.00000000000006
34.30000000000022,0.1,-1.0,-1.0,0.4,-0.1,43.169569276174286,0.14730081999498987,-0.08384804718036899,0.0,254.00000000000006,255.00000000000006
34.40000000000022,0.1,-1.0,-1.0,0.4,-0.1,43.520059122148005,0.1437921646970359,-0.08122744238281289,0.0,255.00000000000006,254.00000000000006
34.50000000000022,0.1,-1.0,-1.0,0.4,-0.1,43.87092457107455,0.1395921711603391,-0.07997071821477623,0.0,254.00000000000006,254.00000000000006
34.60000000000022,0.1,-1.0,-1.0,0.4,-0.1,44.222025966193485,0.13521322259488264,-0.08023517613453346,0.0,1.0000000000000002,254.00000000000006
34.70000000000022,0.1,-1.0,-1.0,0.1,-0.4,44.57327557740952,0.13119091692740975,-0.08199085927507879,0.0,254.00000000000006,146.00000000000003
34.800000000000225,0.1,-1.0,-1.0,0.4,-0.1,44.92461829421748,0.12801774073790406,-0.08502442591081154,0.0,255.00000000000006,254.00000000000006
34.900000000000226,0.1,-1.0,-1.0,0.4,-0.1,45.27601949725141,0.1260824015248871,-0.08896554915429619,0.0,254.00000000000006,254.00000000000006
35.00000000000023,0.1,-1.0,-1.0,0.4,-0.1,45.62745743935577,0.1256221028590998,-0.09333248735737092,0.0,254.00000000000006,254.00000000000006
35.10000000000023,0.1,-1.0,-1.0,0.4,-0.1,45.978918459480816,0.12669349023552356,-0.09759120658051805,0.0,254.00000000000006,254.00000000000006
35.20000000000023,0.1,-1.0,-1.0,0.4,-0.1,46.33039397612135,0.12916574576119577,-0.10122082196412834,0.0,254.00000000000006,254.00000000000006
35.30000000000023,0.1,-1.0,-1.0,0.4,-0.1,46.6818785986411,0.1327366307438485,-0.10377737019500796,0.0,254.00000000000006,254.00000000000006
35.40000000000023,0.1,-1.0,-1.0,0.4,-0.1,47.03336894083717,0.13696949060704666,-0.10494813363484139,0.0,254.00000000000006,254.00000000000006
35.500000000000234,0.1,-1.0,-1.0,0.4,-0.1,47.384862875641794,0.1413466870179676,-0.10458988986415542,0.0,254.00000000000006,193.00000000000006
35.600000000000236,0.1,-1.0,-1.0,0.4,-0.1,47.73635906694025,0.14533292112460283,-0.10274642167877143,0.0,254.00000000000006,254.00000000000006
35.70000000000024,0.1,0.4,0.4,0.4,-0.1,48.08785667546842,0.14844070598700423,-0.0996431543182991,0.0,254.00000000000006,254.00000000000006
35.80000000000024,0.1,0.4,0.4,0.4,-0.1,48.167881533364756,0.14900966088575437,-0.09872890818480387,0.0,255.00000000000006,255.00000000000006
35.90000000000024,0.1,0.4,0.4,0.4,-0.1,48.16141855835698,0.14896556405204592,-0.0987810510011262,0.0,254.00000000000006,254.00000000000006
36.00000000000024,0.1,0.4,0.4,0.4,-0.1,48.105081744355054,0.14858624423270073,-0.09936793038775928,0.0,255.00000000000006,254.00000000000006
36.10000000000024,0.1,0.4,0.4,0.4,-0.1,48.01741467834239,0.147933316539367,-0.10024725960032341,0.0,255.00000000000006,254.00000000000006
36.200000000000244,0.1,0.4,0.4,0.4,-0.1,47.91006640335068,0.14703338679332018,-0.10124568897337541,0.0,254.00000000000006,255.00000000000006
36.300000000000246,0.1,0.4,0.4,0.4,-0.1,47.790354674616786,0.1459103853394516,-0.10224078513672959,0.0,254.00000000000006,255.00000000000006
36.40000000000025,0.1,0.4,0.4,0.4,-0.1,47.6628763989846,0.14459308392470216,-0.10314646723810679,0.0,254.00000000000006,254.00000000000006
36.50000000000025,0.1,0.4,0.4,0.4,-0.1,47.53051928723326,0.14311504821451193,-0.10390267981179316,0.0,255.00000000000006,254.00000000000006
36.60000000000025,0.1,0.4,0.4,0.4,-0.1,47.39509735829132,0.14151297422018566,-0.10446825958622703,0.0,254.00000000000006,254.00000000000006
36.70000000000025,0.1,0.4,0.4,0.4,-0.1,47.25775015336337,0.13982514117231645,-0.10481607880213308,0.0,254.00000000000006,254.00000000000006
36.80000000000025,0.1,0.4,0.4,0.4,-0.1,47.119193516351615,0.13809028702074813,-0.10492978819478514,0.0,254.00000000000006,131.00000000000003
36.900000000000254,0.1,0.4,0.4,0.4,-0.1,46.97987713048549,0.1363468154154522,-0.10480165691354314,0.0,254.00000000000006,1.0000000000000002
37.000000000000256,0.1,0.4,0.4,0.4,-0.1,46.84008348058305,0.1346321903091536,-0.10443113632361384,0.0,17.000000000000004,254.00000000000006
37.10000000000026,0.1,0.4,0.4,0.1,-0.4,46.69999001974472,0.1329824141277785,-0.1038238772901989,0.0,0.0,254.00000000000006
37.20000000000026,0.1,0.1,0.1,0.1,-0.4,46.55970822159853,0.13143153397329171,-0.10299101166351272,0.0,255.00000000000006,254.00000000000006
37.30000000000026,0.1,0.1,0.1,0.1,-0.4,46.477481043842566,0.13057014049371116,-0.1023943463987395,0.0,254.00000000000006,254.00000000000006
37.40000000000026,0.1,0.1,0.1,0.1,-0.4,46.41371275083212,0.12994509361873435,-0.10188907978658421,0.0,255.00000000000006,255.00000000000006
37.50000000000026,0.1,0.1,0.1,0.1,-0.4,46.36058509512167,0.12945035821986356,-0.10143868709156167,0.0,254.00000000000006,254.00000000000006
37.600000000000264,0.1,0.1,0.1,0.1,-0.4,46.31414178831252,0.12903831659132295,-0.10102423576544421,0.0,254.00000000000006,254.00000000000006
37.700000000000266,0.1,0.1,0.1,0.1,-0.4,46.27189749425794,0.12868077018356558,-0.1006313006599036,0.0,254.00000000000006,254.00000000000006
37.80000000000027,0.1,0.1,0.1,0.1,-0.4,46.232290960164484,0.12836096261750915,-0.10024973609364869,0.0,255.00000000000006,254.00000000000006
37.90000000000027,0.1,0.1,0.1,0.1,-0.4,46.19434142926783,0.12806893783026552,-0.09987272149333655,0.0,254.00000000000006,254.00000000000006
38.00000000000027,0.1,0.1,0.1,0.1,-0.4,46.15743280413982,0.1277988092990247,-0.09949582271802365,0.0,254.00000000000006,255.00000000000006
38.10000000000027,0.1,0.1,0.1,0.1,-0.4,46.12117806115244,0.12754713614785598,-0.09911625313288719,0.0,254.00000000000006,254.00000000000006
38.20000000000027,0.1,0.1,0.1,0.1,-0.4,46.08533407757645,0.12731194930103829,-0.09873233990059918,0.0,254.00000000000006,255.00000000000006
38.300000000000274,0.1,-1.0,-1.0,0.1,-0.4,46.04974812717819,0.127092164031403,-0.09834315433529392,0.0,254.00000000000006,254.00000000000006
38.400000000000276,0.1,-1.0,-1.0,0.1,-0.4,46.227624981957305,0.12829068858381945,-0.10015757608906886,0.0,255.00000000000006,254.00000000000006
38.50000000000028,0.1,-1.0,-1.0,0.1,-0.4,46.47355868414558,0.13047824657149681,-0.10231162301028944,0.0,254.00000000000006,254.00000000000006
38.60000000000028,0.1,-1.0,-1.0,0.1,-0.4,46.75874319004958,0.1335830821178744,-0.10405893462823838,0.0,254.00000000000006,255.00000000000006
38.70000000000028,0.1,-1.0,-1.0,0.1,-0.4,47.068584714818805,0.13736527653459712,-0.10488583283557902,0.0,255.00000000000006,255.00000000000006
38.80000000000028,0.1,-1.0,-1.0,0.1,-0.4,47.39722537289207,0.1414492875419951,-0.10445948826356724,0.0,254.00000000000006,8.000000000000002
38.90000000000028,0.1,-1.0,-1.0,0.4,-0.1,47.73236247963233,0.14524519457971777,-0.10269088458187585,0.0,254.00000000000006,254.00000000000006
39.000000000000284,0.1,-1.0,-1.0,0.4,-0.1,48.07358356380793,0.14829318000482308,-0.09970952275543764,0.0,254.00000000000006,254.00000000000006
39.100000000000286,0.1,-1.0,-1.0,0.4,-0.1,48.418626518418655,0.1501806911840681,-0.09583331493748343,0.0,255.00000000000006,255.00000000000006
39.20000000000029,0.1,-1.0,-1.0,0.4,-0.1,48.76607031720288,0.15064324167815846,-0.09151673041382963,0.0,255.00000000000006,254.00000000000006
39.30000000000029,0.1,-1.0,-1.0,0.4,-0.1,49.11502229023007,0.14960008327872842,-0.08728324664169287,0.0,255.00000000000006,254.00000000000006
39.40000000000029,0.1,-1.0,-1.0,0.4,-0.1,49.46492167434797,0.1471635454350363,-0.083653226053408,0.0,255.00000000000006,255.00000000000006
39.50000000000029,0.1,-1.0,-1.0,0.4,-0.1,49.81541620600503,0.14362320957723929,-0.08107548177604679,0.0,255.00000000000006,254.00000000000006
39.60000000000029,0.1,-1.0,-1.0,0.4,-0.1,50.16628459838742,0.13940819285229122,-0.07986997051252674,0.0,254.00000000000006,254.00000000000006
39.700000000000294,0.1,-1.0,-1.0,0.4,-0.1,50.51738784252252,0.13503276593647595,-0.0801877288004728,0.0,1.0000000000000002,254.00000000000006
39.800000000000296,0.1,-1.0,-1.0,0.1,-0.4,50.86863861524626,0.1310321250051923,-0.0819922690772603,0.0,254.00000000000006,222.00000000000006
39.9000000000003,0.1,-1.0,-1.0,0.1,-0.4,51.21998206168173,0.12789612122039165,-0.08506426093060923,0.0,254.00000000000006,254.00000000000006
40.0000000000003,0.1,-1.0,-1.0,0.1,-0.4,51.571383723044725,0.1260089211419866,-0.08902866712300993,0.0,255.00000000000006,254.00000000000006
40.1000000000003,0.1,-1.0,-1.0,0.1,-0.4,51.922821953054516,0.12560184156233814,-0.09340089103915819,0.0,254.00000000000006,254.00000000000006
40.2000000000003,0.1,-1.0,-1.0,0.1,-0.4,52.27428315402916,0.12672501806913153,-0.09764624788547047,0.0,254.00000000000006,255.00000000000006
40.3000000000003,0.1,-1.0,-1.0,0.1,-0.4,52.625758784269934,0.12924129739874152,-0.10124548475727949,0.0,254.00000000000006,255.00000000000006
40.400000000000304,0.1,-1.0,-1.0,0.1,-0.4,52.97724347814611,0.13284305548871145,-0.10375835263000212,0.0,255.00000000000006,255.00000000000006
40.500000000000306,0.1,-1.0,-1.0,0.1,-0.4,53.32873386516272,0.13708986116721947,-0.10487747556092855,0.0,254.00000000000006,254.00000000000006
40.60000000000031,0.1,-1.0,-1.0,0.1,-0.4,53.680227828119286,0.1414623700575433,-0.10446594653249507,0.0,254.00000000000006,115.00000000000003
40.70000000000031,0.1,-1.0,-1.0,0.4,-0.1,54.03172403709942,0.14542585628730312,-0.1025740648832723,0.0,254.00000000000006,254.00000000000006
40.80000000000031,0.1,0.4,0.4,0.4,-0.1,54.38322165673258,0.14849561468538652,-0.0994331765251929,0.0,254.00000000000006,254.00000000000006
40.90000000000031,0.1,0.4,0.4,0.4,-0.1,54.46324652159648,0.14905339226841133,-0.09851206848181704,0.0,255.00000000000006,255.00000000000006
41.00000000000031,0.1,0.4,0.4,0.4,-0.1,54.45678355096402,0.14900993362450096,-0.09856474435586089,0.0,255.00000000000006,254.00000000000006
41.100000000000314,0.1,0.4,0.4,0.4,-0.1,54.40044673970999,0.148637789649962,-0.09915619998172556,0.0,254.00000000000006,254.00000000000006
41.200000000000315,0.1,0.4,0.4,0.4,-0.1,54.31277967542331,0.14799561998354702,-0.10004341613995299,0.0,254.00000000000006,255.00000000000006
41.30000000000032,0.1,0.4,0.4,0.4,-0.1,54.20543140151592,0.14710791717692462,-0.1010527319741496,0.0,255.00000000000006,254.00000000000006
41.40000000000032,0.1,0.4,0.4,0.4,-0.1,54.085719673463274,0.14599711863199072,-0.10206143173521626,0.0,255.00000000000006,254.00000000000006
41.50000000000032,0.1,0.4,0.4,0.4,-0.1,53.958241398259155,0.144690945545132,-0.10298309053165473,0.0,254.00000000000006,255.00000000000006
41.60000000000032,0.1,0.4,0.4,0.4,-0.1,53.82588428677688,0.14322222964946224,-0.10375724854172746,0.0,255.00000000000006,254.00000000000006
41.70000000000032,0.1,0.4,0.4,0.4,-0.1,53.69046235800405,0.14162716288775634,-0.10434229861105809,0.0,254.00000000000006,254.00000000000006
41.800000000000324,0.1,0.4,0.4,0.4,-0.1,53.55311515318241,0.1399436912492006,-0.10471064877390683,0.0,254.00000000000006,255.00000000000006
41.900000000000325,0.1,0.4,0.4,0.4,-0.1,53.414558516237584,0.1382103506842238,-0.10484547917269774,0.0,255.00000000000006,197.00000000000006
42.00000000000033,0.1,0.4,0.4,0.4,-0.1,53.275242130413574,0.13646544783566653,-0.1047385917962684,0.0,255.00000000000006,1.0000000000000002
42.10000000000033,0.1,0.4,0.4,0.4,-0.1,53.13544848053765,0.13474643719422386,-0.10438898176154944,0.0,67.00000000000001,254.00000000000006
42.20000000000033,0.1,0.4,0.4,0.1,-0.4,52.995355019716,0.13308938733865172,-0.10380186102619154,0.0,1.0000000000000002,254.00000000000006
42.30000000000033,0.1,0.1,0.1,0.1,-0.4,52.85507322158041,0.1315284784240947,-0.10298794594104434,0.0,254.00000000000006,255.00000000000006
42.40000000000033,0.1,0.1,0.1,0.1,-0.4,52.772846043831095,0.1306598818207009,-0.10240181617276756,0.0,255.00000000000006,254.00000000000006
42.500000000000334,0.1,0.1,0.1,0.1,-0.4,52.70907775082486,0.13002872747108815,-0.10190419972188673,0.0,254.00000000000006,254.00000000000006
42.600000000000335,0.1,0.1,0.1,0.1,-0.4,52.65595009511707,0.1295285432624507,-0.10145986600492037,0.0,254.00000000000006,254.00000000000006
42.70000000000034,0.1,0.1,0.1,0.1,-0.4,52.609506788309595,0.12911148443401088,-0.1010504638322553,0.0,254.00000000000006,254.00000000000006
42.80000000000034,0.1,0.1,0.1,0.1,-0.4,52.567262494256084,0.1287491788382886,-0.1006619125664332,0.0,254.00000000000006,255.00000000000006
42.90000000000034,0.1,0.1,0.1,0.1,-0.4,52.52765596016334,0.12842474777089627,-0.10028427136100335,0.0,254.00000000000006,254.00000000000006
43.00000000000034,0.1,0.1,0.1,0.1,-0.4,52.48970642926709,0.12812815283703924,-0.0999108414071646,0.0,254.00000000000006,255.00000000000006
43.10000000000034,0.1,0.1,0.1,0.1,-0.4,52.452797804139344,0.12785345394544456,-0.09953726058701973,0.0,254.00000000000006,254.00000000000006
43.200000000000344,0.1,0.1,0.1,0.1,-0.4,52.41654306115214,0.12759717653593525,-0.0991607843801276,0.0,254.00000000000006,254.00000000000006
43.300000000000345,0.1,0.1,0.1,0.1,-0.4,52.380699077576246,0.12735733130474625,-0.09877976405531733,0.0,254.00000000000006,254.00000000000006
43.40000000000035,0.1,-1.0,-1.0,0.1,-0.4,52.34511312717808,0.12713282229437622,-0.09839328420687248,0.0,254.00000000000006,255.00000000000006
43.50000000000035,0.1,-1.0,-1.0,0.1,-0.4,52.52298998195726,0.12835335650430107,-0.10019297408175992,0.0,254.00000000000006,254.00000000000006
43.60000000000035,0.1,-1.0,-1.0,0.1,-0.4,52.768923684145605,0.13056698721906657,-0.10232021810794811,0.0,255.00000000000006,254.00000000000006
43.70000000000035,0.1,-1.0,-1.0,0.1,-0.4,53.05410819004963,0.13369287366786392,-0.10402958511638259,0.0,255.00000000000006,255.00000000000006
43.80000000000035,0.1,-1.0,-1.0,0.1,-0.4,53.363949714818865,0.13748485867064017,-0.10481035716374107,0.0,231.00000000000006,254.00000000000006
43.900000000000354,0.1,-1.0,-1.0,0.1,-0.4,53.68928045222721,0.1415234307217304,-0.10434574176970479,0.0,254.00000000000006,1.0000000000000002
44.000000000000355,0.1,-1.0,-1.0,0.4,-0.1,54.024341307370115,0.14530271328950212,-0.10254409832046238,0.0,254.00000000000006,254.00000000000006
44.10000000000036,0.1,-1.0,-1.0,0.4,-0.1,54.36551449133283,0.1483240177781634,-0.09953654859821756,0.0,254.00000000000006,255.00000000000006
44.20000000000036,0.1,-1.0,-1.0,0.4,-0.1,54.71052735570444,0.15017746087975845,-0.09564435164882804,0.0,255.00000000000006,254.00000000000006
44.30000000000036,0.1,-1.0,-1.0,0.4,-0.1,55.057952252242124,0.15060239732098704,-0.09132413908808608,0.0,254.00000000000006,254.00000000000006
44.40000000000036,0.1,-1.0,-1.0,0.4,-0.1,55.4068923511701,0.14952252935163687,-0.0871000228722896,0.0,254.00000000000006,254.00000000000006
44.50000000000036,0.1,-1.0,-1.0,0.4,-0.1,55.75678427617408,0.14705462823959467,-0.08349136431297136,0.0,255.00000000000006,255.00000000000006
44.600000000000364,0.1,-1.0,-1.0,0.4,-0.1,56.1072741221478,0.14349211420761723,-0.08094445927414493,0.0,254.00000000000006,254.00000000000006
44.700000000000365,0.1,-1.0,-1.0,0.4,-0.1,56.45813957107435,0.13926683931585,-0.07977554805774532,0.0,255.00000000000006,254.00000000000006
44.80000000000037,0.1,-1.0,-1.0,0.4,-0.1,56.80924096619328,0.13489435408084688,-0.08013121841062272,0.0,1.0000000000000002,254.00000000000006
44.90000000000037,0.1,-1.0,-1.0,0.1,-0.4,57.16049057740931,0.13090951569074427,-0.08197035657219316,0.0,254.00000000000006,254.00000000000006
45.00000000000037,0.1,-1.0,-1.0,0.1,-0.4,57.511833294217276,0.1278002570843598,-0.08506940232559874,0.0,255.00000000000006,254.00000000000006
45.10000000000037,0.1,-1.0,-1.0,0.1,-0.4,57.863234497251206,0.1259474826413387,-0.08905000744957983,0.0,254.00000000000006,254.00000000000006
45.20000000000037,0.1,-1.0,-1.0,0.1,-0.4,58.21467243935557,0.12557830352163668,-0.09342559094310107,0.0,254.00000000000006,254.00000000000006
45.300000000000374,0.1,-1.0,-1.0,0.1,-0.4,58.56613345948061,0.12673822211146918,-0.09766105422318323,0.0,254.00000000000006,254.00000000000006
45.400000000000375,0.1,-1.0,-1.0,0.1,-0.4,58.917608976121144,0.1292855921976134,-0.10123835220649059,0.0,254.00000000000006,254.00000000000006
45.50000000000038,0.1,-1.0,-1.0,0.1,-0.4,59.26909359864089,0.13290898727264036,-0.10371991754845103,0.0,254.00000000000006,254.00000000000006
45.60000000000038,0.1,-1.0,-1.0,0.1,-0.4,59.620583940836966,0.13716532968232617,-0.10480220168167792,0.0,254.00000000000006,254.00000000000006
45.70000000000038,0.1,-1.0,-1.0,0.1,-0.4,59.97207787564159,0.14153410837654282,-0.10435280237151692,0.0,254.00000000000006,65.00000000000001
45.80000000000038,0.1,-1.0,-1.0,0.4,-0.1,60.32357406694005,0.1454810533490403,-0.10242665007029512,0.0,255.00000000000006,254.00000000000006
45.90000000000038,0.1,0.4,0.4,0.4,-0.1,60.67507167546822,0.1485234820701185,-0.09925928167702247,0.0,254.00000000000006,254.00000000000006
46.000000000000384,0.1,0.4,0.4,0.4,-0.1,60.75509653336455,0.14907325785218103,-0.09833337549447464,0.0,254.00000000000006,255.00000000000006
46.100000000000385,0.1,0.4,0.4,0.4,-0.1,60.74863355835677,0.1490302574041738,-0.09838642608832929,0.0,255.00000000000006,254.00000000000006
46.20000000000039,0.1,0.4,0.4,0.4,-0.1,60.69229674435485,0.1486632522412968,-0.09898108409947895,0.0,254.00000000000006,254.00000000000006
46.30000000000039,0.1,0.4,0.4,0.4,-0.1,60.604629678342185,0.14802879413753084,-0.09987383118088357,0.0,254.00000000000006,254.00000000000006
46.40000000000039,0.1,0.4,0.4,0.4,-0.1,60.49728140335048,0.14714987002877825,-0.10089080078310696,0.0,254.00000000000006,255.00000000000006
46.50000000000039,0.1,0.4,0.4,0.4,-0.1,60.37756967461658,0.14604785319780836,-0.10190908735572402,0.0,255.00000000000006,254.00000000000006
46.60000000000039,0.1,0.4,0.4,0.4,-0.1,60.250091398984395,0.14474971496874284,-0.1028420290603844,0.0,254.00000000000006,255.00000000000006
46.700000000000394,0.1,0.4,0.4,0.4,-0.1,60.117734287233056,0.1432877619867005,-0.1036288838725934,0.0,254.00000000000006,254.00000000000006
46.800000000000395,0.1,0.4,0.4,0.4,-0.1,59.98231235829112,0.14169782433030445,-0.10422773261252605,0.0,254.00000000000006,255.00000000000006
46.9000000000004,0.1,0.4,0.4,0.4,-0.1,59.84496515336316,0.14001760749397862,-0.10461065556477658,0.0,254.00000000000006,255.00000000000006
47.0000000000004,0.1,0.4,0.4,0.4,-0.1,59.70640851635141,0.1382855002465753,-0.10476049960597919,0.0,254.00000000000006,230.00000000000006
47.1000000000004,0.1,0.4,0.4,0.4,-0.1,59.567092130485285,0.13653973676223444,-0.10466873512239226,0.0,254.00000000000006,1.0000000000000002
47.2000000000004,0.1,0.4,0.4,0.4,-0.1,59.42729848058284,0.13481776142002191,-0.10433403274187614,0.0,115.00000000000003,255.00000000000006
47.3000000000004,0.1,0.4,0.4,0.1,-0.4,59.28720501974451,0.13315568660511268,-0.10376129170795148,0.0,0.0,254.00000000000006
47.400000000000404,0.1,0.1,0.1,0.1,-0.4,59.14692322159832,0.1315877840429799,-0.10296093181305803,0.0,254.00000000000006,254.00000000000006
47.500000000000405,0.1,0.1,0.1,0.1,-0.4,59.06469604384236,0.1307141414691007,-0.10238235008334608,0.0,254.00000000000006,254.00000000000006
47.600000000000406,0.1,0.1,0.1,0.1,-0.4,59.00092775083191,0.13007869916755804,-0.10189022100811543,0.0,254.00000000000006,254.00000000000006
47.70000000000041,0.1,0.1,0.1,0.1,-0.4,58.947800095121465,0.12957468376399645,-0.10145023786344043,0.0,254.00000000000006,254.00000000000006
47.80000000000041,0.1,0.1,0.1,0.1,-0.4,58.90135678831231,0.12915409328817665,-0.10104446470387882,0.0,254.00000000000006,255.00000000000006
47.90000000000041,0.1,0.1,0.1,0.1,-0.4,58.85911249425774,0.12878843465472026,-0.10065906725364696,0.0,254.00000000000006,254.00000000000006
48.00000000000041,0.1,0.1,0.1,0.1,-0.4,58.81950596016428,0.12846074365945995,-0.10028425128659972,0.0,254.00000000000006,254.00000000000006
48.10000000000041,0.1,0.1,0.1,0.1,-0.4,58.781556429267624,0.12816092424196024,-0.09991340522405712,0.0,255.00000000000006,255.00000000000006
48.200000000000415,0.1,0.1,0.1,0.1,-0.4,58.74464780413962,0.12788299873792694,-0.09954221858039854,0.0,254.00000000000006,255.00000000000006
48.300000000000416,0.1,0.1,0.1,0.1,-0.4,58.708393061152236,0.12762346893742793,-0.09916797704391069,0.0,254.00000000000006,254.00000000000006
48.40000000000042,0.1,0.1,0.1,0.1,-0.4,58.67254907757624,0.1273803313257555,-0.09878904918186816,0.0,254.00000000000006,255.00000000000006
48.50000000000042,0.1,-1.0,-1.0,0.1,-0.4,58.636963127177985,0.12715248205489868,-0.09840452911898373,0.0,255.00000000000006,254.00000000000006
48.60000000000042,0.1,-1.0,-1.0,0.1,-0.4,58.8148399819571,0.12838856401227514,-0.10019357601550857,0.0,254.00000000000006,254.00000000000006
48.70000000000042,0.1,-1.0,-1.0,0.1,-0.4,59.060773684145374,0.13062054331623885,-0.10230155999906934,0.0,254.00000000000006,254.00000000000006
48.80000000000042,0.1,-1.0,-1.0,0.1,-0.4,59.34595819004937,0.13376112337929696,-0.10398377833442027,0.0,254.00000000000006,254.00000000000006
48.900000000000425,0.1,-1.0,-1.0,0.1,-0.4,59.6557997148186,0.13755973110293768,-0.10473166509930433,0.0,197.00000000000006,254.00000000000006
49.000000000000426,0.1,-1.0,-1.0,0.1,-0.4,59.98113045222694,0.14159412585398212,-0.1042320745980461,0.0,254.00000000000006,1.0000000000000002
49.10000000000043,0.1,-1.0,-1.0,0.4,-0.1,60.31619130736985,0.14535765606262113,-0.10239775286674974,0.0,254.00000000000006,254.00000000000006
49.20000000000043,0.1,-1.0,-1.0,0.4,-0.1,60.657364491332565,0.14835278796864992,-0.09936413769496961,0.0,254.00000000000006,254.00000000000006
49.30000000000043,0.1,-1.0,-1.0,0.4,-0.1,61.002377355704176,0.15017243722648502,-0.09545602753759987,0.0,255.00000000000006,254.00000000000006
49.40000000000043,0.1,-1.0,-1.0,0.4,-0.1,61.349802252241865,0.15055992487013722,-0.09113229525228382,0.0,254.00000000000006,254.00000000000006
49.50000000000043,0.1,-1.0,-1.0,0.4,-0.1,61.69874235116984,0.149443497225744,-0.08691769420940794,0.0,254.00000000000006,255.00000000000006
49.600000000000435,0.1,-1.0,-1.0,0.4,-0.1,62.04863427617382,0.14694442122772133,-0.08333055445012048,0.0,254.00000000000006,254.00000000000006
49.700000000000436,0.1,-1.0,-1.0,0.4,-0.1,62.39912412214754,0.14335997305253795,-0.08081461272101481,0.0,254.00000000000006,254.00000000000006
49.80000000000044,0.1,-1.0,-1.0,0.4,-0.1,62.74998957107409,0.13912472864017628,-0.07968235563431644,0.0,254.00000000000006,255.00000000000006
49.90000000000044,0.1,-1.0,-1.0,0.4,-0.1,63.10109096619302,0.13475548927625577,-0.08007589840327618,0.0,1.0000000000000002,254.00000000000006
50.00000000000044,0.1,-1.0,-1.0,0.1,-0.4,63.45234057740905,0.13078673583768705,-0.08194949449540131,0.0,254.00000000000006,254.00000000000006
50.10000000000044,0.1,-1.0,-1.0,0.1,-0.4,63.80368329421702,0.12770444589079452,-0.08507536434975552,0.0,254.00000000000006,255.00000000000006
50.20000000000044,0.1,-1.0,-1.0,0.1,-0.4,64.155084497251,0.12588623128666157,-0.08907187356944868,0.0,254.00000000000006,254.00000000000006
50.300000000000445,0.1,-1.0,-1.0,0.1,-0.4,64.50652243935535,0.12555497863774817,-0.09345049159501177,0.0,254.00000000000006,254.00000000000006
50.400000000000446,0.1,-1.0,-1.0,0.1,-0.4,64.85798345948032,0.12675155221535792,-0.09767574567084301,0.0,254.00000000000006,255.00000000000006
50.50000000000045,0.1,-1.0,-1.0,0.1,-0.4,65.20945897612087,0.1293298224780666,-0.10123083746566189,0.0,254.00000000000006,254.00000000000006
50.60000000000045,0.1,-1.0,-1.0,0.1,-0.4,65.56094359864055,0.13297458326965245,-0.10368091444164995,0.0,254.00000000000006,254.00000000000006
50.70000000000045,0.1,-1.0,-1.0,0.1,-0.4,65.91243394083654,0.13724014344605348,-0.10472627850982225,0.0,254.00000000000006,255.00000000000006
50.80000000000045,0.1,-1.0,-1.0,0.1,-0.4,66.26392787564119,0.1416048642858601,-0.10423904241759216,0.0,255.00000000000006,28.000000000000007
50.90000000000045,0.1,-1.0,-1.0,0.4,-0.1,66.61542406693961,0.14553497178790456,-0.10227876378285711,0.0,254.00000000000006,254.00000000000006
51.000000000000455,0.1,0.4,0.4,0.4,-0.1,66.96692167546772,0.14854984237086796,-0.09908515290650947,0.0,254.00000000000006,254.00000000000006
51.100000000000456,0.1,0.4,0.4,0.4,-0.1,67.04694653336408,0.14909157492306568,-0.09815451790216455,0.0,254.00000000000006,254.00000000000006
51.20000000000046,0.1,0.4,0.4,0.4,-0.1,67.04048355835636,0.14904903575056894,-0.09820793908560685,0.0,254.00000000000006,254.00000000000006
51.30000000000046,0.1,0.4,0.4,0.4,-0.1,66.9841467443545,0.14868719682894008,-0.09880575472156605,0.0,254.00000000000006,254.00000000000006
51.40000000000046,0.1,0.4,0.4,0.4,-0.1,66.8964796783419,0.14806049782403632,-0.09970396560662777,0.0,254.00000000000006,255.00000000000006
51.50000000000046,0.1,0.4,0.4,0.4,-0.1,66.78913140335032,0.14719041832747948,-0.1007285125457498,0.0,254.00000000000006,255.00000000000006
51.60000000000046,0.1,0.4,0.4,0.4,-0.1,66.66941967461636,0.14609726589420896,-0.10175630941154955,0.0,254.00000000000006,255.00000000000006
51.700000000000465,0.1,0.4,0.4,0.4,-0.1,66.54194139898418,0.14480725994707835,-0.10270046392349322,0.0,254.00000000000006,254.00000000000006
51.800000000000466,0.1,0.4,0.4,0.4,-0.1,66.40958428723289,0.14335217961407487,-0.1034999564135801,0.0,254.00000000000006,254.00000000000006
51.90000000000047,0.1,0.4,0.4,0.4,-0.1,66.27416235829094,0.14176749041655268,-0.10411255882281603,0.0,255.00000000000006,254.00000000000006
52.00000000000047,0.1,0.4,0.4,0.4,-0.1,66.13681515336293,0.14009065452080827,-0.10451002578141269,0.0,254.00000000000006,254.00000000000006
52.10000000000047,0.1,0.4,0.4,0.4,-0.1,65.99825851635121,0.1383599106299629,-0.10467487218717422,0.0,254.00000000000006,246.00000000000006
52.20000000000047,0.1,0.4,0.4,0.4,-0.1,65.85894213048516,0.1366134175773557,-0.1045982374633168,0.0,255.00000000000006,1.0000000000000002
52.30000000000047,0.1,0.4,0.4,0.4,-0.1,65.7191484805827,0.13488860681800027,-0.10427846784762015,0.0,162.00000000000003,254.00000000000006
52.400000000000475,0.1,0.4,0.4,0.4,-0.1,65.5790550197443,0.13322163183138602,-0.10372014950088676,0.0,1.0000000000000002,255.00000000000006
52.500000000000476,0.1,0.4,0.4,0.1,-0.4,65.4387732215983,0.13164685333965773,-0.10293340487415821,0.0,255.00000000000006,255.00000000000006
52.60000000000048,0.1,0.1,0.1,0.1,-0.4,65.29837311237591,0.13019633649270124,-0.10193332565369519,0.0,254.00000000000006,254.00000000000006
52.70000000000048,0.1,0.1,0.1,0.1,-0.4,65.21607161276371,0.12940554268593518,-0.1012443954632439,0.0,254.00000000000006,255.00000000000006
52.80000000000048,0.1,0.1,0.1,0.1,-0.4,65.15225663168272,0.12883985851623284,-0.10067261804171217,0.0,254.00000000000006,254.00000000000006
52.90000000000048,0.1,0.1,0.1,0.1,-0.4,65.09909964711038,0.12839780088078503,-0.10016992674634868,0.0,255.00000000000006,254.00000000000006
53.00000000000048,0.1,0.1,0.1,0.1,-0.4,65.05263791627952,0.12803406113755877,-0.09971219954003305,0.0,254.00000000000006,254.00000000000006
53.100000000000485,0.1,0.1,0.1,0.1,-0.4,65.01038204848633,0.12772216586597443,-0.09928195028852209,0.0,255.00000000000006,255.00000000000006
53.200000000000486,0.1,0.1,0.1,0.1,-0.4,64.97076824391446,0.12744655879172212,-0.09886722054588853,0.0,254.00000000000006,254.00000000000006
53.30000000000049,0.1,0.1,0.1,0.1,-0.4,64.9328141457923,0.12719808481178957,-0.09846011577870672,0.0,254.00000000000006,254.00000000000006
53.40000000000049,0.1,0.1,0.1,0.1,-0.4,64.89590265158776,0.12697137534576533,-0.09805556838114393,0.0,254.00000000000006,254.00000000000006
53.50000000000049,0.1,0.1,0.1,0.1,-0.4,64.85964610627946,0.12676331365309998,-0.09765042205261205,0.0,254.00000000000006,254.00000000000006
53.60000000000049,0.1,-1.0,-1.0,0.1,-0.4,64.82380099050496,0.12657212457941142,-0.09724279249255054,0.0,254.00000000000006,255.00000000000006
53.70000000000049,0.1,-1.0,-1.0,0.1,-0.4,65.00151504267616,0.12762927347144787,-0.09914071212380975,0.0,254.00000000000006,255.00000000000006
53.800000000000495,0.1,-1.0,-1.0,0.1,-0.4,65.24734647458452,0.12964681561498667,-0.1014530623347227,0.0,255.00000000000006,254.00000000000006
53.900000000000496,0.1,-1.0,-1.0,0.1,-0.4,65.53246673560648,0.13260976834971175,-0.10342999863749319,0.0,254.00000000000006,255.00000000000006
54.0000000000005,0.1,-1.0,-1.0,0.1,-0.4,65.84226790246707,0.13631795044564043,-0.10454095896912435,0.0,254.00000000000006,255.00000000000006
54.1000000000005,0.1,-1.0,-1.0,0.1,-0.4,66.16757328743644,0.140381418497651,-0.10443332652581147,0.0,54.000000000000014,254.00000000000006
54.2000000000005,0.1,-1.0,-1.0,0.1,-0.4,66.50261821639138,0.14430434998708727,-0.10297119096040369,0.0,254.00000000000006,255.00000000000006
54.3000000000005,0.1,-1.0,-1.0,0.1,-0.4,66.84378139563205,0.1475784510287645,-0.10024120288224155,0.0,255.00000000000006,254.00000000000006
54.4000000000005,0.1,-1.0,-1.0,0.1,-0.4,67.18878797508725,0.14976714120434087,-0.09652725505680149,0.0,255.00000000000006,254.00000000000006
54.500000000000504,0.1,-1.0,-1.0,0.1,-0.4,67.5362089234575,0.15057058158796258,-0.09226124238275694,0.0,254.00000000000006,254.00000000000006
54.600000000000506,0.1,-1.0,-1.0,0.1,-0.4,67.88514654214642,0.14986662864183836,-0.08795851608030743,0.0,254.00000000000006,255.00000000000006
54.70000000000051,0.1,-1.0,-1.0,0.1,-0.4,68.23503690905518,0.14772588084070748,-0.08414669475218593,0.0,254.00000000000006,255.00000000000006
54.80000000000051,0.1,-1.0,-1.0,0.1,-0.4,68.58552577622085,0.1444013345756305,-0.08129616549663402,0.0,254.00000000000006,255.00000000000006
54.90000000000051,0.1,-1.0,-1.0,0.1,-0.4,68.93639061024666,0.14029533002193662,-0.07975994905244349,0.0,254.00000000000006,254.00000000000006
55.00000000000051,0.1,-1.0,-1.0,0.1,-0.4,69.28749161907193,0.1359085139154263,-0.07972943821042432,0.0,1.0000000000000002,254.00000000000006
55.10000000000051,0.1,-1.0,-1.0,0.1,-0.4,69.63874098760652,0.13177728516498688,-0.08121075140476158,0.0,254.00000000000006,1.0000000000000002
55.200000000000514,0.1,-1.0,-1.0,0.4,-0.1,69.99008355195178,0.12840735779991777,-0.08402413844741649,0.0,254.00000000000006,254.00000000000006
55.300000000000516,0.1,-1.0,-1.0,0.4,-0.1,70.34148465919988,0.1262114553386934,-0.08782624211293395,0.0,254.00000000000006,254.00000000000006
55.40000000000052,0.1,-1.0,-1.0,0.4,-0.1,70.69292254112425,0.1254586301810289,-0.09215235721819935,0.0,255.00000000000006,254.00000000000006
55.50000000000052,0.1,-1.0,-1.0,0.4,-0.1,71.04438352343801,0.12624130053132726,-0.09647346626320359,0.0,254.00000000000006,254.00000000000006
55.60000000000052,0.1,-1.0,-1.0,0.4,-0.1,71.3958590163205,0.12846396132784005,-0.10026106862498549,0.0,254.00000000000006,254.00000000000006
55.70000000000052,0.1,-1.0,-1.0,0.4,-0.1,71.74734362391142,0.13185490338669853,-0.1030518872820117,0.0,254.00000000000006,254.00000000000006
55.80000000000052,0.1,-1.0,-1.0,0.4,-0.1,72.09883395672573,0.1359994826353874,-0.10450455775769446,0.0,254.00000000000006,255.00000000000006
55.900000000000524,0.1,-1.0,-1.0,0.4,-0.1,72.45032788563402,0.140390860024097,-0.10444138315756088,0.0,1.0000000000000002,254.00000000000006
56.000000000000526,0.1,-1.0,-1.0,0.1,-0.4,72.80182407322616,0.1444920043980578,-0.10287006150269314,0.0,254.00000000000006,254.00000000000006
56.10000000000053,0.1,0.1,0.1,0.1,-0.4,73.15332167942428,0.14780137733483548,-0.09998273651422541,0.0,254.00000000000006,255.00000000000006
56.20000000000053,0.1,0.1,0.1,0.1,-0.4,73.29151954090399,0.14881401548536982,-0.09850574506193384,0.0,255.00000000000006,255.00000000000006
56.30000000000053,0.1,0.1,0.1,0.1,-0.4,73.36176276265186,0.14923331572857457,-0.09771728025387344,0.0,254.00000000000006,254.00000000000006
56.40000000000053,0.1,0.1,0.1,0.1,-0.4,73.39281943889225,0.14939747798057404,-0.0973557853473892,0.0,254.00000000000006,254.00000000000006
56.50000000000053,0.1,0.1,0.1,0.1,-0.4,73.39925951380242,0.14942601076396456,-0.09727512527435495,0.0,254.00000000000006,254.00000000000006
56.600000000000534,0.1,0.1,0.1,0.1,-0.4,73.39023580062921,0.1493739454046607,-0.09737292704183736,0.0,254.00000000000006,255.00000000000006
56.700000000000536,0.1,0.1,0.1,0.1,-0.4,73.37149796084653,0.14926857775173813,-0.09758150517582306,0.0,254.00000000000006,255.00000000000006
56.80000000000054,0.1,0.1,0.1,0.1,-0.4,73.34665784706598,0.1491247477158112,-0.09785716121118863,0.0,255.00000000000006,254.00000000000006
56.90000000000054,0.1,0.1,0.1,0.1,-0.4,73.31798437232084,0.1489512678579514,-0.09817197701866665,0.0,254.00000000000006,254.00000000000006
57.00000000000054,0.1,0.1,0.1,0.1,-0.4,73.28690283488126,0.1487537512693971,-0.09850818523902737,0.0,254.00000000000006,254.00000000000006
57.10000000000054,0.1,0.1,0.1,0.1,-0.4,73.25430858659534,0.14853595393488364,-0.09885447157322083,0.0,254.00000000000006,254.00000000000006
57.20000000000054,0.1,0.1,0.1,0.1,-0.4,73.22076407467632,0.1483004774687419,-0.09920359580847644,0.0,254.00000000000006,254.00000000000006
57.300000000000544,0.1,0.1,0.1,0.1,-0.4,73.18662262045436,0.14804917489437497,-0.09955087892392644,0.0,254.00000000000006,254.00000000000006
57.400000000000546,0.1,0.1,0.1,0.1,-0.4,73.15210617538293,0.1477834037882512,-0.09989324804668193,0.0,254.00000000000006,254.00000000000006
57.50000000000055,0.1,0.1,0.1,0.1,-0.4,73.1173541662359,0.14750419215881888,-0.10022863667435003,0.0,254.00000000000006,254.00000000000006
57.60000000000055,0.1,0.1,0.1,0.1,-0.4,73.08245417895712,0.14721234993630697,-0.10055560948270284,0.0,254.00000000000006,254.00000000000006
57.70000000000055,0.1,0.1,0.1,0.1,-0.4,73.04746123381554,0.14690854462844347,-0.1008731283682872,0.0,254.00000000000006,255.00000000000006
57.80000000000055,0.1,0.1,0.1,0.1,-0.4,73.0124098937819,0.1465933526770625,-0.10118040696315206,0.0,254.00000000000006,255.00000000000006
57.90000000000055,0.1,0.1,0.1,0.1,-0.4,72.97732187083999,0.1462672941510934,-0.10147682040007508,0.0,254.00000000000006,254.00000000000006
58.000000000000554,0.1,0.1,0.1,0.1,-0.4,72.94221080416271,0.1459308559956438,-0.10176184949433834,0.0,254.00000000000006,254.00000000000006
58.100000000000556,0.1,0.1,0.1,0.1,-0.4,72.90708526169533,0.1455845074488945,-0.10203504631748533,0.0,254.00000000000006,254.00000000000006
58.20000000000056,0.1,0.1,0.1,0.1,-0.4,72.87195062570795,0.14522871012861122,-0.1022960130412513,0.0,254.00000000000006,255.00000000000006
58.30000000000056,0.1,0.1,0.1,0.1,-0.4,72.83681027727322,0.14486392451393293,-0.10254438899789911,0.0,254.00000000000006,254.00000000000006
58.40000000000056,0.1,0.1,0.1,0.1,-0.4,72.80166634033814,0.14449061400506755,-0.1027798428180847,0.0,254.00000000000006,254.00000000000006
58.50000000000056,0.1,0.1,0.1,0.1,-0.4,72.76652014914052,0.1441092473655824,-0.10300206769990874,0.0,254.00000000000006,254.00000000000006
58.60000000000056,0.1,0.1,0.1,0.1,-0.4,72.73137254183303,0.14372030009090217,-0.10321077860405203,0.0,255.00000000000006,254.00000000000006
58.700000000000564,0.1,-1.0,-1.0,0.1,-0.4,72.69622404493431,0.14332425506773333,-0.10340571062982132,0.0,254.00000000000006,254.00000000000006
58.800000000000566,0.1,-1.0,-1.0,0.1,-0.4,72.87437569693492,0.14520703442041333,-0.10231081085593328,0.0,254.00000000000006,254.00000000000006
58.90000000000057,0.1,-1.0,-1.0,0.1,-0.4,73.12048202274379,0.14748331680305216,-0.10024751636669291,0.0,254.00000000000006,254.00000000000006
59.00000000000057,0.1,-1.0,-1.0,0.1,-0.4,73.40577496875989,0.1494042023827929,-0.09724535374224914,0.0,254.00000000000006,254.00000000000006
59.10000000000057,0.1,-1.0,-1.0,0.1,-0.4,73.7156846146378,0.15044359264813847,-0.09351506994048206,0.0,255.00000000000006,254.00000000000006
59.20000000000057,0.1,-1.0,-1.0,0.1,-0.4,74.0410581453225,0.15025694624859723,-0.08945361235037173,0.0,254.00000000000006,255.00000000000006
59.30000000000057,0.1,-1.0,-1.0,0.1,-0.4,74.37614588308894,0.14871838621414085,-0.08555944550631718,0.0,254.00000000000006,254.00000000000006
59.400000000000574,0.1,-1.0,-1.0,0.1,-0.4,74.71733595474761,0.14592471757452896,-0.0823390658460522,0.0,254.00000000000006,254.00000000000006
59.500000000000576,0.1,-1.0,-1.0,0.1,-0.4,75.06235942806718,0.14216847059482896,-0.08022336374767934,0.0,254.00000000000006,254.00000000000006
59.60000000000058,0.1,-1.0,-1.0,0.1,-0.4,75.40979098926702,0.13788741139741625,-0.07950360050733321,0.0,254.00000000000006,254.00000000000006
59.70000000000058,0.1,-1.0,-1.0,0.1,-0.4,75.75873527505891,0.133599223335794,-0.08029174340470253,0.0,254.00000000000006,254.00000000000006
59.80000000000058,0.1,-1.0,-1.0,0.1,-0.4,76.10862983036535,0.12983005170577233,-0.08250682421516252,0.0,254.00000000000006,254.00000000000006
59.90000000000058,0.1,-1.0,-1.0,0.1,-0.4,76.45912132879673,0.1270452318030852,-0.08588664504743655,0.0,254.00000000000006,254.00000000000006
